brand,model,color,size,sku,stock,price,image,warehouse
"FENDI","FENDI","BROWN","42","FEFE-BRO-42","6","120.00","https://res.cloudinary.com/dxqypizph/image/upload/v1775432306/products/131/1775432305295-646181978_122126152455027433_1939640591929414516_n.jpg","all"
"FENDI","FENDI","BROWN","43","FEFE-BRO-43","8","120.00","https://res.cloudinary.com/dxqypizph/image/upload/v1775432306/products/131/1775432305295-646181978_122126152455027433_1939640591929414516_n.jpg","all"
"FENDI","FENDI","BROWN","44","FEFE-BRO-44","4","120.00","https://res.cloudinary.com/dxqypizph/image/upload/v1775432306/products/131/1775432305295-646181978_122126152455027433_1939640591929414516_n.jpg","all"
"FENDI","FENDI","BROWN","45","FEFE-BRO-45","4","120.00","https://res.cloudinary.com/dxqypizph/image/upload/v1775432306/products/131/1775432305295-646181978_122126152455027433_1939640591929414516_n.jpg","all"
"FENDI","FENDI","CREAM","40","FEFE-CRE-40","2","120.00","https://res.cloudinary.com/dxqypizph/image/upload/v1775432387/products/131/1775432386338-648479920_122126154381027433_1761003250376045186_n.jpg","all"
"FENDI","FENDI","CREAM","41","FEFE-CRE-41","1","120.00","https://res.cloudinary.com/dxqypizph/image/upload/v1775432387/products/131/1775432386338-648479920_122126154381027433_1761003250376045186_n.jpg","all"
"FENDI","FENDI","CREAM","42","FEFE-CRE-42","8","120.00","https://res.cloudinary.com/dxqypizph/image/upload/v1775432387/products/131/1775432386338-648479920_122126154381027433_1761003250376045186_n.jpg","all"
"FENDI","FENDI","CREAM","43","FEFE-CRE-43","11","120.00","https://res.cloudinary.com/dxqypizph/image/upload/v1775432387/products/131/1775432386338-648479920_122126154381027433_1761003250376045186_n.jpg","all"
"FENDI","FENDI","CREAM","44","FEFE-CRE-44","7","120.00","https://res.cloudinary.com/dxqypizph/image/upload/v1775432387/products/131/1775432386338-648479920_122126154381027433_1761003250376045186_n.jpg","all"
"FENDI","FENDI","CREAM","45","FEFE-CRE-45","6","120.00","https://res.cloudinary.com/dxqypizph/image/upload/v1775432387/products/131/1775432386338-648479920_122126154381027433_1761003250376045186_n.jpg","all"
"FENDI","FENDI","PINK","40","FEFE-PIN-40","2","100.00","https://res.cloudinary.com/dxqypizph/image/upload/v1775433199/products/131/1775433198548-download-21.jpg","all"
"FENDI","FENDI","PINK","41","FEFE-PIN-41","3","100.00","https://res.cloudinary.com/dxqypizph/image/upload/v1775433199/products/131/1775433198548-download-21.jpg","all"
"FENDI","FENDI","PINK","42","FEFE-PIN-42","4","100.00","https://res.cloudinary.com/dxqypizph/image/upload/v1775433199/products/131/1775433198548-download-21.jpg","all"
"FENDI","FENDI","PINK","43","FEFE-PIN-43","4","100.00","https://res.cloudinary.com/dxqypizph/image/upload/v1775433199/products/131/1775433198548-download-21.jpg","all"
"FENDI","FENDI","PINK","44","FEFE-PIN-44","4","100.00","https://res.cloudinary.com/dxqypizph/image/upload/v1775433199/products/131/1775433198548-download-21.jpg","all"
"FENDI","FENDI","PINK","45","FEFE-PIN-45","2","100.00","https://res.cloudinary.com/dxqypizph/image/upload/v1775433199/products/131/1775433198548-download-21.jpg","all"
"FENDI","FENDI","WHITE","40","FEFE-WHI-40","1","100.00","https://res.cloudinary.com/dxqypizph/image/upload/v1775432850/products/131/1775432850000-images-7.jpg","all"
"FENDI","FENDI","WHITE","41","FEFE-WHI-41","1","100.00","https://res.cloudinary.com/dxqypizph/image/upload/v1775432850/products/131/1775432850000-images-7.jpg","all"
"FENDI","FENDI","WHITE","42","FEFE-WHI-42","3","100.00","https://res.cloudinary.com/dxqypizph/image/upload/v1775432850/products/131/1775432850000-images-7.jpg","all"
"FENDI","FENDI","WHITE","43","FEFE-WHI-43","3","100.00","https://res.cloudinary.com/dxqypizph/image/upload/v1775432850/products/131/1775432850000-images-7.jpg","all"
"FENDI","FENDI","WHITE","44","FEFE-WHI-44","4","100.00","https://res.cloudinary.com/dxqypizph/image/upload/v1775432850/products/131/1775432850000-images-7.jpg","all"
"FENDI","FENDI","WHITE","45","FEFE-WHI-45","2","100.00","https://res.cloudinary.com/dxqypizph/image/upload/v1775432850/products/131/1775432850000-images-7.jpg","all"
"FENDI","FENDI","YELLOW","41","FEFE-YEL-41","1","100.00","https://res.cloudinary.com/dxqypizph/image/upload/v1775433156/products/131/1775433156078-images-6.jpg","all"
"FENDI","FENDI","YELLOW","42","FEFE-YEL-42","2","100.00","https://res.cloudinary.com/dxqypizph/image/upload/v1775433156/products/131/1775433156078-images-6.jpg","all"
"FENDI","FENDI","YELLOW","43","FEFE-YEL-43","2","100.00","https://res.cloudinary.com/dxqypizph/image/upload/v1775433156/products/131/1775433156078-images-6.jpg","all"
"FENDI","FENDI","YELLOW","44","FEFE-YEL-44","3","100.00","https://res.cloudinary.com/dxqypizph/image/upload/v1775433156/products/131/1775433156078-images-6.jpg","all"
"FENDI","FENDI","YELLOW","45","FEFE-YEL-45","2","100.00","https://res.cloudinary.com/dxqypizph/image/upload/v1775433156/products/131/1775433156078-images-6.jpg","all"
"FENDI","FENDI SANDALE","BROWN","36","FEFESA-BRO-36","5","70.00","https://res.cloudinary.com/dxqypizph/image/upload/v1775485407/products/133/1775485407180-647102076_122126140923027433_7613716947222559295_n-1.jpg","all"
"FENDI","FENDI SANDALE","BROWN","37","FEFESA-BRO-37","1","70.00","https://res.cloudinary.com/dxqypizph/image/upload/v1775485407/products/133/1775485407180-647102076_122126140923027433_7613716947222559295_n-1.jpg","all"
"FENDI","FENDI SANDALE","BROWN","38","FEFESA-BRO-38","9","70.00","https://res.cloudinary.com/dxqypizph/image/upload/v1775485407/products/133/1775485407180-647102076_122126140923027433_7613716947222559295_n-1.jpg","all"
"FENDI","FENDI SANDALE","BROWN","39","FEFESA-BRO-39","4","70.00","https://res.cloudinary.com/dxqypizph/image/upload/v1775485407/products/133/1775485407180-647102076_122126140923027433_7613716947222559295_n-1.jpg","all"
"FENDI","FENDI SANDALE","BROWN CREAM","36","FEFESA-BRCR-36","3","70.00","https://res.cloudinary.com/dxqypizph/image/upload/v1775599210/products/133/1775599209764-na.jpg","all"
"FENDI","FENDI SANDALE","BROWN CREAM","37","FEFESA-BRCR-37","3","70.00","https://res.cloudinary.com/dxqypizph/image/upload/v1775599210/products/133/1775599209764-na.jpg","all"
"FENDI","FENDI SANDALE","BROWN CREAM","38","FEFESA-BRCR-38","6","70.00","https://res.cloudinary.com/dxqypizph/image/upload/v1775599210/products/133/1775599209764-na.jpg","all"
"FENDI","FENDI SANDALE","BROWN CREAM","39","FEFESA-BRCR-39","6","70.00","https://res.cloudinary.com/dxqypizph/image/upload/v1775599210/products/133/1775599209764-na.jpg","all"
"FENDI","FENDI SANDALE","BROWN CREAM","40","FEFESA-BRCR-40","3","70.00","https://res.cloudinary.com/dxqypizph/image/upload/v1775599210/products/133/1775599209764-na.jpg","all"
"FENDI","FENDI SANDALE","BROWN WHITE","37","FEFESA-BRWH-37","1","70.00","https://res.cloudinary.com/dxqypizph/image/upload/v1775486186/products/133/1775486186127-images-12.jpg","all"
"FENDI","FENDI SANDALE","BROWN WHITE","38","FEFESA-BRWH-38","2","70.00","https://res.cloudinary.com/dxqypizph/image/upload/v1775486186/products/133/1775486186127-images-12.jpg","all"
"FENDI","FENDI SANDALE","BROWN WHITE","39","FEFESA-BRWH-39","3","70.00","https://res.cloudinary.com/dxqypizph/image/upload/v1775486186/products/133/1775486186127-images-12.jpg","all"
"FENDI","FENDI SANDALE","E ZEZ","36","FEFESA-EZE-36","1","70.00","https://res.cloudinary.com/dxqypizph/image/upload/v1775485752/products/133/1775485752003-download-27.jpg","all"
"FENDI","FENDI SANDALE","E ZEZ","37","FEFESA-EZE-37","1","70.00","https://res.cloudinary.com/dxqypizph/image/upload/v1775485752/products/133/1775485752003-download-27.jpg","all"
"FENDI","FENDI SANDALE","E ZEZ","39","FEFESA-EZE-39","1","70.00","https://res.cloudinary.com/dxqypizph/image/upload/v1775485752/products/133/1775485752003-download-27.jpg","all"
"FENDI","FENDI SANDALE","WHITE","36","FEFESA-WHI-36","3","70.00","https://res.cloudinary.com/dxqypizph/image/upload/v1775486098/products/133/1775486097664-images-11.jpg","all"
"FENDI","FENDI SANDALE","WHITE","37","FEFESA-WHI-37","5","70.00","https://res.cloudinary.com/dxqypizph/image/upload/v1775486098/products/133/1775486097664-images-11.jpg","all"
"FENDI","FENDI SANDALE","WHITE","38","FEFESA-WHI-38","6","70.00","https://res.cloudinary.com/dxqypizph/image/upload/v1775486098/products/133/1775486097664-images-11.jpg","all"
"FENDI","FENDI SANDALE","WHITE","39","FEFESA-WHI-39","5","70.00","https://res.cloudinary.com/dxqypizph/image/upload/v1775486098/products/133/1775486097664-images-11.jpg","all"
"FENDI","FENDI SANDALE","WHITE","40","FEFESA-WHI-40","1","70.00","https://res.cloudinary.com/dxqypizph/image/upload/v1775486098/products/133/1775486097664-images-11.jpg","all"
"FENDI","FENDI SANDALE","WHUTE GOLD","36","FEFESA-WHGO-36","2","70.00","https://res.cloudinary.com/dxqypizph/image/upload/v1775599179/products/133/1775599179357-mmmm.jpg","all"
"FENDI","FENDI SANDALE","WHUTE GOLD","37","FEFESA-WHGO-37","4","70.00","https://res.cloudinary.com/dxqypizph/image/upload/v1775599179/products/133/1775599179357-mmmm.jpg","all"
"FENDI","FENDI SANDALE","WHUTE GOLD","38","FEFESA-WHGO-38","7","70.00","https://res.cloudinary.com/dxqypizph/image/upload/v1775599179/products/133/1775599179357-mmmm.jpg","all"
"FENDI","FENDI SANDALE","WHUTE GOLD","39","FEFESA-WHGO-39","5","70.00","https://res.cloudinary.com/dxqypizph/image/upload/v1775599179/products/133/1775599179357-mmmm.jpg","all"
"FENDI","FENDI SANDALE","WHUTE GOLD","40","FEFESA-WHGO-40","3","70.00","https://res.cloudinary.com/dxqypizph/image/upload/v1775599179/products/133/1775599179357-mmmm.jpg","all"
"NIKE","AIR MAX 95","BLACK","42","NIAIMA-BLA-42-2","6","55.00","https://res.cloudinary.com/dxqypizph/image/upload/v1775433754/products/132/1775433754075-659113682_122128576239027433_4500420321602391427_n.jpg","all"
"NIKE","AIR MAX 95","BLACK","43","NIAIMA-BLA-43-2","8","55.00","https://res.cloudinary.com/dxqypizph/image/upload/v1775433754/products/132/1775433754075-659113682_122128576239027433_4500420321602391427_n.jpg","all"
"NIKE","AIR MAX 95","BLACK","44","NIAIMA-BLA-44-2","10","55.00","https://res.cloudinary.com/dxqypizph/image/upload/v1775433754/products/132/1775433754075-659113682_122128576239027433_4500420321602391427_n.jpg","all"
"NIKE","AIR MAX 95","WHITE","40","NIAIMA-WHI-40-2","1","55.00","https://res.cloudinary.com/dxqypizph/image/upload/v1775433678/products/132/1775433677790-657232990_122128576599027433_8834713621061267207_n-1.jpg","all"
"NIKE","AIR MAX 95","WHITE","41","NIAIMA-WHI-41-2","1","55.00","https://res.cloudinary.com/dxqypizph/image/upload/v1775433678/products/132/1775433677790-657232990_122128576599027433_8834713621061267207_n-1.jpg","all"
"NIKE","AIR MAX 95","WHITE","42","NIAIMA-WHI-42-2","3","55.00","https://res.cloudinary.com/dxqypizph/image/upload/v1775433678/products/132/1775433677790-657232990_122128576599027433_8834713621061267207_n-1.jpg","all"
"NIKE","AIR MAX 95","WHITE","43","NIAIMA-WHI-43-2","2","55.00","https://res.cloudinary.com/dxqypizph/image/upload/v1775433678/products/132/1775433677790-657232990_122128576599027433_8834713621061267207_n-1.jpg","all"
"NIKE","AIR MAX 95","WHITE","44","NIAIMA-WHI-44-2","3","55.00","https://res.cloudinary.com/dxqypizph/image/upload/v1775433678/products/132/1775433677790-657232990_122128576599027433_8834713621061267207_n-1.jpg","all"
"NIKE","AIR MAX 95","e zez","40","NIAIMA-EZE-40-3","4","50.00","https://res.cloudinary.com/dxqypizph/image/upload/v1776710900/products/132/1776710900363-659113682_122128576239027433_4500420321602391427_n.jpg","all"
"NIKE","AIR MAX 95","e zez","41","NIAIMA-EZE-41-3","4","50.00","https://res.cloudinary.com/dxqypizph/image/upload/v1776710900/products/132/1776710900363-659113682_122128576239027433_4500420321602391427_n.jpg","all"
"NIKE","AIR MAX 95","e zez","45","NIAIMA-EZE-45-3","2","50.00","https://res.cloudinary.com/dxqypizph/image/upload/v1776710900/products/132/1776710900363-659113682_122128576239027433_4500420321602391427_n.jpg","all"
"adidas","campus","black","37","ADCA-BLA-37","1","50.00","https://res.cloudinary.com/dxqypizph/image/upload/v1775311009/products/76/1775311009408-643901486_122125505799027433_2532555022917591761_n.jpg","all"
"adidas","campus","black","39","ADCA-BLA-39","4","50.00","https://res.cloudinary.com/dxqypizph/image/upload/v1775311009/products/76/1775311009408-643901486_122125505799027433_2532555022917591761_n.jpg","all"
"adidas","campus","green","37","ADCA-GRE-37","6","50.00","https://res.cloudinary.com/dxqypizph/image/upload/v1775400978/products/76/1775400977763-645735868_122125508007027433_3512354926381249037_n.jpg","all"
"adidas","campus","green","38","ADCA-GRE-38","6","50.00","https://res.cloudinary.com/dxqypizph/image/upload/v1775400978/products/76/1775400977763-645735868_122125508007027433_3512354926381249037_n.jpg","all"
"adidas","campus","green","39","ADCA-GRE-39","4","50.00","https://res.cloudinary.com/dxqypizph/image/upload/v1775400978/products/76/1775400977763-645735868_122125508007027433_3512354926381249037_n.jpg","all"
"adidas","campus","pink","37","ADCA-PIN-37","5","50.00","https://res.cloudinary.com/dxqypizph/image/upload/v1775409424/products/76/1775409424604-648831827_122126117235027433_8957325373617278781_n.jpg","all"
"adidas","campus","pink","38","ADCA-PIN-38","4","50.00","https://res.cloudinary.com/dxqypizph/image/upload/v1775409424/products/76/1775409424604-648831827_122126117235027433_8957325373617278781_n.jpg","all"
"adidas","campus","pink","39","ADCA-PIN-39","4","50.00","https://res.cloudinary.com/dxqypizph/image/upload/v1775409424/products/76/1775409424604-648831827_122126117235027433_8957325373617278781_n.jpg","all"
"adidas","campus","pink","40","ADCA-PIN-40","1","50.00","https://res.cloudinary.com/dxqypizph/image/upload/v1775409424/products/76/1775409424604-648831827_122126117235027433_8957325373617278781_n.jpg","all"
"adidas","gazell","E kremt","36","ADGA-EKR-36","1","50.00","https://res.cloudinary.com/dxqypizph/image/upload/v1777474482/products/64/1777474481350-img_7625.png","all"
"adidas","gazell","PINK","36","ADGA-PIN-36","3","50.00","https://res.cloudinary.com/dxqypizph/image/upload/v1775436590/products/64/1775436589300-642751802_122125505199027433_607184985175242306_n.jpg","all"
"adidas","gazell","PINK","37","ADGA-PIN-37-2","3","50.00","https://res.cloudinary.com/dxqypizph/image/upload/v1775436590/products/64/1775436589300-642751802_122125505199027433_607184985175242306_n.jpg","all"
"adidas","gazell","PINK","39","ADGA-PIN-39","3","50.00","https://res.cloudinary.com/dxqypizph/image/upload/v1775436590/products/64/1775436589300-642751802_122125505199027433_607184985175242306_n.jpg","all"
"adidas","gazell","PINK","40","ADGA-PIN-40","2","50.00","https://res.cloudinary.com/dxqypizph/image/upload/v1775436590/products/64/1775436589300-642751802_122125505199027433_607184985175242306_n.jpg","all"
"adidas","gazell","green","36","ADGA-GRE-36-2","3","50.00","https://res.cloudinary.com/dxqypizph/image/upload/v1775512683/products/64/1775512683353-ee.jpg","all"
"adidas","gazell","green","37","ADGA-GRE-37-2","6","50.00","https://res.cloudinary.com/dxqypizph/image/upload/v1775512683/products/64/1775512683353-ee.jpg","all"
"adidas","gazell","green","38","ADGA-GRE-38-3","5","50.00","https://res.cloudinary.com/dxqypizph/image/upload/v1775512683/products/64/1775512683353-ee.jpg","all"
"adidas","gazell","green","39","ADGA-GRE-39-3","7","50.00","https://res.cloudinary.com/dxqypizph/image/upload/v1775512683/products/64/1775512683353-ee.jpg","all"
"adidas","gazell","green","40","ADGA-GRE-40","1","50.00","https://res.cloudinary.com/dxqypizph/image/upload/v1775512683/products/64/1775512683353-ee.jpg","all"
"adidas","gazell","grey","39","ADGA-GRE-39","1","50.00","https://res.cloudinary.com/dxqypizph/image/upload/v1775400136/products/64/1775400136090-642130881_122125505667027433_7324548435463001699_n.jpg","all"
"adidas","gazell","pink/white","37","ADGA-PIN-37","3","50.00","https://res.cloudinary.com/dxqypizph/image/upload/v1775302340/products/64/1775302339744-645198854_122125507731027433_7900189078857774376_n.jpg","all"
"adidas","gazell","pink/white","38","ADGA-PIN-38","5","50.00","https://res.cloudinary.com/dxqypizph/image/upload/v1775302340/products/64/1775302339744-645198854_122125507731027433_7900189078857774376_n.jpg","all"
"adidas","gazell","red","36","ADGA-RED-36","2","50.00","https://res.cloudinary.com/dxqypizph/image/upload/v1775400348/products/64/1775400348106-644208621_122125505583027433_9011494718147906267_n-1.jpg","all"
"adidas","gazell","red","37","ADGA-RED-37","4","50.00","https://res.cloudinary.com/dxqypizph/image/upload/v1775400348/products/64/1775400348106-644208621_122125505583027433_9011494718147906267_n-1.jpg","all"
"adidas","gazell","red","38","ADGA-RED-38","2","50.00","https://res.cloudinary.com/dxqypizph/image/upload/v1775400348/products/64/1775400348106-644208621_122125505583027433_9011494718147906267_n-1.jpg","all"
"adidas","gazell","red","39","ADGA-RED-39","5","50.00","https://res.cloudinary.com/dxqypizph/image/upload/v1775400348/products/64/1775400348106-644208621_122125505583027433_9011494718147906267_n-1.jpg","all"
"adidas","gazell","red","40","ADGA-RED-40","2","50.00","https://res.cloudinary.com/dxqypizph/image/upload/v1775400348/products/64/1775400348106-644208621_122125505583027433_9011494718147906267_n-1.jpg","all"
"adidas","gazell","white","36","ADGA-WHI-36","1","50.00","https://res.cloudinary.com/dxqypizph/image/upload/v1775400069/products/64/1775400069133-645310418_122125504611027433_7189645090386982251_n.jpg","all"
"adidas","gazell","white","37","ADGA-WHI-37","1","50.00","https://res.cloudinary.com/dxqypizph/image/upload/v1775400069/products/64/1775400069133-645310418_122125504611027433_7189645090386982251_n.jpg","all"
"adidas","gazell","white","40","ADGA-WHI-40","1","50.00","https://res.cloudinary.com/dxqypizph/image/upload/v1775400069/products/64/1775400069133-645310418_122125504611027433_7189645090386982251_n.jpg","all"
"adidas","gazelle cream/blue","cream/blue","37","ADGACR-CRE-37","2","50.00","https://res.cloudinary.com/dxqypizph/image/upload/v1774967087/products/15/1774967086663-639500649_122124358419027433_5078699174564759761_n.jpg","all"
"adidas","gazelle cream/blue","green","36","ADGACR-GRE-36","2","50.00","https://res.cloudinary.com/dxqypizph/image/upload/v1775518224/products/15/1775518224244-645337361_122125517841027433_5619587108198275314_n.jpg","all"
"adidas","gazelle cream/blue","green","37","ADGACR-GRE-37","9","50.00","https://res.cloudinary.com/dxqypizph/image/upload/v1775518224/products/15/1775518224244-645337361_122125517841027433_5619587108198275314_n.jpg","all"
"adidas","gazelle cream/blue","green","38","ADGACR-GRE-38","4","50.00","https://res.cloudinary.com/dxqypizph/image/upload/v1775518224/products/15/1775518224244-645337361_122125517841027433_5619587108198275314_n.jpg","all"
"adidas","gazelle cream/blue","green","39","ADGACR-GRE-39","6","50.00","https://res.cloudinary.com/dxqypizph/image/upload/v1775518224/products/15/1775518224244-645337361_122125517841027433_5619587108198275314_n.jpg","all"
"adidas","gazelle cream/blue","green","40","ADGACR-GRE-40","2","50.00","https://res.cloudinary.com/dxqypizph/image/upload/v1775518224/products/15/1775518224244-645337361_122125517841027433_5619587108198275314_n.jpg","all"
"adidas","gazelle cream/blue","white blue","41","ADGACR-WHBL-41","1","50.00","https://res.cloudinary.com/dxqypizph/image/upload/v1776024403/products/15/1776024403313-639500649_122124358419027433_5078699174564759761_n.jpg","all"
"adidas","samba","E KUQE","37","ADSA-EKU-37","2","50.00","https://res.cloudinary.com/dxqypizph/image/upload/v1775438017/products/61/1775438016674-644566103_122125505373027433_3140331302430014126_n.jpg","all"
"adidas","samba","E KUQE","39","ADSA-EKU-39","1","50.00","https://res.cloudinary.com/dxqypizph/image/upload/v1775438017/products/61/1775438016674-644566103_122125505373027433_3140331302430014126_n.jpg","all"
"adidas","samba","bllack/white","36","ADSA-BLL-36","1","50.00","https://res.cloudinary.com/dxqypizph/image/upload/v1775314356/products/89/1775314356575-download-2.jpg","all"
"adidas","samba","grey","36","ADSA-GRE-36","1","50.00","https://res.cloudinary.com/dxqypizph/image/upload/v1775400252/products/61/1775400252092-645186434_122125507923027433_3706289403539376159_n.jpg","all"
"adidas","samba","grey","37","ADSA-GRE-37","2","50.00","https://res.cloudinary.com/dxqypizph/image/upload/v1775400252/products/61/1775400252092-645186434_122125507923027433_3706289403539376159_n.jpg","all"
"adidas","samba","heart","37","ADSA-HEA-37","1","50.00","https://res.cloudinary.com/dxqypizph/image/upload/v1776720376/products/61/1776720376173-images-21.jpg","all"
"adidas","samba","pink/blue","36","ADSA-PIN-36","1","50.00","https://res.cloudinary.com/dxqypizph/image/upload/v1775400514/products/61/1775400514230-643901494_122125508139027433_2972500338797587628_n.jpg","all"
"adidas","samba","pink/blue","37","ADSA-PIN-37","3","50.00","https://res.cloudinary.com/dxqypizph/image/upload/v1775400514/products/61/1775400514230-643901494_122125508139027433_2972500338797587628_n.jpg","all"
"adidas","samba","pink/blue","38","ADSA-PIN-38","6","50.00","https://res.cloudinary.com/dxqypizph/image/upload/v1775400514/products/61/1775400514230-643901494_122125508139027433_2972500338797587628_n.jpg","all"
"adidas","samba","pink/blue","39","ADSA-PIN-39","1","50.00","https://res.cloudinary.com/dxqypizph/image/upload/v1775400514/products/61/1775400514230-643901494_122125508139027433_2972500338797587628_n.jpg","all"
"adidas","samba","white blak","36","ADSA-WHBL-36","2","50.00","https://res.cloudinary.com/dxqypizph/image/upload/v1777582496/products/61/1777582495540-2222.jpg","all"
"adidas","samba","white blak","37","ADSA-WHBL-37","5","50.00","https://res.cloudinary.com/dxqypizph/image/upload/v1777582496/products/61/1777582495540-2222.jpg","all"
"adidas","samba","white blak","38","ADSA-WHBL-38","4","50.00","https://res.cloudinary.com/dxqypizph/image/upload/v1777582496/products/61/1777582495540-2222.jpg","all"
"adidas","samba","white blak","39","ADSA-WHBL-39","3","50.00","https://res.cloudinary.com/dxqypizph/image/upload/v1777582496/products/61/1777582495540-2222.jpg","all"
"adidas","samba","white blak","40","ADSA-WHBL-40","2","50.00","https://res.cloudinary.com/dxqypizph/image/upload/v1777582496/products/61/1777582495540-2222.jpg","all"
"adidas","spezial","brown white","36","ADSP-BRWH-36","4","50.00","https://res.cloudinary.com/dxqypizph/image/upload/v1777582868/products/142/1777582868090-dit.jpg","all"
"adidas","spezial","brown white","37","ADSP-BRWH-37","6","50.00","https://res.cloudinary.com/dxqypizph/image/upload/v1777582868/products/142/1777582868090-dit.jpg","all"
"adidas","spezial","brown white","38","ADSP-BRWH-38","3","50.00","https://res.cloudinary.com/dxqypizph/image/upload/v1777582868/products/142/1777582868090-dit.jpg","all"
"adidas","spezial","brown white","39","ADSP-BRWH-39","4","50.00","https://res.cloudinary.com/dxqypizph/image/upload/v1777582868/products/142/1777582868090-dit.jpg","all"
"adidas","spezial","brown white","40","ADSP-BRWH-40","4","50.00","https://res.cloudinary.com/dxqypizph/image/upload/v1777582868/products/142/1777582868090-dit.jpg","all"
"adidas","spezial","red","36","ADSP-RED-36","1","50.00","https://res.cloudinary.com/dxqypizph/image/upload/v1777583209/products/142/1777583208551-888.jpg","all"
"adidas","spezial","red","37","ADSP-RED-37","5","50.00","https://res.cloudinary.com/dxqypizph/image/upload/v1777583209/products/142/1777583208551-888.jpg","all"
"adidas","spezial","red","38","ADSP-RED-38","5","50.00","https://res.cloudinary.com/dxqypizph/image/upload/v1777583209/products/142/1777583208551-888.jpg","all"
"adidas","spezial","red","39","ADSP-RED-39","3","50.00","https://res.cloudinary.com/dxqypizph/image/upload/v1777583209/products/142/1777583208551-888.jpg","all"
"adidas","sporty rich","blue","37","ADSPRI-BLU-37","7","50.00","https://res.cloudinary.com/dxqypizph/image/upload/v1775302451/products/65/1775302450961-645390434_122125507539027433_4513956914774365318_n.jpg","all"
"adidas","sporty rich","blue","38","ADSPRI-BLU-38","7","50.00","https://res.cloudinary.com/dxqypizph/image/upload/v1775302451/products/65/1775302450961-645390434_122125507539027433_4513956914774365318_n.jpg","all"
"adidas","sporty rich","browne","36","ADSPRI-BRO-36","1","50.00","https://res.cloudinary.com/dxqypizph/image/upload/v1777582313/products/62/1777582313209-444.jpg","all"
"adidas","sporty rich","browne","37","ADSPRI-BRO-37","4","50.00","https://res.cloudinary.com/dxqypizph/image/upload/v1777582313/products/62/1777582313209-444.jpg","all"
"adidas","sporty rich","browne","38","ADSPRI-BRO-38","1","50.00","https://res.cloudinary.com/dxqypizph/image/upload/v1777582313/products/62/1777582313209-444.jpg","all"
"adidas","sporty rich","browne","39","ADSPRI-BRO-39","3","50.00","https://res.cloudinary.com/dxqypizph/image/upload/v1777582313/products/62/1777582313209-444.jpg","all"
"adidas","sporty rich","browne","40","ADSPRI-BRO-40","1","50.00","https://res.cloudinary.com/dxqypizph/image/upload/v1777582313/products/62/1777582313209-444.jpg","all"
"adidas","sporty rich","green","36","ADSPRI-GRE-36","3","50.00","https://res.cloudinary.com/dxqypizph/image/upload/v1775310654/products/74/1775310653707-634979724_122124150237027433_994908632350253982_n.jpg","all"
"adidas","sporty rich","green","37","ADSPRI-GRE-37","13","50.00","https://res.cloudinary.com/dxqypizph/image/upload/v1775310654/products/74/1775310653707-634979724_122124150237027433_994908632350253982_n.jpg","all"
"adidas","sporty rich","green","38","ADSPRI-GRE-38","15","50.00","https://res.cloudinary.com/dxqypizph/image/upload/v1775310654/products/74/1775310653707-634979724_122124150237027433_994908632350253982_n.jpg","all"
"adidas","sporty rich","green","39","ADSPRI-GRE-39","9","50.00","https://res.cloudinary.com/dxqypizph/image/upload/v1775310654/products/74/1775310653707-634979724_122124150237027433_994908632350253982_n.jpg","all"
"adidas","sporty rich","green","40","ADSPRI-GRE-40","2","50.00","https://res.cloudinary.com/dxqypizph/image/upload/v1775310654/products/74/1775310653707-634979724_122124150237027433_994908632350253982_n.jpg","all"
"adidas","sporty rich","kalter","40","ADSPRI-KAL-40","1","50.00","https://res.cloudinary.com/dxqypizph/image/upload/v1776719310/products/62/1776719309998-645390434_122125507539027433_4513956914774365318_n.jpg","all"
"adidas","sporty rich","tiger","36","ADSPRI-TIG-36","1","50.00","https://res.cloudinary.com/dxqypizph/image/upload/v1775301980/products/62/1775301980512-644557014_122125507629027433_5262289488278629664_n.jpg","all"
"adidas","sporty rich","tiger","37","ADSPRI-TIG-37","2","50.00","https://res.cloudinary.com/dxqypizph/image/upload/v1775301980/products/62/1775301980512-644557014_122125507629027433_5262289488278629664_n.jpg","all"
"adidas","sporty rich","tiger","40","ADSPRI-TIG-40","1","50.00","https://res.cloudinary.com/dxqypizph/image/upload/v1775301980/products/62/1775301980512-644557014_122125507629027433_5262289488278629664_n.jpg","all"
"adidas","sporty rich cherry","cherry","37","ADSPRI-CHE-37","5","50.00","https://res.cloudinary.com/dxqypizph/image/upload/v1775303918/products/71/1775303918144-629251690_122123466543027433_4577056740604741739_n.jpg","all"
"adidas","sporty rich cherry","cherry","38","ADSPRI-CHE-38","1","50.00","https://res.cloudinary.com/dxqypizph/image/upload/v1775303918/products/71/1775303918144-629251690_122123466543027433_4577056740604741739_n.jpg","all"
"adidas","yeezy black","E ZEZ","36","ADYEBL-EZE-36","1","80.00","https://res.cloudinary.com/dxqypizph/image/upload/v1775438309/products/57/1775438309352-646522783_122126116089027433_4663812263610488703_n.jpg","all"
"adidas","yeezy black","E ZEZ","37","ADYEBL-EZE-37","3","80.00","https://res.cloudinary.com/dxqypizph/image/upload/v1775438309/products/57/1775438309352-646522783_122126116089027433_4663812263610488703_n.jpg","all"
"adidas","yeezy black","E ZEZ","38","ADYEBL-EZE-38","5","80.00","https://res.cloudinary.com/dxqypizph/image/upload/v1775438309/products/57/1775438309352-646522783_122126116089027433_4663812263610488703_n.jpg","all"
"adidas","yeezy black","E ZEZ","39","ADYEBL-EZE-39","5","80.00","https://res.cloudinary.com/dxqypizph/image/upload/v1775438309/products/57/1775438309352-646522783_122126116089027433_4663812263610488703_n.jpg","all"
"adidas","yeezy black","E ZEZ","40","ADYEBL-EZE-40","2","80.00","https://res.cloudinary.com/dxqypizph/image/upload/v1775438309/products/57/1775438309352-646522783_122126116089027433_4663812263610488703_n.jpg","all"
"adidas","yeezy black","E ZEZ","41","ADYEBL-EZE-41","2","80.00","https://res.cloudinary.com/dxqypizph/image/upload/v1775438309/products/57/1775438309352-646522783_122126116089027433_4663812263610488703_n.jpg","all"
"adidas","yeezy black","E ZEZ","42","ADYEBL-EZE-42","3","80.00","https://res.cloudinary.com/dxqypizph/image/upload/v1775438309/products/57/1775438309352-646522783_122126116089027433_4663812263610488703_n.jpg","all"
"adidas","yeezy black","E ZEZ","44","ADYEBL-EZE-44","2","80.00","https://res.cloudinary.com/dxqypizph/image/upload/v1775438309/products/57/1775438309352-646522783_122126116089027433_4663812263610488703_n.jpg","all"
"adidas","yeezy blue","blue","36","ADYEBL-BLU-36","1","70.00","https://res.cloudinary.com/dxqypizph/image/upload/v1775304176/products/68/1775304175975-646850876_122126116713027433_2731688240695449847_n.jpg","all"
"adidas","yeezy blue","blue","37","ADYEBL-BLU-37","5","70.00","https://res.cloudinary.com/dxqypizph/image/upload/v1775304084/products/68/1775304084197-646850876_122126116713027433_2731688240695449847_n.jpg","all"
"adidas","yeezy blue","blue","38","ADYEBL-BLU-38","7","70.00","https://res.cloudinary.com/dxqypizph/image/upload/v1775304084/products/68/1775304084197-646850876_122126116713027433_2731688240695449847_n.jpg","all"
"adidas","yeezy blue","blue","39","ADYEBL-BLU-39","7","70.00","https://res.cloudinary.com/dxqypizph/image/upload/v1775304084/products/68/1775304084197-646850876_122126116713027433_2731688240695449847_n.jpg","all"
"adidas","yeezy blue","blue","40","ADYEBL-BLU-40","4","70.00","https://res.cloudinary.com/dxqypizph/image/upload/v1775304084/products/68/1775304084197-646850876_122126116713027433_2731688240695449847_n.jpg","all"
"adidas","yeezy blue","blue","41","ADYEBL-BLU-41","2","70.00","https://res.cloudinary.com/dxqypizph/image/upload/v1775304084/products/68/1775304084197-646850876_122126116713027433_2731688240695449847_n.jpg","all"
"adidas","yeezy blue","blue","42","ADYEBL-BLU-42","5","70.00","https://res.cloudinary.com/dxqypizph/image/upload/v1775304084/products/68/1775304084197-646850876_122126116713027433_2731688240695449847_n.jpg","all"
"adidas","yeezy blue","blue","43","ADYEBL-BLU-43","5","70.00","https://res.cloudinary.com/dxqypizph/image/upload/v1775304084/products/68/1775304084197-646850876_122126116713027433_2731688240695449847_n.jpg","all"
"adidas","yeezy blue","blue","44","ADYEBL-BLU-44","6","70.00","https://res.cloudinary.com/dxqypizph/image/upload/v1775304084/products/68/1775304084197-646850876_122126116713027433_2731688240695449847_n.jpg","all"
"adidas","yeezy blue","blue","45","ADYEBL-BLU-45","2","70.00","https://res.cloudinary.com/dxqypizph/image/upload/v1775304084/products/68/1775304084197-646850876_122126116713027433_2731688240695449847_n.jpg","all"
"adidas","yeezy blue","brown","36","ADYEBL-BRO-36","2","70.00","https://res.cloudinary.com/dxqypizph/image/upload/v1775404942/products/68/1775404941895-main-square_b489770f-8c95-41a9-840f-c3be91587319.webp","all"
"adidas","yeezy blue","brown","37","ADYEBL-BRO-37","10","70.00","https://res.cloudinary.com/dxqypizph/image/upload/v1775404942/products/68/1775404941895-main-square_b489770f-8c95-41a9-840f-c3be91587319.webp","all"
"adidas","yeezy blue","brown","38","ADYEBL-BRO-38","7","70.00","https://res.cloudinary.com/dxqypizph/image/upload/v1775404942/products/68/1775404941895-main-square_b489770f-8c95-41a9-840f-c3be91587319.webp","all"
"adidas","yeezy blue","brown","39","ADYEBL-BRO-39","8","70.00","https://res.cloudinary.com/dxqypizph/image/upload/v1775404942/products/68/1775404941895-main-square_b489770f-8c95-41a9-840f-c3be91587319.webp","all"
"adidas","yeezy blue","brown","40","ADYEBL-BRO-40","6","70.00","https://res.cloudinary.com/dxqypizph/image/upload/v1775404942/products/68/1775404941895-main-square_b489770f-8c95-41a9-840f-c3be91587319.webp","all"
"adidas","yeezy blue","brown","41","ADYEBL-BRO-41","2","70.00","https://res.cloudinary.com/dxqypizph/image/upload/v1775404942/products/68/1775404941895-main-square_b489770f-8c95-41a9-840f-c3be91587319.webp","all"
"adidas","yeezy blue","brown","42","ADYEBL-BRO-42","6","70.00","https://res.cloudinary.com/dxqypizph/image/upload/v1775404942/products/68/1775404941895-main-square_b489770f-8c95-41a9-840f-c3be91587319.webp","all"
"adidas","yeezy blue","brown","43","ADYEBL-BRO-43","6","70.00","https://res.cloudinary.com/dxqypizph/image/upload/v1775404942/products/68/1775404941895-main-square_b489770f-8c95-41a9-840f-c3be91587319.webp","all"
"adidas","yeezy blue","brown","44","ADYEBL-BRO-44","6","70.00","https://res.cloudinary.com/dxqypizph/image/upload/v1775404942/products/68/1775404941895-main-square_b489770f-8c95-41a9-840f-c3be91587319.webp","all"
"adidas","yeezy blue","brown","45","ADYEBL-BRO-45","2","70.00","https://res.cloudinary.com/dxqypizph/image/upload/v1775404942/products/68/1775404941895-main-square_b489770f-8c95-41a9-840f-c3be91587319.webp","all"
"adidas","yeezy white","white","36","ADYEWH-WHI-36","1","70.00","https://res.cloudinary.com/dxqypizph/image/upload/v1775301538/products/60/1775301538194-646926761_122126117907027433_6205135736348380415_n.jpg","all"
"adidas","yeezy white","white","37","ADYEWH-WHI-37","5","70.00","https://res.cloudinary.com/dxqypizph/image/upload/v1775301538/products/60/1775301538194-646926761_122126117907027433_6205135736348380415_n.jpg","all"
"adidas","yeezy white","white","38","ADYEWH-WHI-38","5","70.00","https://res.cloudinary.com/dxqypizph/image/upload/v1775301538/products/60/1775301538194-646926761_122126117907027433_6205135736348380415_n.jpg","all"
"adidas","yeezy white","white","39","ADYEWH-WHI-39","6","70.00","https://res.cloudinary.com/dxqypizph/image/upload/v1775301538/products/60/1775301538194-646926761_122126117907027433_6205135736348380415_n.jpg","all"
"adidas","yeezy white","white","40","ADYEWH-WHI-40","3","70.00","https://res.cloudinary.com/dxqypizph/image/upload/v1775301538/products/60/1775301538194-646926761_122126117907027433_6205135736348380415_n.jpg","all"
"adidas","yeezy white","white","42","ADYEWH-WHI-42","5","70.00","https://res.cloudinary.com/dxqypizph/image/upload/v1775301538/products/60/1775301538194-646926761_122126117907027433_6205135736348380415_n.jpg","all"
"adidas","yeezy white","white","43","ADYEWH-WHI-43","5","70.00","https://res.cloudinary.com/dxqypizph/image/upload/v1775301538/products/60/1775301538194-646926761_122126117907027433_6205135736348380415_n.jpg","all"
"adidas","yeezy white","white","44","ADYEWH-WHI-44","5","70.00","https://res.cloudinary.com/dxqypizph/image/upload/v1775301538/products/60/1775301538194-646926761_122126117907027433_6205135736348380415_n.jpg","all"
"adidas","yeezy white","white","45","ADYEWH-WHI-45","1","70.00","https://res.cloudinary.com/dxqypizph/image/upload/v1775301538/products/60/1775301538194-646926761_122126117907027433_6205135736348380415_n.jpg","all"
"balenciaga","blanciaga tracks","black","36","BABLTR-BLA-36","1","120.00","https://res.cloudinary.com/dxqypizph/image/upload/v1775432162/products/130/1775432161696-645382596_122126154207027433_7885720686298644610_n.jpg","all"
"balenciaga","blanciaga tracks","black","37","BABLTR-BLA-37","4","120.00","https://res.cloudinary.com/dxqypizph/image/upload/v1775432162/products/130/1775432161696-645382596_122126154207027433_7885720686298644610_n.jpg","all"
"balenciaga","blanciaga tracks","black","38","BABLTR-BLA-38","6","120.00","https://res.cloudinary.com/dxqypizph/image/upload/v1775432162/products/130/1775432161696-645382596_122126154207027433_7885720686298644610_n.jpg","all"
"balenciaga","blanciaga tracks","black","40","BABLTR-BLA-40","1","120.00","https://res.cloudinary.com/dxqypizph/image/upload/v1775432162/products/130/1775432161696-645382596_122126154207027433_7885720686298644610_n.jpg","all"
"balenciaga","blanciaga tracks","black","43","BABLTR-BLA-43","1","120.00","https://res.cloudinary.com/dxqypizph/image/upload/v1775432162/products/130/1775432161696-645382596_122126154207027433_7885720686298644610_n.jpg","all"
"balenciaga","blanciaga tracks","black","44","BABLTR-BLA-44","4","120.00","https://res.cloudinary.com/dxqypizph/image/upload/v1775432162/products/130/1775432161696-645382596_122126154207027433_7885720686298644610_n.jpg","all"
"balenciaga","blanciaga tracks","pink","37","BABLTR-PIN-37","4","120.00","https://res.cloudinary.com/dxqypizph/image/upload/v1775432063/products/130/1775432063514-647156164_122126153457027433_1160987004294337793_n.jpg","all"
"balenciaga","blanciaga tracks","pink","38","BABLTR-PIN-38","3","120.00","https://res.cloudinary.com/dxqypizph/image/upload/v1775432063/products/130/1775432063514-647156164_122126153457027433_1160987004294337793_n.jpg","all"
"balenciaga","blanciaga tracks","pink","39","BABLTR-PIN-39","4","120.00","https://res.cloudinary.com/dxqypizph/image/upload/v1775432063/products/130/1775432063514-647156164_122126153457027433_1160987004294337793_n.jpg","all"
"balenciaga","blanciaga tracks","pink","40","BABLTR-PIN-40","1","120.00","https://res.cloudinary.com/dxqypizph/image/upload/v1775432063/products/130/1775432063514-647156164_122126153457027433_1160987004294337793_n.jpg","all"
"balenciaga","blanciaga tracks","zez","45","BABLTR-ZEZ-45","1","120.00","https://res.cloudinary.com/dxqypizph/image/upload/v1776720081/products/130/1776720081229-645382596_122126154207027433_7885720686298644610_n.jpg","all"
"balenciaga","qorap","black","37","BAQO-BLA-37","6","70.00","https://res.cloudinary.com/dxqypizph/image/upload/v1775409215/products/46/1775409214374-balemciaga.jpg","all"
"balenciaga","qorap","black","38","BAQO-BLA-38","10","70.00","https://res.cloudinary.com/dxqypizph/image/upload/v1775409215/products/46/1775409214374-balemciaga.jpg","all"
"balenciaga","qorap","black","39","BAQO-BLA-39","10","70.00","https://res.cloudinary.com/dxqypizph/image/upload/v1775409215/products/46/1775409214374-balemciaga.jpg","all"
"balenciaga","qorap","black","40","BAQO-BLA-40-2","5","55.00","https://res.cloudinary.com/dxqypizph/image/upload/v1775165386/products/46/1775165385791-balemciaga.jpg","all"
"balenciaga","qorap","black","42","BAQO-BLA-42-2","2","55.00","https://res.cloudinary.com/dxqypizph/image/upload/v1775165386/products/46/1775165385791-balemciaga.jpg","all"
"balenciaga","qorap","black","43","BAQO-BLA-43-2","2","55.00","https://res.cloudinary.com/dxqypizph/image/upload/v1775165386/products/46/1775165385791-balemciaga.jpg","all"
"balenciaga","qorap","black","44","BAQO-BLA-44-2","6","55.00","https://res.cloudinary.com/dxqypizph/image/upload/v1775165386/products/46/1775165385791-balemciaga.jpg","all"
"balenciaga","qorap","black white","37","BAQO-BLWH-37","7","70.00","https://res.cloudinary.com/dxqypizph/image/upload/v1775517508/products/46/1775517507973-636738737_122124357321027433_7815404166028596611_n.jpg","all"
"balenciaga","qorap","black white","38","BAQO-BLWH-38","9","70.00","https://res.cloudinary.com/dxqypizph/image/upload/v1775517508/products/46/1775517507973-636738737_122124357321027433_7815404166028596611_n.jpg","all"
"balenciaga","qorap","black/white","40","BAQO-BLA-40","7","70.00","https://res.cloudinary.com/dxqypizph/image/upload/v1774992230/products/46/1774992228842-636738737_122124357321027433_7815404166028596611_n.jpg","all"
"balenciaga","qorap","black/white","41","BAQO-BLA-41","5","30.00","https://res.cloudinary.com/dxqypizph/image/upload/v1774992230/products/46/1774992228842-636738737_122124357321027433_7815404166028596611_n.jpg","all"
"balenciaga","qorap","black/white","42","BAQO-BLA-42","10","70.00","https://res.cloudinary.com/dxqypizph/image/upload/v1774992230/products/46/1774992228842-636738737_122124357321027433_7815404166028596611_n.jpg","all"
"balenciaga","qorap","black/white","43","BAQO-BLA-43","9","30.00","https://res.cloudinary.com/dxqypizph/image/upload/v1774992230/products/46/1774992228842-636738737_122124357321027433_7815404166028596611_n.jpg","all"
"balenciaga","qorap","black/white","44","BAQO-BLA-44","12","30.00","https://res.cloudinary.com/dxqypizph/image/upload/v1774992230/products/46/1774992228842-636738737_122124357321027433_7815404166028596611_n.jpg","all"
"balenciaga","qorap","bllack/white","39","BAQO-BLL-39","8","70.00","https://res.cloudinary.com/dxqypizph/image/upload/v1775314131/products/46/1775314130776-636738737_122124357321027433_7815404166028596611_n.jpg","all"
"balenciaga","qorap","bllack/white","45","BAQO-BLL-45","5","70.00","https://res.cloudinary.com/dxqypizph/image/upload/v1775314131/products/46/1775314130776-636738737_122124357321027433_7815404166028596611_n.jpg","all"
"balenciaga","qorap","green balck","40","BAQO-GRBA-40","2","70.00","https://res.cloudinary.com/dxqypizph/image/upload/v1776630605/products/46/1776630605204-maa.webp","all"
"balenciaga","qorap","green balck","41","BAQO-GRBA-41","2","70.00","https://res.cloudinary.com/dxqypizph/image/upload/v1776630605/products/46/1776630605204-maa.webp","all"
"balenciaga","qorap","green balck","42","BAQO-GRBA-42","3","70.00","https://res.cloudinary.com/dxqypizph/image/upload/v1776630605/products/46/1776630605204-maa.webp","all"
"balenciaga","qorap","green balck","43","BAQO-GRBA-43","2","70.00","https://res.cloudinary.com/dxqypizph/image/upload/v1776630605/products/46/1776630605204-maa.webp","all"
"balenciaga","qorap","green balck","44","BAQO-GRBA-44","3","70.00","https://res.cloudinary.com/dxqypizph/image/upload/v1776630605/products/46/1776630605204-maa.webp","all"
"balenciaga","qorap","green balck","45","BAQO-GRBA-45","2","70.00","https://res.cloudinary.com/dxqypizph/image/upload/v1776630605/products/46/1776630605204-maa.webp","all"
"balenciaga","qorap","zez","41","BAQO-ZEZ-41","1","50.00","https://res.cloudinary.com/dxqypizph/image/upload/v1776719952/products/46/1776719951724-download-13.jpg","all"
"balenciaga","qorap","zez","45","BAQO-ZEZ-45","2","50.00","https://res.cloudinary.com/dxqypizph/image/upload/v1776720009/products/46/1776720008970-download-13.jpg","all"
"balenciaga","qorap","zez bzrdh","36","BAQO-ZEBZ-36","4","55.00","https://res.cloudinary.com/dxqypizph/image/upload/v1776721255/products/46/1776721254942-636738737_122124357321027433_7815404166028596611_n.jpg","all"
"celin","celin","brown","36","CECE-BRO-36","2","50.00","https://res.cloudinary.com/dxqypizph/image/upload/v1775343303/products/118/1775343302694-images-1.jpg","all"
"celin","celin","brown","38","CECE-BRO-38","1","50.00","https://res.cloudinary.com/dxqypizph/image/upload/v1775343303/products/118/1775343302694-images-1.jpg","all"
"celin","celin","brown","39","CECE-BRO-39","1","50.00","https://res.cloudinary.com/dxqypizph/image/upload/v1775343303/products/118/1775343302694-images-1.jpg","all"
"celin","celin","brown and black","36","CECE-BRAN-36","4","50.00","https://res.cloudinary.com/dxqypizph/image/upload/v1775343081/products/118/1775343080585-357925135c-18bn_2_sum25_w.avif","all"
"celin","celin","brown and black","37","CECE-BRAN-37","8","50.00","https://res.cloudinary.com/dxqypizph/image/upload/v1775343081/products/118/1775343080585-357925135c-18bn_2_sum25_w.avif","all"
"celin","celin","brown and black","38","CECE-BRAN-38","8","50.00","https://res.cloudinary.com/dxqypizph/image/upload/v1775343081/products/118/1775343080585-357925135c-18bn_2_sum25_w.avif","all"
"celin","celin","brown and black","39","CECE-BRAN-39","11","50.00","https://res.cloudinary.com/dxqypizph/image/upload/v1775343081/products/118/1775343080585-357925135c-18bn_2_sum25_w.avif","all"
"celin","celin","brown and black","40","CECE-BRAN-40","3","50.00","https://res.cloudinary.com/dxqypizph/image/upload/v1775343081/products/118/1775343080585-357925135c-18bn_2_sum25_w.avif","all"
"celin","celin","brown and black","41","CECE-BRAN-41","2","50.00","https://res.cloudinary.com/dxqypizph/image/upload/v1775343081/products/118/1775343080585-357925135c-18bn_2_sum25_w.avif","all"
"celin","celin","brown white","36","CECE-BRWH-36","9","50.00","https://res.cloudinary.com/dxqypizph/image/upload/v1775342980/products/118/1775342980223-images-2.jpg","all"
"celin","celin","brown white","37","CECE-BRWH-37","10","50.00","https://res.cloudinary.com/dxqypizph/image/upload/v1775342980/products/118/1775342980223-images-2.jpg","all"
"celin","celin","brown white","38","CECE-BRWH-38","10","50.00","https://res.cloudinary.com/dxqypizph/image/upload/v1775342980/products/118/1775342980223-images-2.jpg","all"
"celin","celin","brown white","39","CECE-BRWH-39","8","50.00","https://res.cloudinary.com/dxqypizph/image/upload/v1775342980/products/118/1775342980223-images-2.jpg","all"
"celin","celin","brown white","40","CECE-BRWH-40","2","50.00","https://res.cloudinary.com/dxqypizph/image/upload/v1775342980/products/118/1775342980223-images-2.jpg","all"
"celin","celin","orangje","37","CECE-ORA-37","2","65.00","https://res.cloudinary.com/dxqypizph/image/upload/v1777060470/products/118/1777060469690-ooo.jpg","all"
"celin","celin","orangje","40","CECE-ORA-40","2","65.00","https://res.cloudinary.com/dxqypizph/image/upload/v1777060470/products/118/1777060469690-ooo.jpg","all"
"celin","celin","whutee","40","CECE-WHU-40","3","70.00","https://res.cloudinary.com/dxqypizph/image/upload/v1777060559/products/118/1777060558974-111.jpg","all"
"chanel","patike","e zez","36","CHPA-EZE-36","1","80.00","https://res.cloudinary.com/dxqypizph/image/upload/v1785837920/products/149/1785837919955-images.jpg","all"
"chanel","patike","e zez","37","CHPA-EZE-37","1","80.00","https://res.cloudinary.com/dxqypizph/image/upload/v1785837920/products/149/1785837919955-images.jpg","all"
"chanel","patike","e zez","38","CHPA-EZE-38","1","80.00","https://res.cloudinary.com/dxqypizph/image/upload/v1785837920/products/149/1785837919955-images.jpg","all"
"chanel","patike","e zez","39","CHPA-EZE-39","1","80.00","https://res.cloudinary.com/dxqypizph/image/upload/v1785837920/products/149/1785837919955-images.jpg","all"
"chanel","patike","e zez","40","CHPA-EZE-40","1","80.00","https://res.cloudinary.com/dxqypizph/image/upload/v1785837920/products/149/1785837919955-images.jpg","all"
"chanel","patike","e zez","41","CHPA-EZE-41","1","80.00","https://res.cloudinary.com/dxqypizph/image/upload/v1785837920/products/149/1785837919955-images.jpg","all"
"chanel sandale","chanel sandale","all black","36","CHSACH-ALBL-36","2","70.00","https://res.cloudinary.com/dxqypizph/image/upload/v1775490534/products/121/1775490533806-1.jpg","all"
"chanel sandale","chanel sandale","all black","37","CHSACH-ALBL-37","5","70.00","https://res.cloudinary.com/dxqypizph/image/upload/v1775490534/products/121/1775490533806-1.jpg","all"
"chanel sandale","chanel sandale","all black","38","CHSACH-ALBL-38","6","70.00","https://res.cloudinary.com/dxqypizph/image/upload/v1775490534/products/121/1775490533806-1.jpg","all"
"chanel sandale","chanel sandale","all black","39","CHSACH-ALBL-39","5","70.00","https://res.cloudinary.com/dxqypizph/image/upload/v1775490534/products/121/1775490533806-1.jpg","all"
"chanel sandale","chanel sandale","all black","40","CHSACH-ALBL-40","3","70.00","https://res.cloudinary.com/dxqypizph/image/upload/v1775490534/products/121/1775490533806-1.jpg","all"
"chanel sandale","chanel sandale","all blakl","36","CHSACH-ALBL-36-2","3","70.00","https://res.cloudinary.com/dxqypizph/image/upload/v1777060124/products/121/1777060123858-image.jpg","all"
"chanel sandale","chanel sandale","all blakl","37","CHSACH-ALBL-37-2","4","70.00","https://res.cloudinary.com/dxqypizph/image/upload/v1777060124/products/121/1777060123858-image.jpg","all"
"chanel sandale","chanel sandale","all blakl","38","CHSACH-ALBL-38-2","2","70.00","https://res.cloudinary.com/dxqypizph/image/upload/v1777060124/products/121/1777060123858-image.jpg","all"
"chanel sandale","chanel sandale","all blakl","39","CHSACH-ALBL-39-2","2","70.00","https://res.cloudinary.com/dxqypizph/image/upload/v1777060124/products/121/1777060123858-image.jpg","all"
"chanel sandale","chanel sandale","all white","36","CHSACH-ALWH-36","2","70.00","https://res.cloudinary.com/dxqypizph/image/upload/v1775490467/products/121/1775490466978-chan.jpg","all"
"chanel sandale","chanel sandale","all white","37","CHSACH-ALWH-37","4","70.00","https://res.cloudinary.com/dxqypizph/image/upload/v1775490467/products/121/1775490466978-chan.jpg","all"
"chanel sandale","chanel sandale","all white","38","CHSACH-ALWH-38","6","70.00","https://res.cloudinary.com/dxqypizph/image/upload/v1775490467/products/121/1775490466978-chan.jpg","all"
"chanel sandale","chanel sandale","all white","39","CHSACH-ALWH-39","4","70.00","https://res.cloudinary.com/dxqypizph/image/upload/v1775490467/products/121/1775490466978-chan.jpg","all"
"chanel sandale","chanel sandale","all white","40","CHSACH-ALWH-40","2","70.00","https://res.cloudinary.com/dxqypizph/image/upload/v1775490467/products/121/1775490466978-chan.jpg","all"
"chanel sandale","chanel sandale","all white","41","CHSACH-ALWH-41","2","70.00","https://res.cloudinary.com/dxqypizph/image/upload/v1775490467/products/121/1775490466978-chan.jpg","all"
"chanel sandale","chanel sandale","bardh","36","CHSACH-BAR-36","1","70.00","https://res.cloudinary.com/dxqypizph/image/upload/v1775498367/products/121/1775498366835-chanell.webp","all"
"chanel sandale","chanel sandale","bardh","37","CHSACH-BAR-37","5","70.00","https://res.cloudinary.com/dxqypizph/image/upload/v1775498367/products/121/1775498366835-chanell.webp","all"
"chanel sandale","chanel sandale","bardh","38","CHSACH-BAR-38","7","70.00","https://res.cloudinary.com/dxqypizph/image/upload/v1775498367/products/121/1775498366835-chanell.webp","all"
"chanel sandale","chanel sandale","bardh","39","CHSACH-BAR-39","5","70.00","https://res.cloudinary.com/dxqypizph/image/upload/v1775498367/products/121/1775498366835-chanell.webp","all"
"chanel sandale","chanel sandale","bardh","40","CHSACH-BAR-40","3","70.00","https://res.cloudinary.com/dxqypizph/image/upload/v1775498367/products/121/1775498366835-chanell.webp","all"
"chanel sandale","chanel sandale","blaakk","38","CHSACH-BLA-38-2","3","70.00","https://res.cloudinary.com/dxqypizph/image/upload/v1777058866/products/121/1777058865482-345.jpg","all"
"chanel sandale","chanel sandale","blaakk","39","CHSACH-BLA-39-2","1","70.00","https://res.cloudinary.com/dxqypizph/image/upload/v1777058866/products/121/1777058865482-345.jpg","all"
"chanel sandale","chanel sandale","blaakk","40","CHSACH-BLA-40-2","1","70.00","https://res.cloudinary.com/dxqypizph/image/upload/v1777058866/products/121/1777058865482-345.jpg","all"
"chanel sandale","chanel sandale","black","37","CHSACH-BLA-37","1","50.00","https://res.cloudinary.com/dxqypizph/image/upload/v1775346358/products/121/1775346357388-cywyq6dl20tjkdaanfz7kki3xivaz9pqigz6vbtp.webp","all"
"chanel sandale","chanel sandale","black","38","CHSACH-BLA-38","2","50.00","https://res.cloudinary.com/dxqypizph/image/upload/v1775346358/products/121/1775346357388-cywyq6dl20tjkdaanfz7kki3xivaz9pqigz6vbtp.webp","all"
"chanel sandale","chanel sandale","black","39","CHSACH-BLA-39","1","50.00","https://res.cloudinary.com/dxqypizph/image/upload/v1775346358/products/121/1775346357388-cywyq6dl20tjkdaanfz7kki3xivaz9pqigz6vbtp.webp","all"
"chanel sandale","chanel sandale","black ari","36","CHSACH-BLAR-36","3","70.00","https://res.cloudinary.com/dxqypizph/image/upload/v1775499344/products/121/1775499343692-chaa.jpg","all"
"chanel sandale","chanel sandale","black ari","37","CHSACH-BLAR-37","5","70.00","https://res.cloudinary.com/dxqypizph/image/upload/v1775499344/products/121/1775499343692-chaa.jpg","all"
"chanel sandale","chanel sandale","black ari","38","CHSACH-BLAR-38","7","70.00","https://res.cloudinary.com/dxqypizph/image/upload/v1775499344/products/121/1775499343692-chaa.jpg","all"
"chanel sandale","chanel sandale","black ari","39","CHSACH-BLAR-39","5","70.00","https://res.cloudinary.com/dxqypizph/image/upload/v1775499344/products/121/1775499343692-chaa.jpg","all"
"chanel sandale","chanel sandale","black ari","40","CHSACH-BLAR-40","1","70.00","https://res.cloudinary.com/dxqypizph/image/upload/v1775499344/products/121/1775499343692-chaa.jpg","all"
"chanel sandale","chanel sandale","black gold","36","CHSACH-BLGO-36","4","70.00","https://res.cloudinary.com/dxqypizph/image/upload/v1775490006/products/121/1775490006264-c.webp","all"
"chanel sandale","chanel sandale","black gold","37","CHSACH-BLGO-37","5","70.00","https://res.cloudinary.com/dxqypizph/image/upload/v1775490006/products/121/1775490006264-c.webp","all"
"chanel sandale","chanel sandale","black gold","38","CHSACH-BLGO-38","5","70.00","https://res.cloudinary.com/dxqypizph/image/upload/v1775490006/products/121/1775490006264-c.webp","all"
"chanel sandale","chanel sandale","black gold","39","CHSACH-BLGO-39","4","70.00","https://res.cloudinary.com/dxqypizph/image/upload/v1775490006/products/121/1775490006264-c.webp","all"
"chanel sandale","chanel sandale","black white","37","CHSACH-BLWH-37","5","70.00","https://res.cloudinary.com/dxqypizph/image/upload/v1775490314/products/121/1775490313401-cha.jpg","all"
"chanel sandale","chanel sandale","black white","38","CHSACH-BLWH-38","5","70.00","https://res.cloudinary.com/dxqypizph/image/upload/v1775490314/products/121/1775490313401-cha.jpg","all"
"chanel sandale","chanel sandale","black white","39","CHSACH-BLWH-39","7","70.00","https://res.cloudinary.com/dxqypizph/image/upload/v1775490314/products/121/1775490313401-cha.jpg","all"
"chanel sandale","chanel sandale","black white","40","CHSACH-BLWH-40","3","70.00","https://res.cloudinary.com/dxqypizph/image/upload/v1775490314/products/121/1775490313401-cha.jpg","all"
"chanel sandale","chanel sandale","black white","41","CHSACH-BLWH-41","4","70.00","https://res.cloudinary.com/dxqypizph/image/upload/v1775490314/products/121/1775490313401-cha.jpg","all"
"chanel sandale","chanel sandale","blackie","37","CHSACH-BLA-37-3","2","70.00","https://res.cloudinary.com/dxqypizph/image/upload/v1777059555/products/121/1777059554929-pp.jpg","all"
"chanel sandale","chanel sandale","blackie","38","CHSACH-BLA-38-3","4","70.00","https://res.cloudinary.com/dxqypizph/image/upload/v1777059555/products/121/1777059554929-pp.jpg","all"
"chanel sandale","chanel sandale","blackie","39","CHSACH-BLA-39-3","1","70.00","https://res.cloudinary.com/dxqypizph/image/upload/v1777059555/products/121/1777059554929-pp.jpg","all"
"chanel sandale","chanel sandale","blackk","40","CHSACH-BLA-40-3","3","70.00","https://res.cloudinary.com/dxqypizph/image/upload/v1777059412/products/121/1777059411757-iii.jpg","all"
"chanel sandale","chanel sandale","e bardhee","36","CHSACH-EBA-36","2","70.00","https://res.cloudinary.com/dxqypizph/image/upload/v1777059664/products/121/1777059664298-image.jpg","all"
"chanel sandale","chanel sandale","e bardhee","37","CHSACH-EBA-37","3","70.00","https://res.cloudinary.com/dxqypizph/image/upload/v1777059664/products/121/1777059664298-image.jpg","all"
"chanel sandale","chanel sandale","e bardhee","38","CHSACH-EBA-38","3","70.00","https://res.cloudinary.com/dxqypizph/image/upload/v1777059664/products/121/1777059664298-image.jpg","all"
"chanel sandale","chanel sandale","e bardhee","39","CHSACH-EBA-39","4","70.00","https://res.cloudinary.com/dxqypizph/image/upload/v1777059664/products/121/1777059664298-image.jpg","all"
"chanel sandale","chanel sandale","krem black","36","CHSACH-KRBL-36","1","70.00","https://res.cloudinary.com/dxqypizph/image/upload/v1775490642/products/121/1775490641488-2.jpg","all"
"chanel sandale","chanel sandale","krem black","37","CHSACH-KRBL-37","1","70.00","https://res.cloudinary.com/dxqypizph/image/upload/v1775490642/products/121/1775490641488-2.jpg","all"
"chanel sandale","chanel sandale","krem black","38","CHSACH-KRBL-38","2","70.00","https://res.cloudinary.com/dxqypizph/image/upload/v1775490642/products/121/1775490641488-2.jpg","all"
"chanel sandale","chanel sandale","miletary grejj","36","CHSACH-MIGR-36","4","70.00","https://res.cloudinary.com/dxqypizph/image/upload/v1777060034/products/121/1777060034006-454.jpg","all"
"chanel sandale","chanel sandale","miletary grejj","37","CHSACH-MIGR-37-2","1","70.00","https://res.cloudinary.com/dxqypizph/image/upload/v1777060034/products/121/1777060034006-454.jpg","all"
"chanel sandale","chanel sandale","miletary grejj","38","CHSACH-MIGR-38-2","2","70.00","https://res.cloudinary.com/dxqypizph/image/upload/v1777060034/products/121/1777060034006-454.jpg","all"
"chanel sandale","chanel sandale","miletary grejj","39","CHSACH-MIGR-39-2","1","70.00","https://res.cloudinary.com/dxqypizph/image/upload/v1777060034/products/121/1777060034006-454.jpg","all"
"chanel sandale","chanel sandale","miletary grejj","40","CHSACH-MIGR-40-2","2","70.00","https://res.cloudinary.com/dxqypizph/image/upload/v1777060034/products/121/1777060034006-454.jpg","all"
"chanel sandale","chanel sandale","military gray","36","CHSACH-MIGR-36-2","3","70.00","https://res.cloudinary.com/dxqypizph/image/upload/v1775490749/products/121/1775490749147-3.jpg","all"
"chanel sandale","chanel sandale","military gray","37","CHSACH-MIGR-37","5","70.00","https://res.cloudinary.com/dxqypizph/image/upload/v1775490749/products/121/1775490749147-3.jpg","all"
"chanel sandale","chanel sandale","military gray","38","CHSACH-MIGR-38","6","70.00","https://res.cloudinary.com/dxqypizph/image/upload/v1775490749/products/121/1775490749147-3.jpg","all"
"chanel sandale","chanel sandale","military gray","39","CHSACH-MIGR-39","4","70.00","https://res.cloudinary.com/dxqypizph/image/upload/v1775490749/products/121/1775490749147-3.jpg","all"
"chanel sandale","chanel sandale","military gray","40","CHSACH-MIGR-40","3","70.00","https://res.cloudinary.com/dxqypizph/image/upload/v1775490749/products/121/1775490749147-3.jpg","all"
"chanel sandale","chanel sandale","pink","36","CHSACH-PIN-36","5","50.00","https://res.cloudinary.com/dxqypizph/image/upload/v1775346302/products/121/1775346301803-s-l1200-1.jpg","all"
"chanel sandale","chanel sandale","pink","37","CHSACH-PIN-37","7","50.00","https://res.cloudinary.com/dxqypizph/image/upload/v1775346302/products/121/1775346301803-s-l1200-1.jpg","all"
"chanel sandale","chanel sandale","pink","38","CHSACH-PIN-38","8","50.00","https://res.cloudinary.com/dxqypizph/image/upload/v1775346302/products/121/1775346301803-s-l1200-1.jpg","all"
"chanel sandale","chanel sandale","pink","39","CHSACH-PIN-39","3","50.00","https://res.cloudinary.com/dxqypizph/image/upload/v1775346302/products/121/1775346301803-s-l1200-1.jpg","all"
"chanel sandale","chanel sandale","pink","40","CHSACH-PIN-40","2","50.00","https://res.cloudinary.com/dxqypizph/image/upload/v1775346302/products/121/1775346301803-s-l1200-1.jpg","all"
"chanel sandale","chanel sandale","white","36","CHSACH-WHI-36","2","50.00","https://res.cloudinary.com/dxqypizph/image/upload/v1775346420/products/121/1775346420124-g35927-b20276-u0451-chanel-25s-strap-sandals-women-s-ivory-white-1.jpg","all"
"chanel sandale","chanel sandale","white","37","CHSACH-WHI-37","5","50.00","https://res.cloudinary.com/dxqypizph/image/upload/v1775346420/products/121/1775346420124-g35927-b20276-u0451-chanel-25s-strap-sandals-women-s-ivory-white-1.jpg","all"
"chanel sandale","chanel sandale","white","38","CHSACH-WHI-38","7","50.00","https://res.cloudinary.com/dxqypizph/image/upload/v1775346420/products/121/1775346420124-g35927-b20276-u0451-chanel-25s-strap-sandals-women-s-ivory-white-1.jpg","all"
"chanel sandale","chanel sandale","white","39","CHSACH-WHI-39","2","50.00","https://res.cloudinary.com/dxqypizph/image/upload/v1775346420/products/121/1775346420124-g35927-b20276-u0451-chanel-25s-strap-sandals-women-s-ivory-white-1.jpg","all"
"chanel sandale","chanel sandale","whitee","36","CHSACH-WHI-36-2","3","65.00","https://res.cloudinary.com/dxqypizph/image/upload/v1777058483/products/121/1777058483052-565.jpg","all"
"chanel sandale","chanel sandale","whiteee","36","CHSACH-WHI-36-3","2","70.00","https://res.cloudinary.com/dxqypizph/image/upload/v1777059010/products/121/1777059009714-672.jpg","all"
"chanel sandale","chanel sandale","whiteee","37","CHSACH-WHI-37-2","5","70.00","https://res.cloudinary.com/dxqypizph/image/upload/v1777059010/products/121/1777059009714-672.jpg","all"
"chanel sandale","chanel sandale","whiteee","38","CHSACH-WHI-38-2","7","70.00","https://res.cloudinary.com/dxqypizph/image/upload/v1777059010/products/121/1777059009714-672.jpg","all"
"chanel sandale","chanel sandale","whiteee","39","CHSACH-WHI-39-2","7","70.00","https://res.cloudinary.com/dxqypizph/image/upload/v1777059010/products/121/1777059009714-672.jpg","all"
"chanel sandale","chanel sandale","whiteee","40","CHSACH-WHI-40-2","1","70.00","https://res.cloudinary.com/dxqypizph/image/upload/v1777059010/products/121/1777059009714-672.jpg","all"
"coach","coach sendles","Brown/gold","36","COCOSE-BRO-36","1","65.00","https://res.cloudinary.com/dxqypizph/image/upload/v1784892376/products/134/1784892375506-image.jpg","all"
"coach","coach sendles","Brown/gold","37","COCOSE-BRO-37","1","65.00","https://res.cloudinary.com/dxqypizph/image/upload/v1784892376/products/134/1784892375506-image.jpg","all"
"coach","coach sendles","Brown/gold","38","COCOSE-BRO-38","4","65.00","https://res.cloudinary.com/dxqypizph/image/upload/v1784892376/products/134/1784892375506-image.jpg","all"
"coach","coach sendles","Brown/gold","39","COCOSE-BRO-39","4","65.00","https://res.cloudinary.com/dxqypizph/image/upload/v1784892376/products/134/1784892375506-image.jpg","all"
"coach","coach sendles","Brown/gold","40","COCOSE-BRO-40","1","65.00","https://res.cloudinary.com/dxqypizph/image/upload/v1784892376/products/134/1784892375506-image.jpg","all"
"coach","coach sendles","Kren","36","COCOSE-KRE-36","1","50.00","https://res.cloudinary.com/dxqypizph/image/upload/v1776624948/products/134/1776624947227-img_7330.jpg","all"
"coach","coach sendles","Kren","37","COCOSE-KRE-37","3","50.00","https://res.cloudinary.com/dxqypizph/image/upload/v1776624948/products/134/1776624947227-img_7330.jpg","all"
"coach","coach sendles","Kren","38","COCOSE-KRE-38","4","50.00","https://res.cloudinary.com/dxqypizph/image/upload/v1776624948/products/134/1776624947227-img_7330.jpg","all"
"coach","coach sendles","Kren","39","COCOSE-KRE-39","3","50.00","https://res.cloudinary.com/dxqypizph/image/upload/v1776624948/products/134/1776624947227-img_7330.jpg","all"
"coach","coach sendles","black","36","COCOSE-BLA-36","3","70.00","https://res.cloudinary.com/dxqypizph/image/upload/v1775491490/products/134/1775491490197-7.jpg","all"
"coach","coach sendles","black","37","COCOSE-BLA-37","4","70.00","https://res.cloudinary.com/dxqypizph/image/upload/v1775491490/products/134/1775491490197-7.jpg","all"
"coach","coach sendles","black","38","COCOSE-BLA-38","3","70.00","https://res.cloudinary.com/dxqypizph/image/upload/v1775491490/products/134/1775491490197-7.jpg","all"
"coach","coach sendles","black","39","COCOSE-BLA-39","3","70.00","https://res.cloudinary.com/dxqypizph/image/upload/v1775491490/products/134/1775491490197-7.jpg","all"
"coach","coach sendles","cream","36","COCOSE-CRE-36","1","70.00","https://res.cloudinary.com/dxqypizph/image/upload/v1775491446/products/134/1775491445926-6.jpg","all"
"coach","coach sendles","cream","37","COCOSE-CRE-37","2","70.00","https://res.cloudinary.com/dxqypizph/image/upload/v1775491446/products/134/1775491445926-6.jpg","all"
"coach","coach sendles","cream","38","COCOSE-CRE-38","4","70.00","https://res.cloudinary.com/dxqypizph/image/upload/v1775491446/products/134/1775491445926-6.jpg","all"
"coach","coach sendles","cream","39","COCOSE-CRE-39","1","70.00","https://res.cloudinary.com/dxqypizph/image/upload/v1775491446/products/134/1775491445926-6.jpg","all"
"coach","coach sendles","light gray","36","COCOSE-LIGR-36","2","70.00","https://res.cloudinary.com/dxqypizph/image/upload/v1775491361/products/134/1775491360997-5.jpg","all"
"coach","coach sendles","light gray","37","COCOSE-LIGR-37","5","70.00","https://res.cloudinary.com/dxqypizph/image/upload/v1775491361/products/134/1775491360997-5.jpg","all"
"coach","coach sendles","light gray","38","COCOSE-LIGR-38","6","70.00","https://res.cloudinary.com/dxqypizph/image/upload/v1775491361/products/134/1775491360997-5.jpg","all"
"coach","coach sendles","light gray","39","COCOSE-LIGR-39","6","70.00","https://res.cloudinary.com/dxqypizph/image/upload/v1775491361/products/134/1775491360997-5.jpg","all"
"coach","coach sendles","light gray","40","COCOSE-LIGR-40","3","70.00","https://res.cloudinary.com/dxqypizph/image/upload/v1775491361/products/134/1775491360997-5.jpg","all"
"dior","b30 black","air diorss","40","DIB30BL-AIDI-40","1","55.00","https://res.cloudinary.com/dxqypizph/image/upload/v1776717530/products/14/1776717529857-647003142_122126116179027433_3707355466615186649_n.jpg","all"
"dior","b30 black","bardh","40","DIB30BL-BAR-40","1","80.00","https://res.cloudinary.com/dxqypizph/image/upload/v1776719783/products/14/1776719783360-download-9.jpg","all"
"dior","b30 black","bardh","41","DIB30BL-BAR-41","1","80.00","https://res.cloudinary.com/dxqypizph/image/upload/v1776719783/products/14/1776719783360-download-9.jpg","all"
"dior","b30 black","black","40","DIB30BL-BLA-40","1","80.00","https://res.cloudinary.com/dxqypizph/image/upload/v1774966948/products/14/1774966948550-638270144_122124359313027433_86987904993049362_n.jpg","all"
"dior","b30 black","black","41","DIB30BL-BLA-41","4","80.00","https://res.cloudinary.com/dxqypizph/image/upload/v1774966948/products/14/1774966948550-638270144_122124359313027433_86987904993049362_n.jpg","all"
"dior","b30 black","black","42","DIB30BL-BLA-42","1","80.00","https://res.cloudinary.com/dxqypizph/image/upload/v1774966948/products/14/1774966948550-638270144_122124359313027433_86987904993049362_n.jpg","all"
"dior","b30 black","black","43","DIB30BL-BLA-43","1","80.00","https://res.cloudinary.com/dxqypizph/image/upload/v1774966948/products/14/1774966948550-638270144_122124359313027433_86987904993049362_n.jpg","all"
"dior","b30 black","grey","42","DIB30BL-GRE-42","4","40.00","https://res.cloudinary.com/dxqypizph/image/upload/v1775483768/products/14/1775483767631-647003142_122126116179027433_3707355466615186649_n.jpg","all"
"dior","b30 black","grey","43","DIB30BL-GRE-43","4","40.00","https://res.cloudinary.com/dxqypizph/image/upload/v1775483768/products/14/1775483767631-647003142_122126116179027433_3707355466615186649_n.jpg","all"
"dior","b30 black","grey","44","DIB30BL-GRE-44","6","40.00","https://res.cloudinary.com/dxqypizph/image/upload/v1775483768/products/14/1775483767631-647003142_122126116179027433_3707355466615186649_n.jpg","all"
"dior","b30 black","white","41","DIB30BL-WHI-41","5","80.00","https://res.cloudinary.com/dxqypizph/image/upload/v1775405224/products/14/1775405224471-download-9.jpg","all"
"dior","b30 black","white","42","DIB30BL-WHI-42","2","80.00","https://res.cloudinary.com/dxqypizph/image/upload/v1775405224/products/14/1775405224471-download-9.jpg","all"
"dior","b30 black","white","43","DIB30BL-WHI-43","6","80.00","https://res.cloudinary.com/dxqypizph/image/upload/v1775405224/products/14/1775405224471-download-9.jpg","all"
"dior","b30 black","white","44","DIB30BL-WHI-44","2","80.00","https://res.cloudinary.com/dxqypizph/image/upload/v1775405224/products/14/1775405224471-download-9.jpg","all"
"dior sandles","dior sandles","black","36","DISADI-BLA-36","1","70.00","https://res.cloudinary.com/dxqypizph/image/upload/v1775573041/products/138/1775573041579-90.jpg","all"
"dior sandles","dior sandles","black","37","DISADI-BLA-37","2","70.00","https://res.cloudinary.com/dxqypizph/image/upload/v1775573041/products/138/1775573041579-90.jpg","all"
"dior sandles","dior sandles","black","38","DISADI-BLA-38","5","70.00","https://res.cloudinary.com/dxqypizph/image/upload/v1775573041/products/138/1775573041579-90.jpg","all"
"dior sandles","dior sandles","black","39","DISADI-BLA-39","4","70.00","https://res.cloudinary.com/dxqypizph/image/upload/v1775573041/products/138/1775573041579-90.jpg","all"
"dior sandles","dior sandles","black","40","DISADI-BLA-40","1","70.00","https://res.cloudinary.com/dxqypizph/image/upload/v1775573041/products/138/1775573041579-90.jpg","all"
"dior sandles","dior sandles","blue","36","DISADI-BLU-36","2","70.00","https://res.cloudinary.com/dxqypizph/image/upload/v1775572611/products/138/1775572610707-2222.jpg","all"
"dior sandles","dior sandles","blue","37","DISADI-BLU-37","2","70.00","https://res.cloudinary.com/dxqypizph/image/upload/v1775572611/products/138/1775572610707-2222.jpg","all"
"dior sandles","dior sandles","blue","38","DISADI-BLU-38","4","70.00","https://res.cloudinary.com/dxqypizph/image/upload/v1775572611/products/138/1775572610707-2222.jpg","all"
"dior sandles","dior sandles","blue","39","DISADI-BLU-39","4","70.00","https://res.cloudinary.com/dxqypizph/image/upload/v1775572611/products/138/1775572610707-2222.jpg","all"
"dior sandles","dior sandles","blue","40","DISADI-BLU-40","2","70.00","https://res.cloudinary.com/dxqypizph/image/upload/v1775572611/products/138/1775572610707-2222.jpg","all"
"dior sandles","dior sandles","cream","36","DISADI-CRE-36","3","70.00","https://res.cloudinary.com/dxqypizph/image/upload/v1775572746/products/138/1775572746075-67.jpg","all"
"dior sandles","dior sandles","cream","37","DISADI-CRE-37","5","70.00","https://res.cloudinary.com/dxqypizph/image/upload/v1775572746/products/138/1775572746075-67.jpg","all"
"dior sandles","dior sandles","cream","38","DISADI-CRE-38","6","70.00","https://res.cloudinary.com/dxqypizph/image/upload/v1775572746/products/138/1775572746075-67.jpg","all"
"dior sandles","dior sandles","cream","39","DISADI-CRE-39","4","70.00","https://res.cloudinary.com/dxqypizph/image/upload/v1775572746/products/138/1775572746075-67.jpg","all"
"dior sandles","dior sandles","cream","40","DISADI-CRE-40","41","70.00","https://res.cloudinary.com/dxqypizph/image/upload/v1775572746/products/138/1775572746075-67.jpg","all"
"dior sandles","dior sandles","ezez bardh","36","DISADI-EZBA-36","3","70.00","https://res.cloudinary.com/dxqypizph/image/upload/v1775573487/products/138/1775573486630-2012.jpg","all"
"dior sandles","dior sandles","ezez bardh","37","DISADI-EZBA-37","5","70.00","https://res.cloudinary.com/dxqypizph/image/upload/v1775573487/products/138/1775573486630-2012.jpg","all"
"dior sandles","dior sandles","ezez bardh","38","DISADI-EZBA-38","7","70.00","https://res.cloudinary.com/dxqypizph/image/upload/v1775573487/products/138/1775573486630-2012.jpg","all"
"dior sandles","dior sandles","ezez bardh","39","DISADI-EZBA-39","6","70.00","https://res.cloudinary.com/dxqypizph/image/upload/v1775573487/products/138/1775573486630-2012.jpg","all"
"dior sandles","dior sandles","ezez bardh","40","DISADI-EZBA-40","2","70.00","https://res.cloudinary.com/dxqypizph/image/upload/v1775573487/products/138/1775573486630-2012.jpg","all"
"dior sandles","dior sandles","krem brown","36","DISADI-KRBR-36","1","70.00","https://res.cloudinary.com/dxqypizph/image/upload/v1775573601/products/138/1775573600457-123.jpg","all"
"dior sandles","dior sandles","krem brown","37","DISADI-KRBR-37","4","70.00","https://res.cloudinary.com/dxqypizph/image/upload/v1775573601/products/138/1775573600457-123.jpg","all"
"dior sandles","dior sandles","krem brown","38","DISADI-KRBR-38","7","70.00","https://res.cloudinary.com/dxqypizph/image/upload/v1775573601/products/138/1775573600457-123.jpg","all"
"dior sandles","dior sandles","krem brown","39","DISADI-KRBR-39","5","70.00","https://res.cloudinary.com/dxqypizph/image/upload/v1775573601/products/138/1775573600457-123.jpg","all"
"dior sandles","dior sandles","krem brown","40","DISADI-KRBR-40","3","70.00","https://res.cloudinary.com/dxqypizph/image/upload/v1775573601/products/138/1775573600457-123.jpg","all"
"dior sandles","dior sandles","kren zez","36","DISADI-KRZE-36","3","70.00","https://res.cloudinary.com/dxqypizph/image/upload/v1775573437/products/138/1775573436548-2025.jpg","all"
"dior sandles","dior sandles","kren zez","37","DISADI-KRZE-37","4","70.00","https://res.cloudinary.com/dxqypizph/image/upload/v1775573437/products/138/1775573436548-2025.jpg","all"
"dior sandles","dior sandles","kren zez","38","DISADI-KRZE-38","3","70.00","https://res.cloudinary.com/dxqypizph/image/upload/v1775573437/products/138/1775573436548-2025.jpg","all"
"dior sandles","dior sandles","kren zez","39","DISADI-KRZE-39","3","70.00","https://res.cloudinary.com/dxqypizph/image/upload/v1775573437/products/138/1775573436548-2025.jpg","all"
"dior sandles","dior sandles","kren zez","40","DISADI-KRZE-40","2","70.00","https://res.cloudinary.com/dxqypizph/image/upload/v1775573437/products/138/1775573436548-2025.jpg","all"
"dior sandles","dior sandles","light blue","36","DISADI-LIBL-36","3","70.00","https://res.cloudinary.com/dxqypizph/image/upload/v1775573682/products/138/1775573681923-d555.jpg","all"
"dior sandles","dior sandles","light blue","37","DISADI-LIBL-37","4","70.00","https://res.cloudinary.com/dxqypizph/image/upload/v1775573682/products/138/1775573681923-d555.jpg","all"
"dior sandles","dior sandles","light blue","38","DISADI-LIBL-38","5","70.00","https://res.cloudinary.com/dxqypizph/image/upload/v1775573682/products/138/1775573681923-d555.jpg","all"
"dior sandles","dior sandles","light blue","39","DISADI-LIBL-39","4","70.00","https://res.cloudinary.com/dxqypizph/image/upload/v1775573682/products/138/1775573681923-d555.jpg","all"
"dior sandles","dior sandles","light blue","40","DISADI-LIBL-40","2","70.00","https://res.cloudinary.com/dxqypizph/image/upload/v1775573682/products/138/1775573681923-d555.jpg","all"
"dior sandles","dior sandles","w bardh","36","DISADI-WBA-36","4","70.00","https://res.cloudinary.com/dxqypizph/image/upload/v1775573761/products/138/1775573760537-d66.jpg","all"
"dior sandles","dior sandles","w bardh","37","DISADI-WBA-37","5","70.00","https://res.cloudinary.com/dxqypizph/image/upload/v1775573761/products/138/1775573760537-d66.jpg","all"
"dior sandles","dior sandles","w bardh","38","DISADI-WBA-38","6","70.00","https://res.cloudinary.com/dxqypizph/image/upload/v1775573761/products/138/1775573760537-d66.jpg","all"
"dior sandles","dior sandles","w bardh","39","DISADI-WBA-39","5","70.00","https://res.cloudinary.com/dxqypizph/image/upload/v1775573761/products/138/1775573760537-d66.jpg","all"
"dior sandles","dior sandles","white","36","DISADI-WHI-36","2","70.00","https://res.cloudinary.com/dxqypizph/image/upload/v1775572958/products/138/1775572958198-88.jpg","all"
"dior sandles","dior sandles","white","37","DISADI-WHI-37","4","70.00","https://res.cloudinary.com/dxqypizph/image/upload/v1775572958/products/138/1775572958198-88.jpg","all"
"dior sandles","dior sandles","white","38","DISADI-WHI-38","7","70.00","https://res.cloudinary.com/dxqypizph/image/upload/v1775572958/products/138/1775572958198-88.jpg","all"
"dior sandles","dior sandles","white","39","DISADI-WHI-39","6","70.00","https://res.cloudinary.com/dxqypizph/image/upload/v1775572958/products/138/1775572958198-88.jpg","all"
"dior sandles","dior sandles","white","40","DISADI-WHI-40","2","70.00","https://res.cloudinary.com/dxqypizph/image/upload/v1775572958/products/138/1775572958198-88.jpg","all"
"dior sandles","dior sandles","white blue","36","DISADI-WHBL-36","5","69.98","https://res.cloudinary.com/dxqypizph/image/upload/v1775573382/products/138/1775573381483-2026.jpg","all"
"dior sandles","dior sandles","white blue","37","DISADI-WHBL-37","5","69.98","https://res.cloudinary.com/dxqypizph/image/upload/v1775573382/products/138/1775573381483-2026.jpg","all"
"dior sandles","dior sandles","white blue","38","DISADI-WHBL-38","7","69.98","https://res.cloudinary.com/dxqypizph/image/upload/v1775573382/products/138/1775573381483-2026.jpg","all"
"dior sandles","dior sandles","white blue","39","DISADI-WHBL-39","7","69.98","https://res.cloudinary.com/dxqypizph/image/upload/v1775573382/products/138/1775573381483-2026.jpg","all"
"dior sandles","dior sandles","white blue","40","DISADI-WHBL-40","4","69.98","https://res.cloudinary.com/dxqypizph/image/upload/v1775573382/products/138/1775573381483-2026.jpg","all"
"dior sandles","dior sandles","zez","38","DISADI-ZEZ-38","3","70.00","https://res.cloudinary.com/dxqypizph/image/upload/v1775572801/products/138/1775572801054-77.jpg","all"
"gucci","gucci","blue","42","GUGU-BLU-42","1","110.00","https://res.cloudinary.com/dxqypizph/image/upload/v1775430091/products/126/1775430089600-637158717_122124264459027433_2197705150312245127_n.jpg","all"
"gucci","gucci","blue","43","GUGU-BLU-43","1","110.00","https://res.cloudinary.com/dxqypizph/image/upload/v1775430091/products/126/1775430089600-637158717_122124264459027433_2197705150312245127_n.jpg","all"
"gucci","gucci","brown","40","GUGU-BRO-40","2","110.00","https://res.cloudinary.com/dxqypizph/image/upload/v1775430851/products/126/1775430850997-635114438_122124264849027433_5746293862859095007_n.jpg","all"
"gucci","gucci","brown","41","GUGU-BRO-41","3","110.00","https://res.cloudinary.com/dxqypizph/image/upload/v1775430851/products/126/1775430850997-635114438_122124264849027433_5746293862859095007_n.jpg","all"
"gucci","gucci","brown","42","GUGU-BRO-42","11","110.00","https://res.cloudinary.com/dxqypizph/image/upload/v1775430851/products/126/1775430850997-635114438_122124264849027433_5746293862859095007_n.jpg","all"
"gucci","gucci","brown","43","GUGU-BRO-43","14","110.00","https://res.cloudinary.com/dxqypizph/image/upload/v1775430851/products/126/1775430850997-635114438_122124264849027433_5746293862859095007_n.jpg","all"
"gucci","gucci","brown","44","GUGU-BRO-44","8","110.00","https://res.cloudinary.com/dxqypizph/image/upload/v1775430851/products/126/1775430850997-635114438_122124264849027433_5746293862859095007_n.jpg","all"
"gucci","gucci","brown","45","GUGU-BRO-45","9","110.00","https://res.cloudinary.com/dxqypizph/image/upload/v1775430851/products/126/1775430850997-635114438_122124264849027433_5746293862859095007_n.jpg","all"
"gucci","gucci","navy","40","GUGU-NAV-40","1","120.00","https://res.cloudinary.com/dxqypizph/image/upload/v1776782676/products/126/1776782675746-img_2397.jpg","all"
"gucci","gucci","navy","41","GUGU-NAV-41","1","120.00","https://res.cloudinary.com/dxqypizph/image/upload/v1776782676/products/126/1776782675746-img_2397.jpg","all"
"gucci","gucci","navy","42","GUGU-NAV-42","8","120.00","https://res.cloudinary.com/dxqypizph/image/upload/v1776782676/products/126/1776782675746-img_2397.jpg","all"
"gucci","gucci","navy","43","GUGU-NAV-43","8","120.00","https://res.cloudinary.com/dxqypizph/image/upload/v1776782676/products/126/1776782675746-img_2397.jpg","all"
"gucci","gucci","navy","44","GUGU-NAV-44","6","120.00","https://res.cloudinary.com/dxqypizph/image/upload/v1776782676/products/126/1776782675746-img_2397.jpg","all"
"gucci","gucci","navy","45","GUGU-NAV-45","4","120.00","https://res.cloudinary.com/dxqypizph/image/upload/v1776782676/products/126/1776782675746-img_2397.jpg","all"
"gucci","gucci","white","40","GUGU-WHI-40","3","110.00","https://res.cloudinary.com/dxqypizph/image/upload/v1775431023/products/126/1775431022689-646893249_122126154129027433_8931261843621463175_n.jpg","all"
"gucci","gucci","white","41","GUGU-WHI-41","2","110.00","https://res.cloudinary.com/dxqypizph/image/upload/v1775431023/products/126/1775431022689-646893249_122126154129027433_8931261843621463175_n.jpg","all"
"gucci","gucci","white","42","GUGU-WHI-42","8","110.00","https://res.cloudinary.com/dxqypizph/image/upload/v1775431023/products/126/1775431022689-646893249_122126154129027433_8931261843621463175_n.jpg","all"
"gucci","gucci","white","43","GUGU-WHI-43","10","110.00","https://res.cloudinary.com/dxqypizph/image/upload/v1775431023/products/126/1775431022689-646893249_122126154129027433_8931261843621463175_n.jpg","all"
"gucci","gucci","white","44","GUGU-WHI-44","6","110.00","https://res.cloudinary.com/dxqypizph/image/upload/v1775431023/products/126/1775431022689-646893249_122126154129027433_8931261843621463175_n.jpg","all"
"gucci","gucci","white","45","GUGU-WHI-45","7","110.00","https://res.cloudinary.com/dxqypizph/image/upload/v1775431023/products/126/1775431022689-646893249_122126154129027433_8931261843621463175_n.jpg","all"
"gucci","gucci green shoe","apricot","36","GUGUGR-APR-36","1","110.00","https://res.cloudinary.com/dxqypizph/image/upload/v1785707411/products/114/1785707411218-55.jpg","all"
"gucci","gucci green shoe","apricot","37","GUGUGR-APR-37","2","110.00","https://res.cloudinary.com/dxqypizph/image/upload/v1785707411/products/114/1785707411218-55.jpg","all"
"gucci","gucci green shoe","apricot","38","GUGUGR-APR-38","3","110.00","https://res.cloudinary.com/dxqypizph/image/upload/v1785707411/products/114/1785707411218-55.jpg","all"
"gucci","gucci green shoe","apricot","39","GUGUGR-APR-39","2","110.00","https://res.cloudinary.com/dxqypizph/image/upload/v1785707411/products/114/1785707411218-55.jpg","all"
"gucci","gucci green shoe","apricot","40","GUGUGR-APR-40","2","110.00","https://res.cloudinary.com/dxqypizph/image/upload/v1785707411/products/114/1785707411218-55.jpg","all"
"gucci","gucci green shoe","apricot","41","GUGUGR-APR-41","1","110.00","https://res.cloudinary.com/dxqypizph/image/upload/v1785707411/products/114/1785707411218-55.jpg","all"
"gucci","gucci green shoe","cowboy cream","38","GUGUGR-COCR-38","2","120.00","https://res.cloudinary.com/dxqypizph/image/upload/v1775500771/products/114/1775500771278-tr.jpg","all"
"gucci","gucci green shoe","gjelbert","38","GUGUGR-GJE-38","2","120.00","https://res.cloudinary.com/dxqypizph/image/upload/v1776720184/products/114/1776720183630-p00993799_d4.avif","all"
"gucci","gucci green shoe","green","36","NIGUGR-GRE-36","3","80.00","https://res.cloudinary.com/dxqypizph/image/upload/v1775337501/products/114/1775337501421-648843666_122126276391027433_327148369963326511_n.jpg","all"
"gucci","gucci green shoe","green","37","NIGUGR-GRE-37","3","80.00","https://res.cloudinary.com/dxqypizph/image/upload/v1775337501/products/114/1775337501421-648843666_122126276391027433_327148369963326511_n.jpg","all"
"gucci","gucci green shoe","green","38","NIGUGR-GRE-38","2","80.00","https://res.cloudinary.com/dxqypizph/image/upload/v1775337501/products/114/1775337501421-648843666_122126276391027433_327148369963326511_n.jpg","all"
"gucci","gucci green shoe","green","39","NIGUGR-GRE-39","3","79.99","https://res.cloudinary.com/dxqypizph/image/upload/v1775337501/products/114/1775337501421-648843666_122126276391027433_327148369963326511_n.jpg","all"
"gucci","gucci green shoe","green","40","NIGUGR-GRE-40","1","80.00","https://res.cloudinary.com/dxqypizph/image/upload/v1775337501/products/114/1775337501421-648843666_122126276391027433_327148369963326511_n.jpg","all"
"gucci","gucci green shoe","pink","36","GUGUGR-PIN-36","1","70.00","https://res.cloudinary.com/dxqypizph/image/upload/v1775500922/products/114/1775500921900-images-16.jpg","all"
"gucci","gucci green shoe","pink","37","GUGUGR-PIN-37","1","70.00","https://res.cloudinary.com/dxqypizph/image/upload/v1775500922/products/114/1775500921900-images-16.jpg","all"
"gucci","gucci green shoe","pink","38","GUGUGR-PIN-38","1","70.00","https://res.cloudinary.com/dxqypizph/image/upload/v1775500922/products/114/1775500921900-images-16.jpg","all"
"gucci","gucci green shoe","pink","39","GUGUGR-PIN-39","2","70.00","https://res.cloudinary.com/dxqypizph/image/upload/v1775500922/products/114/1775500921900-images-16.jpg","all"
"gucci","gucci green shoe","pink","40","GUGUGR-PIN-40","1","70.00","https://res.cloudinary.com/dxqypizph/image/upload/v1775500922/products/114/1775500921900-images-16.jpg","all"
"gucci","gucci sendeles","Coffe","36","GUGUSE-COF-36","1","65.00","https://res.cloudinary.com/dxqypizph/image/upload/v1785835248/products/136/1785835247621-img_3523.jpg","all"
"gucci","gucci sendeles","Coffe","37","GUGUSE-COF-37","1","65.00","https://res.cloudinary.com/dxqypizph/image/upload/v1785835248/products/136/1785835247621-img_3523.jpg","all"
"gucci","gucci sendeles","Coffe","38","GUGUSE-COF-38","2","65.00","https://res.cloudinary.com/dxqypizph/image/upload/v1785835248/products/136/1785835247621-img_3523.jpg","all"
"gucci","gucci sendeles","Coffe","39","GUGUSE-COF-39","2","65.00","https://res.cloudinary.com/dxqypizph/image/upload/v1785835248/products/136/1785835247621-img_3523.jpg","all"
"gucci","gucci sendeles","Coffe","40","GUGUSE-COF-40","1","65.00","https://res.cloudinary.com/dxqypizph/image/upload/v1785835248/products/136/1785835247621-img_3523.jpg","all"
"gucci","gucci sendeles","Coffe","41","GUGUSE-COF-41","2","65.00","https://res.cloudinary.com/dxqypizph/image/upload/v1785835248/products/136/1785835247621-img_3523.jpg","all"
"gucci","gucci sendeles","Kafe","36","GUGUSE-KAF-36","1","70.00","https://res.cloudinary.com/dxqypizph/image/upload/v1785836070/products/136/1785836070267-img_3528.jpg","all"
"gucci","gucci sendeles","Kafe","37","GUGUSE-KAF-37","1","70.00","https://res.cloudinary.com/dxqypizph/image/upload/v1785836070/products/136/1785836070267-img_3528.jpg","all"
"gucci","gucci sendeles","Kafe","38","GUGUSE-KAF-38","3","70.00","https://res.cloudinary.com/dxqypizph/image/upload/v1785836070/products/136/1785836070267-img_3528.jpg","all"
"gucci","gucci sendeles","Kafe","39","GUGUSE-KAF-39","1","70.00","https://res.cloudinary.com/dxqypizph/image/upload/v1785836070/products/136/1785836070267-img_3528.jpg","all"
"gucci","gucci sendeles","Kafe","40","GUGUSE-KAF-40","2","70.00","https://res.cloudinary.com/dxqypizph/image/upload/v1785836070/products/136/1785836070267-img_3528.jpg","all"
"gucci","gucci sendeles","Kafe","41","GUGUSE-KAF-41","1","70.00","https://res.cloudinary.com/dxqypizph/image/upload/v1785836070/products/136/1785836070267-img_3528.jpg","all"
"gucci","gucci sendeles","Kaft","36","GUGUSE-KAF-36-2","1","70.00","https://res.cloudinary.com/dxqypizph/image/upload/v1785836183/products/136/1785836182925-img_3529.jpg","all"
"gucci","gucci sendeles","Kaft","37","GUGUSE-KAF-37-2","3","70.00","https://res.cloudinary.com/dxqypizph/image/upload/v1785836183/products/136/1785836182925-img_3529.jpg","all"
"gucci","gucci sendeles","Kaft","38","GUGUSE-KAF-38-2","1","70.00","https://res.cloudinary.com/dxqypizph/image/upload/v1785836183/products/136/1785836182925-img_3529.jpg","all"
"gucci","gucci sendeles","Kaft","39","GUGUSE-KAF-39-2","1","70.00","https://res.cloudinary.com/dxqypizph/image/upload/v1785836183/products/136/1785836182925-img_3529.jpg","all"
"gucci","gucci sendeles","Kaft","41","GUGUSE-KAF-41-2","1","70.00","https://res.cloudinary.com/dxqypizph/image/upload/v1785836183/products/136/1785836182925-img_3529.jpg","all"
"gucci","gucci sendeles","apricot","36","GUGUSE-APR-36","5","70.00","https://res.cloudinary.com/dxqypizph/image/upload/v1775499086/products/136/1775499086062-api.jpg","all"
"gucci","gucci sendeles","apricot","37","GUGUSE-APR-37","6","70.00","https://res.cloudinary.com/dxqypizph/image/upload/v1775499585/products/136/1775499584527-api.jpg","all"
"gucci","gucci sendeles","apricot","38","GUGUSE-APR-38","20","70.00","https://res.cloudinary.com/dxqypizph/image/upload/v1775499086/products/136/1775499086062-api.jpg","all"
"gucci","gucci sendeles","apricot","39","GUGUSE-APR-39","10","70.00","https://res.cloudinary.com/dxqypizph/image/upload/v1775499086/products/136/1775499086062-api.jpg","all"
"gucci","gucci sendeles","apricot","40","GUGUSE-APR-40-2","1","70.00","https://res.cloudinary.com/dxqypizph/image/upload/v1775499086/products/136/1775499086062-api.jpg","all"
"gucci","gucci sendeles","apricot red","36","GUGUSE-APRE-36","2","70.00","https://res.cloudinary.com/dxqypizph/image/upload/v1775499437/products/136/1775499437445-images-13.jpg","all"
"gucci","gucci sendeles","apricot red","37","GUGUSE-APRE-37","4","70.00","https://res.cloudinary.com/dxqypizph/image/upload/v1775499437/products/136/1775499437445-images-13.jpg","all"
"gucci","gucci sendeles","apricot red","38","GUGUSE-APRE-38","6","70.00","https://res.cloudinary.com/dxqypizph/image/upload/v1775499437/products/136/1775499437445-images-13.jpg","all"
"gucci","gucci sendeles","apricot red","39","GUGUSE-APRE-39","4","70.00","https://res.cloudinary.com/dxqypizph/image/upload/v1775499437/products/136/1775499437445-images-13.jpg","all"
"gucci","gucci sendeles","apricot red","40","GUGUSE-APRE-40","1","70.00","https://res.cloudinary.com/dxqypizph/image/upload/v1775499437/products/136/1775499437445-images-13.jpg","all"
"gucci","gucci sendeles","black shine","36","GUGUSE-BLSH-36","2","70.00","https://res.cloudinary.com/dxqypizph/image/upload/v1775498762/products/136/1775498761872-w.jpg","all"
"gucci","gucci sendeles","black shine","37","GUGUSE-BLSH-37","3","70.00","https://res.cloudinary.com/dxqypizph/image/upload/v1775498762/products/136/1775498761872-w.jpg","all"
"gucci","gucci sendeles","black shine","38","GUGUSE-BLSH-38","6","70.00","https://res.cloudinary.com/dxqypizph/image/upload/v1775498762/products/136/1775498761872-w.jpg","all"
"gucci","gucci sendeles","black shine","39","GUGUSE-BLSH-39","6","70.00","https://res.cloudinary.com/dxqypizph/image/upload/v1775498762/products/136/1775498761872-w.jpg","all"
"gucci","gucci sendeles","black shine","40","GUGUSE-BLSH-40","2","70.00","https://res.cloudinary.com/dxqypizph/image/upload/v1775498762/products/136/1775498761872-w.jpg","all"
"gucci","gucci sendeles","blak","36","GUGUSE-BLA-36","2","65.00","https://res.cloudinary.com/dxqypizph/image/upload/v1785836548/products/136/1785836547990-download.jpg","all"
"gucci","gucci sendeles","blak","37","GUGUSE-BLA-37","1","65.00","https://res.cloudinary.com/dxqypizph/image/upload/v1785836548/products/136/1785836547990-download.jpg","all"
"gucci","gucci sendeles","blak","38","GUGUSE-BLA-38","2","65.00","https://res.cloudinary.com/dxqypizph/image/upload/v1785836548/products/136/1785836547990-download.jpg","all"
"gucci","gucci sendeles","blak","39","GUGUSE-BLA-39","2","65.00","https://res.cloudinary.com/dxqypizph/image/upload/v1785836548/products/136/1785836547990-download.jpg","all"
"gucci","gucci sendeles","blak","40","GUGUSE-BLA-40","2","65.00","https://res.cloudinary.com/dxqypizph/image/upload/v1785836548/products/136/1785836547990-download.jpg","all"
"gucci","gucci sendeles","blue","36","GUGUSE-BLU-36","2","70.00","https://res.cloudinary.com/dxqypizph/image/upload/v1775500331/products/136/1775500331051-gg.webp","all"
"gucci","gucci sendeles","blue","37","GUGUSE-BLU-37","5","70.00","https://res.cloudinary.com/dxqypizph/image/upload/v1775500331/products/136/1775500331051-gg.webp","all"
"gucci","gucci sendeles","blue","38","GUGUSE-BLU-38","7","70.00","https://res.cloudinary.com/dxqypizph/image/upload/v1775500331/products/136/1775500331051-gg.webp","all"
"gucci","gucci sendeles","blue","39","GUGUSE-BLU-39","5","70.00","https://res.cloudinary.com/dxqypizph/image/upload/v1775500331/products/136/1775500331051-gg.webp","all"
"gucci","gucci sendeles","blue","40","GUGUSE-BLU-40","3","70.00","https://res.cloudinary.com/dxqypizph/image/upload/v1775500331/products/136/1775500331051-gg.webp","all"
"gucci","gucci sendeles","brown","36","GUGUSE-BRO-36","2","70.00","https://res.cloudinary.com/dxqypizph/image/upload/v1775499899/products/136/1775499898811-67.jpg","all"
"gucci","gucci sendeles","brown","39","GUGUSE-BRO-39","1","70.00","https://res.cloudinary.com/dxqypizph/image/upload/v1775499899/products/136/1775499898811-67.jpg","all"
"gucci","gucci sendeles","brown","40","GUGUSE-BRO-40","1","70.00","https://res.cloudinary.com/dxqypizph/image/upload/v1775499899/products/136/1775499898811-67.jpg","all"
"gucci","gucci sendeles","cowboy black","36","GUGUSE-COBL-36","2","70.00","https://res.cloudinary.com/dxqypizph/image/upload/v1775498912/products/136/1775498911829-t.jpg","all"
"gucci","gucci sendeles","cowboy black","37","GUGUSE-COBL-37","5","70.00","https://res.cloudinary.com/dxqypizph/image/upload/v1775498912/products/136/1775498911829-t.jpg","all"
"gucci","gucci sendeles","cowboy black","38","GUGUSE-COBL-38","4","70.00","https://res.cloudinary.com/dxqypizph/image/upload/v1775498912/products/136/1775498911829-t.jpg","all"
"gucci","gucci sendeles","cowboy black","39","GUGUSE-COBL-39","5","70.00","https://res.cloudinary.com/dxqypizph/image/upload/v1775498912/products/136/1775498911829-t.jpg","all"
"gucci","gucci sendeles","cowboy black","40","GUGUSE-COBL-40","2","70.00","https://res.cloudinary.com/dxqypizph/image/upload/v1775498912/products/136/1775498911829-t.jpg","all"
"gucci","gucci sendeles","cowboy blue","36","GUGUSE-COBL-36-3","3","70.00","https://res.cloudinary.com/dxqypizph/image/upload/v1775499029/products/136/1775499028635-s-l400.jpg","all"
"gucci","gucci sendeles","cowboy blue","37","GUGUSE-COBL-37-2","6","70.00","https://res.cloudinary.com/dxqypizph/image/upload/v1775499029/products/136/1775499028635-s-l400.jpg","all"
"gucci","gucci sendeles","cowboy blue","38","GUGUSE-COBL-38-2","13","70.00","https://res.cloudinary.com/dxqypizph/image/upload/v1775499029/products/136/1775499028635-s-l400.jpg","all"
"gucci","gucci sendeles","cowboy blue","39","GUGUSE-COBL-39-2","11","70.00","https://res.cloudinary.com/dxqypizph/image/upload/v1775499029/products/136/1775499028635-s-l400.jpg","all"
"gucci","gucci sendeles","cowboy blue","40","GUGUSE-COBL-40-3","4","70.00","https://res.cloudinary.com/dxqypizph/image/upload/v1775499029/products/136/1775499028635-s-l400.jpg","all"
"gucci","gucci sendeles","e bardh","36","GUGUSE-EBA-36","2","65.00","https://res.cloudinary.com/dxqypizph/image/upload/v1785836659/products/136/1785836659045-download-1.jpg","all"
"gucci","gucci sendeles","e bardh","37","GUGUSE-EBA-37","2","65.00","https://res.cloudinary.com/dxqypizph/image/upload/v1785836659/products/136/1785836659045-download-1.jpg","all"
"gucci","gucci sendeles","e bardh","38","GUGUSE-EBA-38","2","65.00","https://res.cloudinary.com/dxqypizph/image/upload/v1785836659/products/136/1785836659045-download-1.jpg","all"
"gucci","gucci sendeles","e bardh","39","GUGUSE-EBA-39","2","65.00","https://res.cloudinary.com/dxqypizph/image/upload/v1785836659/products/136/1785836659045-download-1.jpg","all"
"gucci","gucci sendeles","e bardh","40","GUGUSE-EBA-40","2","65.00","https://res.cloudinary.com/dxqypizph/image/upload/v1785836659/products/136/1785836659045-download-1.jpg","all"
"gucci","gucci sendeles","e pembe","36","GUGUSE-EPE-36","2","70.00","https://res.cloudinary.com/dxqypizph/image/upload/v1776025337/products/136/1776025336525-ekk.jpg","all"
"gucci","gucci sendeles","green","36","GUGUSE-GRE-36","2","70.00","https://res.cloudinary.com/dxqypizph/image/upload/v1775499187/products/136/1775499187264-gre.jpg","all"
"gucci","gucci sendeles","green","37","GUGUSE-GRE-37","4","70.00","https://res.cloudinary.com/dxqypizph/image/upload/v1775499187/products/136/1775499187264-gre.jpg","all"
"gucci","gucci sendeles","green","38","GUGUSE-GRE-38","4","70.00","https://res.cloudinary.com/dxqypizph/image/upload/v1775499187/products/136/1775499187264-gre.jpg","all"
"gucci","gucci sendeles","green","39","GUGUSE-GRE-39","5","70.00","https://res.cloudinary.com/dxqypizph/image/upload/v1775499187/products/136/1775499187264-gre.jpg","all"
"gucci","gucci sendeles","green","40","GUGUSE-GRE-40","2","70.00","https://res.cloudinary.com/dxqypizph/image/upload/v1775499187/products/136/1775499187264-gre.jpg","all"
"gucci","gucci sendeles","khaki","36","GUGUSE-KHA-36-2","2","70.00","https://res.cloudinary.com/dxqypizph/image/upload/v1775498835/products/136/1775498834268-q.jpg","all"
"gucci","gucci sendeles","khaki","37","GUGUSE-KHA-37","5","70.00","https://res.cloudinary.com/dxqypizph/image/upload/v1775498835/products/136/1775498834268-q.jpg","all"
"gucci","gucci sendeles","khaki","38","GUGUSE-KHA-38","6","70.00","https://res.cloudinary.com/dxqypizph/image/upload/v1775498835/products/136/1775498834268-q.jpg","all"
"gucci","gucci sendeles","khaki","39","GUGUSE-KHA-39","4","70.00","https://res.cloudinary.com/dxqypizph/image/upload/v1775498835/products/136/1775498834268-q.jpg","all"
"gucci","gucci sendeles","khaki","40","GUGUSE-KHA-40-2","3","70.00","https://res.cloudinary.com/dxqypizph/image/upload/v1775498835/products/136/1775498834268-q.jpg","all"
"gucci","gucci sendeles","perpule","36","GUGUSE-PER-36","4","70.00","https://res.cloudinary.com/dxqypizph/image/upload/v1775500657/products/136/1775500656773-images-15.jpg","all"
"gucci","gucci sendeles","perpule","37","GUGUSE-PER-37","4","70.00","https://res.cloudinary.com/dxqypizph/image/upload/v1775500657/products/136/1775500656773-images-15.jpg","all"
"gucci","gucci sendeles","perpule","38","GUGUSE-PER-38","6","70.00","https://res.cloudinary.com/dxqypizph/image/upload/v1775500657/products/136/1775500656773-images-15.jpg","all"
"gucci","gucci sendeles","perpule","39","GUGUSE-PER-39","6","70.00","https://res.cloudinary.com/dxqypizph/image/upload/v1775500657/products/136/1775500656773-images-15.jpg","all"
"gucci","gucci sendeles","perpule","40","GUGUSE-PER-40","3","70.00","https://res.cloudinary.com/dxqypizph/image/upload/v1775500657/products/136/1775500656773-images-15.jpg","all"
"gucci","gucci sendeles","pink","36","GUGUSE-PIN-36-2","2","70.00","https://res.cloudinary.com/dxqypizph/image/upload/v1775499256/products/136/1775499256278-pink.jpg","all"
"gucci","gucci sendeles","pink","37","GUGUSE-PIN-37","5","70.00","https://res.cloudinary.com/dxqypizph/image/upload/v1775499256/products/136/1775499256278-pink.jpg","all"
"gucci","gucci sendeles","pink","38","GUGUSE-PIN-38","6","70.00","https://res.cloudinary.com/dxqypizph/image/upload/v1775499256/products/136/1775499256278-pink.jpg","all"
"gucci","gucci sendeles","pink","39","GUGUSE-PIN-39","4","70.00","https://res.cloudinary.com/dxqypizph/image/upload/v1775499256/products/136/1775499256278-pink.jpg","all"
"gucci","gucci sendeles","pink","40","GUGUSE-PIN-40-2","1","70.00","https://res.cloudinary.com/dxqypizph/image/upload/v1775499256/products/136/1775499256278-pink.jpg","all"
"gucci","gucci sendeles","pink green","36","GUGUSE-PIGR-36","2","70.00","https://res.cloudinary.com/dxqypizph/image/upload/v1775499707/products/136/1775499706645-images-14.jpg","all"
"gucci","gucci sendeles","pink green","37","GUGUSE-PIGR-37","5","70.00","https://res.cloudinary.com/dxqypizph/image/upload/v1775499707/products/136/1775499706645-images-14.jpg","all"
"gucci","gucci sendeles","pink green","38","GUGUSE-PIGR-38","4","70.00","https://res.cloudinary.com/dxqypizph/image/upload/v1775499707/products/136/1775499706645-images-14.jpg","all"
"gucci","gucci sendeles","pink green","39","GUGUSE-PIGR-39","6","70.00","https://res.cloudinary.com/dxqypizph/image/upload/v1775499707/products/136/1775499706645-images-14.jpg","all"
"gucci","gucci sendeles","pink green","40","GUGUSE-PIGR-40","2","70.00","https://res.cloudinary.com/dxqypizph/image/upload/v1775499707/products/136/1775499706645-images-14.jpg","all"
"gucci","gucci sendeles","pinkk","36","GUGUSE-PIN-36","1","70.00","https://res.cloudinary.com/dxqypizph/image/upload/v1777055763/products/136/1777055763029-ekk.jpg","all"
"gucci","gucci sendeles","pinkk","40","GUGUSE-PIN-40","2","70.00","https://res.cloudinary.com/dxqypizph/image/upload/v1777055763/products/136/1777055763029-ekk.jpg","all"
"hermes sandale","hermes sandale","AllBalck","36","HESAHE-ALL-36","4","70.00","https://res.cloudinary.com/dxqypizph/image/upload/v1777991902/products/120/1777991901492-img_3501.webp","all"
"hermes sandale","hermes sandale","AllBalck","37","HESAHE-ALL-37","7","70.00","https://res.cloudinary.com/dxqypizph/image/upload/v1777991902/products/120/1777991901492-img_3501.webp","all"
"hermes sandale","hermes sandale","AllBalck","38","HESAHE-ALL-38","6","70.00","https://res.cloudinary.com/dxqypizph/image/upload/v1777991902/products/120/1777991901492-img_3501.webp","all"
"hermes sandale","hermes sandale","AllBalck","39","HESAHE-ALL-39","2","70.00","https://res.cloudinary.com/dxqypizph/image/upload/v1777991902/products/120/1777991901492-img_3501.webp","all"
"hermes sandale","hermes sandale","AllBalck","40","HESAHE-ALL-40","2","70.00","https://res.cloudinary.com/dxqypizph/image/upload/v1777991902/products/120/1777991901492-img_3501.webp","all"
"hermes sandale","hermes sandale","AllBalck","41","HESAHE-ALL-41","3","70.00","https://res.cloudinary.com/dxqypizph/image/upload/v1777991902/products/120/1777991901492-img_3501.webp","all"
"hermes sandale","hermes sandale","AllBalck","42","HESAHE-ALL-42","2","70.00","https://res.cloudinary.com/dxqypizph/image/upload/v1777991902/products/120/1777991901492-img_3501.webp","all"
"hermes sandale","hermes sandale","AllBalck","43","HESAHE-ALL-43","2","70.00","https://res.cloudinary.com/dxqypizph/image/upload/v1777991902/products/120/1777991901492-img_3501.webp","all"
"hermes sandale","hermes sandale","AllBalck","44","HESAHE-ALL-44","1","70.00","https://res.cloudinary.com/dxqypizph/image/upload/v1777991902/products/120/1777991901492-img_3501.webp","all"
"hermes sandale","hermes sandale","Apricot","36","HESAHE-APR-36","4","60.00","https://res.cloudinary.com/dxqypizph/image/upload/v1777987207/products/120/1777987207091-img_2542.jpg","all"
"hermes sandale","hermes sandale","Apricot","37","HESAHE-APR-37","5","60.00","https://res.cloudinary.com/dxqypizph/image/upload/v1777987207/products/120/1777987207091-img_2542.jpg","all"
"hermes sandale","hermes sandale","Apricot","38","HESAHE-APR-38","6","60.00","https://res.cloudinary.com/dxqypizph/image/upload/v1777987207/products/120/1777987207091-img_2542.jpg","all"
"hermes sandale","hermes sandale","Apricot","39","HESAHE-APR-39","4","60.00","https://res.cloudinary.com/dxqypizph/image/upload/v1777987207/products/120/1777987207091-img_2542.jpg","all"
"hermes sandale","hermes sandale","BABY PINK","36","HESAHE-BAPI-36","3","65.00","https://res.cloudinary.com/dxqypizph/image/upload/v1775487016/products/120/1775487016307-download-28.jpg","all"
"hermes sandale","hermes sandale","BABY PINK","37","HESAHE-BAPI-37","5","65.00","https://res.cloudinary.com/dxqypizph/image/upload/v1775487016/products/120/1775487016307-download-28.jpg","all"
"hermes sandale","hermes sandale","BABY PINK","38","HESAHE-BAPI-38","3","65.00","https://res.cloudinary.com/dxqypizph/image/upload/v1775487016/products/120/1775487016307-download-28.jpg","all"
"hermes sandale","hermes sandale","BABY PINK","39","HESAHE-BAPI-39","1","65.00","https://res.cloudinary.com/dxqypizph/image/upload/v1775487016/products/120/1775487016307-download-28.jpg","all"
"hermes sandale","hermes sandale","BABY PINK","40","HESAHE-BAPI-40","1","65.00","https://res.cloudinary.com/dxqypizph/image/upload/v1775487016/products/120/1775487016307-download-28.jpg","all"
"hermes sandale","hermes sandale","BROWN HOT PINK","36","HESAHE-BRHO-36","3","65.00","https://res.cloudinary.com/dxqypizph/image/upload/v1775486834/products/120/1775486833531-647139259_122126140233027433_5217497237508552598_n.jpg","all"
"hermes sandale","hermes sandale","BROWN HOT PINK","37","HESAHE-BRHO-37","5","65.00","https://res.cloudinary.com/dxqypizph/image/upload/v1775486834/products/120/1775486833531-647139259_122126140233027433_5217497237508552598_n.jpg","all"
"hermes sandale","hermes sandale","BROWN HOT PINK","38","HESAHE-BRHO-38","3","65.00","https://res.cloudinary.com/dxqypizph/image/upload/v1775486834/products/120/1775486833531-647139259_122126140233027433_5217497237508552598_n.jpg","all"
"hermes sandale","hermes sandale","BROWN HOT PINK","39","HESAHE-BRHO-39","2","65.00","https://res.cloudinary.com/dxqypizph/image/upload/v1775486834/products/120/1775486833531-647139259_122126140233027433_5217497237508552598_n.jpg","all"
"hermes sandale","hermes sandale","Balckkw","39","HESAHE-BAL-39-3","1","60.00","https://res.cloudinary.com/dxqypizph/image/upload/v1777991234/products/120/1777991233709-img_3500.jpg","all"
"hermes sandale","hermes sandale","Balcknrown","36","HESAHE-BAL-36","1","60.00","https://res.cloudinary.com/dxqypizph/image/upload/v1777991094/products/120/1777991093698-img_3499.webp","all"
"hermes sandale","hermes sandale","Balcknrown","37","HESAHE-BAL-37","2","60.00","https://res.cloudinary.com/dxqypizph/image/upload/v1777991094/products/120/1777991093698-img_3499.webp","all"
"hermes sandale","hermes sandale","Balcknrown","38","HESAHE-BAL-38","1","60.00","https://res.cloudinary.com/dxqypizph/image/upload/v1777991094/products/120/1777991093698-img_3499.webp","all"
"hermes sandale","hermes sandale","Balcknrown","39","HESAHE-BAL-39-2","1","60.00","https://res.cloudinary.com/dxqypizph/image/upload/v1777991094/products/120/1777991093698-img_3499.webp","all"
"hermes sandale","hermes sandale","Balcknrown","40","HESAHE-BAL-40-2","3","60.00","https://res.cloudinary.com/dxqypizph/image/upload/v1777991094/products/120/1777991093698-img_3499.webp","all"
"hermes sandale","hermes sandale","Balcknrown","41","HESAHE-BAL-41","1","60.00","https://res.cloudinary.com/dxqypizph/image/upload/v1777991094/products/120/1777991093698-img_3499.webp","all"
"hermes sandale","hermes sandale","Balckwhite","40","HESAHE-BAL-40","1","60.00","https://res.cloudinary.com/dxqypizph/image/upload/v1777990643/products/120/1777990643096-img_3498.jpg","all"
"hermes sandale","hermes sandale","Balckwhitee","39","HESAHE-BAL-39","1","6.00","https://res.cloudinary.com/dxqypizph/image/upload/v1777990643/products/120/1777990643096-img_3498.jpg","all"
"hermes sandale","hermes sandale","Brown croco","37","HESAHE-BRCR-37","1","60.00","https://res.cloudinary.com/dxqypizph/image/upload/v1777987514/products/120/1777987513797-img_3496.jpg","all"
"hermes sandale","hermes sandale","Brown croco","38","HESAHE-BRCR-38","3","60.00","https://res.cloudinary.com/dxqypizph/image/upload/v1777987514/products/120/1777987513797-img_3496.jpg","all"
"hermes sandale","hermes sandale","Brown croco","39","HESAHE-BRCR-39","5","60.00","https://res.cloudinary.com/dxqypizph/image/upload/v1777987514/products/120/1777987513797-img_3496.jpg","all"
"hermes sandale","hermes sandale","Brown whitee","36","HESAHE-BRWH-36-2","1","60.00","https://res.cloudinary.com/dxqypizph/image/upload/v1777989898/products/120/1777989897831-img_3497.jpg","all"
"hermes sandale","hermes sandale","Brown whitee","37","HESAHE-BRWH-37-2","2","60.00","https://res.cloudinary.com/dxqypizph/image/upload/v1777989898/products/120/1777989897831-img_3497.jpg","all"
"hermes sandale","hermes sandale","Brown whitee","39","HESAHE-BRWH-39-2","2","60.00","https://res.cloudinary.com/dxqypizph/image/upload/v1777989898/products/120/1777989897831-img_3497.jpg","all"
"hermes sandale","hermes sandale","EBalckwhite","37","HESAHE-EBA-37","2","60.00","https://res.cloudinary.com/dxqypizph/image/upload/v1777990643/products/120/1777990643096-img_3498.jpg","all"
"hermes sandale","hermes sandale","EBalckwhite","39","HESAHE-EBA-39","1","60.00","https://res.cloudinary.com/dxqypizph/image/upload/v1777990643/products/120/1777990643096-img_3498.jpg","all"
"hermes sandale","hermes sandale","Pink green","36","HESAHE-PIGR-36","2","70.00","https://res.cloudinary.com/dxqypizph/image/upload/v1785841272/products/120/1785841271815-img_3533.jpg","all"
"hermes sandale","hermes sandale","Pink green","37","HESAHE-PIGR-37","1","70.00","https://res.cloudinary.com/dxqypizph/image/upload/v1785841272/products/120/1785841271815-img_3533.jpg","all"
"hermes sandale","hermes sandale","Pink green","38","HESAHE-PIGR-38","1","70.00","https://res.cloudinary.com/dxqypizph/image/upload/v1785841272/products/120/1785841271815-img_3533.jpg","all"
"hermes sandale","hermes sandale","Pink green","39","HESAHE-PIGR-39","1","70.00","https://res.cloudinary.com/dxqypizph/image/upload/v1785841272/products/120/1785841271815-img_3533.jpg","all"
"hermes sandale","hermes sandale","Pink green","40","HESAHE-PIGR-40","3","70.00","https://res.cloudinary.com/dxqypizph/image/upload/v1785841272/products/120/1785841271815-img_3533.jpg","all"
"hermes sandale","hermes sandale","Pink green","41","HESAHE-PIGR-41","3","70.00","https://res.cloudinary.com/dxqypizph/image/upload/v1785841272/products/120/1785841271815-img_3533.jpg","all"
"hermes sandale","hermes sandale","beby blue","36","HESAHE-BEBL-36","2","50.00","https://res.cloudinary.com/dxqypizph/image/upload/v1775343692/products/120/1775343692180-images-3.jpg","all"
"hermes sandale","hermes sandale","beby blue","37","HESAHE-BEBL-37","3","50.00","https://res.cloudinary.com/dxqypizph/image/upload/v1775343692/products/120/1775343692180-images-3.jpg","all"
"hermes sandale","hermes sandale","beby blue","38","HESAHE-BEBL-38","4","50.00","https://res.cloudinary.com/dxqypizph/image/upload/v1775343692/products/120/1775343692180-images-3.jpg","all"
"hermes sandale","hermes sandale","beby blue","39","HESAHE-BEBL-39","2","50.00","https://res.cloudinary.com/dxqypizph/image/upload/v1775343692/products/120/1775343692180-images-3.jpg","all"
"hermes sandale","hermes sandale","beby blue","40","HESAHE-BEBL-40","1","50.00","https://res.cloudinary.com/dxqypizph/image/upload/v1775343692/products/120/1775343692180-images-3.jpg","all"
"hermes sandale","hermes sandale","black","36","HESAHE-BLA-36","1","50.00","https://res.cloudinary.com/dxqypizph/image/upload/v1775345124/products/120/1775345124178-hermes-sandals-hermes-veau-epson-oran-sandals-black-noir-38-redeluxe-41208368922934.webp","all"
"hermes sandale","hermes sandale","black","37","HESAHE-BLA-37","6","50.00","https://res.cloudinary.com/dxqypizph/image/upload/v1775345124/products/120/1775345124178-hermes-sandals-hermes-veau-epson-oran-sandals-black-noir-38-redeluxe-41208368922934.webp","all"
"hermes sandale","hermes sandale","black","38","HESAHE-BLA-38","7","50.00","https://res.cloudinary.com/dxqypizph/image/upload/v1775345124/products/120/1775345124178-hermes-sandals-hermes-veau-epson-oran-sandals-black-noir-38-redeluxe-41208368922934.webp","all"
"hermes sandale","hermes sandale","black","39","HESAHE-BLA-39","8","50.00","https://res.cloudinary.com/dxqypizph/image/upload/v1775345124/products/120/1775345124178-hermes-sandals-hermes-veau-epson-oran-sandals-black-noir-38-redeluxe-41208368922934.webp","all"
"hermes sandale","hermes sandale","black","40","HESAHE-BLA-40","3","50.00","https://res.cloudinary.com/dxqypizph/image/upload/v1775345124/products/120/1775345124178-hermes-sandals-hermes-veau-epson-oran-sandals-black-noir-38-redeluxe-41208368922934.webp","all"
"hermes sandale","hermes sandale","black blue","36","HESAHE-BLBL-36","2","70.00","https://res.cloudinary.com/dxqypizph/image/upload/v1775492865/products/120/1775492864933-11.jpg","all"
"hermes sandale","hermes sandale","black blue","37","HESAHE-BLBL-37","3","70.00","https://res.cloudinary.com/dxqypizph/image/upload/v1775492865/products/120/1775492864933-11.jpg","all"
"hermes sandale","hermes sandale","black blue","38","HESAHE-BLBL-38","5","70.00","https://res.cloudinary.com/dxqypizph/image/upload/v1775492865/products/120/1775492864933-11.jpg","all"
"hermes sandale","hermes sandale","black blue","39","HESAHE-BLBL-39","5","70.00","https://res.cloudinary.com/dxqypizph/image/upload/v1775492865/products/120/1775492864933-11.jpg","all"
"hermes sandale","hermes sandale","black blue","40","HESAHE-BLBL-40","2","70.00","https://res.cloudinary.com/dxqypizph/image/upload/v1775492865/products/120/1775492864933-11.jpg","all"
"hermes sandale","hermes sandale","black brown","37","HESAHE-BLBR-37","2","70.00","https://res.cloudinary.com/dxqypizph/image/upload/v1775491794/products/120/1775491794268-download-32.jpg","all"
"hermes sandale","hermes sandale","black brown","38","HESAHE-BLBR-38","4","70.00","https://res.cloudinary.com/dxqypizph/image/upload/v1775491794/products/120/1775491794268-download-32.jpg","all"
"hermes sandale","hermes sandale","black brown","39","HESAHE-BLBR-39","3","70.00","https://res.cloudinary.com/dxqypizph/image/upload/v1775491794/products/120/1775491794268-download-32.jpg","all"
"hermes sandale","hermes sandale","black cream","36","HESAHE-BLCR-36-2","2","70.00","https://res.cloudinary.com/dxqypizph/image/upload/v1775493342/products/120/1775493342056-arben.webp","all"
"hermes sandale","hermes sandale","black cream","37","HESAHE-BLCR-37","1","70.00","https://res.cloudinary.com/dxqypizph/image/upload/v1775493342/products/120/1775493342056-arben.webp","all"
"hermes sandale","hermes sandale","black cream","38","HESAHE-BLCR-38-2","3","70.00","https://res.cloudinary.com/dxqypizph/image/upload/v1775493342/products/120/1775493342056-arben.webp","all"
"hermes sandale","hermes sandale","black cream","39","HESAHE-BLCR-39-2","1","70.00","https://res.cloudinary.com/dxqypizph/image/upload/v1775493342/products/120/1775493342056-arben.webp","all"
"hermes sandale","hermes sandale","black croco","36","HESAHE-BLCR-36","1","50.00","https://res.cloudinary.com/dxqypizph/image/upload/v1775345424/products/120/1775345424380-hermes-oran-black-alligator-flat-slides.webp","all"
"hermes sandale","hermes sandale","black croco","37","HESAHE-BLCR-37-2","3","50.00","https://res.cloudinary.com/dxqypizph/image/upload/v1775345424/products/120/1775345424380-hermes-oran-black-alligator-flat-slides.webp","all"
"hermes sandale","hermes sandale","black croco","38","HESAHE-BLCR-38","5","50.00","https://res.cloudinary.com/dxqypizph/image/upload/v1775345424/products/120/1775345424380-hermes-oran-black-alligator-flat-slides.webp","all"
"hermes sandale","hermes sandale","black croco","39","HESAHE-BLCR-39","3","50.00","https://res.cloudinary.com/dxqypizph/image/upload/v1775345424/products/120/1775345424380-hermes-oran-black-alligator-flat-slides.webp","all"
"hermes sandale","hermes sandale","black glosy","36","HESAHE-BLGL-36","2","50.00","https://res.cloudinary.com/dxqypizph/image/upload/v1775344549/products/120/1775344548555-img_9283-2_1.jpg","all"
"hermes sandale","hermes sandale","black glosy","37","HESAHE-BLGL-37","4","50.00","https://res.cloudinary.com/dxqypizph/image/upload/v1775344549/products/120/1775344548555-img_9283-2_1.jpg","all"
"hermes sandale","hermes sandale","black glosy","38","HESAHE-BLGL-38","5","50.00","https://res.cloudinary.com/dxqypizph/image/upload/v1775344549/products/120/1775344548555-img_9283-2_1.jpg","all"
"hermes sandale","hermes sandale","black glosy","39","HESAHE-BLGL-39","4","50.00","https://res.cloudinary.com/dxqypizph/image/upload/v1775344549/products/120/1775344548555-img_9283-2_1.jpg","all"
"hermes sandale","hermes sandale","black glosy","40","HESAHE-BLGL-40","1","50.00","https://res.cloudinary.com/dxqypizph/image/upload/v1775344549/products/120/1775344548555-img_9283-2_1.jpg","all"
"hermes sandale","hermes sandale","black gray cream","36","HESAHE-BLGR-36","2","70.00","https://res.cloudinary.com/dxqypizph/image/upload/v1775492767/products/120/1775492767046-22.jpg","all"
"hermes sandale","hermes sandale","black gray cream","37","HESAHE-BLGR-37","1","70.00","https://res.cloudinary.com/dxqypizph/image/upload/v1775492767/products/120/1775492767046-22.jpg","all"
"hermes sandale","hermes sandale","black gray cream","38","HESAHE-BLGR-38-2","4","70.00","https://res.cloudinary.com/dxqypizph/image/upload/v1775492767/products/120/1775492767046-22.jpg","all"
"hermes sandale","hermes sandale","black gray cream","39","HESAHE-BLGR-39-2","11","70.00","https://res.cloudinary.com/dxqypizph/image/upload/v1775492767/products/120/1775492767046-22.jpg","all"
"hermes sandale","hermes sandale","black gray cream","40","HESAHE-BLGR-40","3","70.00","https://res.cloudinary.com/dxqypizph/image/upload/v1775492767/products/120/1775492767046-22.jpg","all"
"hermes sandale","hermes sandale","black gray cream","41","HESAHE-BLGR-41","2","70.00","https://res.cloudinary.com/dxqypizph/image/upload/v1775492767/products/120/1775492767046-22.jpg","all"
"hermes sandale","hermes sandale","black pink","36","HESAHE-BLPI-36","1","70.00","https://res.cloudinary.com/dxqypizph/image/upload/v1775492053/products/120/1775492053205-k.webp","all"
"hermes sandale","hermes sandale","black pink","37","HESAHE-BLPI-37","2","70.00","https://res.cloudinary.com/dxqypizph/image/upload/v1775492053/products/120/1775492053205-k.webp","all"
"hermes sandale","hermes sandale","black pink","38","HESAHE-BLPI-38","4","70.00","https://res.cloudinary.com/dxqypizph/image/upload/v1775492053/products/120/1775492053205-k.webp","all"
"hermes sandale","hermes sandale","black pink","39","HESAHE-BLPI-39","8","70.00","https://res.cloudinary.com/dxqypizph/image/upload/v1775492053/products/120/1775492053205-k.webp","all"
"hermes sandale","hermes sandale","black pink","40","HESAHE-BLPI-40","1","70.00","https://res.cloudinary.com/dxqypizph/image/upload/v1775492053/products/120/1775492053205-k.webp","all"
"hermes sandale","hermes sandale","black white","36","HESAHE-BLWH-36","2","70.00","https://res.cloudinary.com/dxqypizph/image/upload/v1775491909/products/120/1775491908214-h.webp","all"
"hermes sandale","hermes sandale","black white","37","HESAHE-BLWH-37","3","70.00","https://res.cloudinary.com/dxqypizph/image/upload/v1775491909/products/120/1775491908214-h.webp","all"
"hermes sandale","hermes sandale","black white","38","HESAHE-BLWH-38","3","70.00","https://res.cloudinary.com/dxqypizph/image/upload/v1775491909/products/120/1775491908214-h.webp","all"
"hermes sandale","hermes sandale","black white","39","HESAHE-BLWH-39","1","70.00","https://res.cloudinary.com/dxqypizph/image/upload/v1775491909/products/120/1775491908214-h.webp","all"
"hermes sandale","hermes sandale","black white","40","HESAHE-BLWH-40","2","70.00","https://res.cloudinary.com/dxqypizph/image/upload/v1775491909/products/120/1775491908214-h.webp","all"
"hermes sandale","hermes sandale","black white","41","HESAHE-BLWH-41","1","70.00","https://res.cloudinary.com/dxqypizph/image/upload/v1775491909/products/120/1775491908214-h.webp","all"
"hermes sandale","hermes sandale","brown","36","HESAHE-BRO-36","1","50.00","https://res.cloudinary.com/dxqypizph/image/upload/v1775345345/products/120/1775345344791-whatsappimage2024-11-03at06.55-photoroom_0b9cc0bc-8cd1-4825-9cd2-34e3c9f2d063.webp","all"
"hermes sandale","hermes sandale","brown","37","HESAHE-BRO-37","7","50.00","https://res.cloudinary.com/dxqypizph/image/upload/v1775345345/products/120/1775345344791-whatsappimage2024-11-03at06.55-photoroom_0b9cc0bc-8cd1-4825-9cd2-34e3c9f2d063.webp","all"
"hermes sandale","hermes sandale","brown","38","HESAHE-BRO-38","9","50.00","https://res.cloudinary.com/dxqypizph/image/upload/v1775345345/products/120/1775345344791-whatsappimage2024-11-03at06.55-photoroom_0b9cc0bc-8cd1-4825-9cd2-34e3c9f2d063.webp","all"
"hermes sandale","hermes sandale","brown","39","HESAHE-BRO-39","12","50.00","https://res.cloudinary.com/dxqypizph/image/upload/v1775345345/products/120/1775345344791-whatsappimage2024-11-03at06.55-photoroom_0b9cc0bc-8cd1-4825-9cd2-34e3c9f2d063.webp","all"
"hermes sandale","hermes sandale","brown","40","HESAHE-BRO-40","3","50.00","https://res.cloudinary.com/dxqypizph/image/upload/v1775345345/products/120/1775345344791-whatsappimage2024-11-03at06.55-photoroom_0b9cc0bc-8cd1-4825-9cd2-34e3c9f2d063.webp","all"
"hermes sandale","hermes sandale","brown white","37","HESAHE-BRWH-37","1","70.00","https://res.cloudinary.com/dxqypizph/image/upload/v1775493621/products/120/1775493621177-er.jpg","all"
"hermes sandale","hermes sandale","brown white","38","HESAHE-BRWH-38","3","70.00","https://res.cloudinary.com/dxqypizph/image/upload/v1775493621/products/120/1775493621177-er.jpg","all"
"hermes sandale","hermes sandale","brown white","39","HESAHE-BRWH-39","5","70.00","https://res.cloudinary.com/dxqypizph/image/upload/v1775493621/products/120/1775493621177-er.jpg","all"
"hermes sandale","hermes sandale","grey","36","HESAHE-GRE-36","1","50.00","https://res.cloudinary.com/dxqypizph/image/upload/v1775343618/products/120/1775343618101-grey-leather-oran-hermes-sandals-35420002-1_5.webp","all"
"hermes sandale","hermes sandale","grey","37","HESAHE-GRE-37","3","50.00","https://res.cloudinary.com/dxqypizph/image/upload/v1775343618/products/120/1775343618101-grey-leather-oran-hermes-sandals-35420002-1_5.webp","all"
"hermes sandale","hermes sandale","grey","38","HESAHE-GRE-38","4","50.00","https://res.cloudinary.com/dxqypizph/image/upload/v1775343618/products/120/1775343618101-grey-leather-oran-hermes-sandals-35420002-1_5.webp","all"
"hermes sandale","hermes sandale","grey","39","HESAHE-GRE-39","6","50.00","https://res.cloudinary.com/dxqypizph/image/upload/v1775343618/products/120/1775343618101-grey-leather-oran-hermes-sandals-35420002-1_5.webp","all"
"hermes sandale","hermes sandale","grey","40","HESAHE-GRE-40","1","50.00","https://res.cloudinary.com/dxqypizph/image/upload/v1775343618/products/120/1775343618101-grey-leather-oran-hermes-sandals-35420002-1_5.webp","all"
"hermes sandale","hermes sandale","kaft","36","HESAHE-KAF-36","3","70.00","https://res.cloudinary.com/dxqypizph/image/upload/v1775494259/products/120/1775494258517-555.jpg","all"
"hermes sandale","hermes sandale","kaft","37","HESAHE-KAF-37","3","70.00","https://res.cloudinary.com/dxqypizph/image/upload/v1775494259/products/120/1775494258517-555.jpg","all"
"hermes sandale","hermes sandale","kaft","38","HESAHE-KAF-38","3","70.00","https://res.cloudinary.com/dxqypizph/image/upload/v1775494259/products/120/1775494258517-555.jpg","all"
"hermes sandale","hermes sandale","kaft","39","HESAHE-KAF-39","5","70.00","https://res.cloudinary.com/dxqypizph/image/upload/v1775494259/products/120/1775494258517-555.jpg","all"
"hermes sandale","hermes sandale","light taupe croko","36","HESAHE-LITA-36","2","50.00","https://res.cloudinary.com/dxqypizph/image/upload/v1775344357/products/120/1775344356628-beige-alligator-oran-hermes-sandals-43212949-1_2.webp","all"
"hermes sandale","hermes sandale","light taupe croko","38","HESAHE-LITA-38","6","50.00","https://res.cloudinary.com/dxqypizph/image/upload/v1775344357/products/120/1775344356628-beige-alligator-oran-hermes-sandals-43212949-1_2.webp","all"
"hermes sandale","hermes sandale","light taupe croko","39","HESAHE-LITA-39","4","50.00","https://res.cloudinary.com/dxqypizph/image/upload/v1775344357/products/120/1775344356628-beige-alligator-oran-hermes-sandals-43212949-1_2.webp","all"
"hermes sandale","hermes sandale","light taupe croko","40","HESAHE-LITA-40","1","50.00","https://res.cloudinary.com/dxqypizph/image/upload/v1775344357/products/120/1775344356628-beige-alligator-oran-hermes-sandals-43212949-1_2.webp","all"
"hermes sandale","hermes sandale","orange","36","HESAHE-ORA-36","1","50.00","https://res.cloudinary.com/dxqypizph/image/upload/v1775345052/products/120/1775345051788-whatsapp-image-2024-11-11-at-2.13.46-pm-3.jpg","all"
"hermes sandale","hermes sandale","orange","38","HESAHE-ORA-38","2","50.00","https://res.cloudinary.com/dxqypizph/image/upload/v1775345052/products/120/1775345051788-whatsapp-image-2024-11-11-at-2.13.46-pm-3.jpg","all"
"hermes sandale","hermes sandale","taupe","37","HESAHE-TAU-37","4","50.00","https://res.cloudinary.com/dxqypizph/image/upload/v1775344128/products/120/1775344127629-grey-leather-oran-hermes-sandals-35420002-1_5.webp","all"
"hermes sandale","hermes sandale","taupe","38","HESAHE-TAU-38","5","50.00","https://res.cloudinary.com/dxqypizph/image/upload/v1775344128/products/120/1775344127629-grey-leather-oran-hermes-sandals-35420002-1_5.webp","all"
"hermes sandale","hermes sandale","taupe","39","HESAHE-TAU-39","4","50.00","https://res.cloudinary.com/dxqypizph/image/upload/v1775344128/products/120/1775344127629-grey-leather-oran-hermes-sandals-35420002-1_5.webp","all"
"hermes sandale","hermes sandale","taupe","40","HESAHE-TAU-40","1","50.00","https://res.cloudinary.com/dxqypizph/image/upload/v1775344128/products/120/1775344127629-grey-leather-oran-hermes-sandals-35420002-1_5.webp","all"
"hermes sandale","hermes sandale","zez hint","36","HESAHE-ZEHI-36","2","70.00","https://res.cloudinary.com/dxqypizph/image/upload/v1775493085/products/120/1775493084906-kopa-gobana.jpg","all"
"hermes sandale","hermes sandale","zez hint","37","HESAHE-ZEHI-37","3","70.00","https://res.cloudinary.com/dxqypizph/image/upload/v1775493085/products/120/1775493084906-kopa-gobana.jpg","all"
"hermes sandale","hermes sandale","zez hint","38","HESAHE-ZEHI-38","5","70.00","https://res.cloudinary.com/dxqypizph/image/upload/v1775493085/products/120/1775493084906-kopa-gobana.jpg","all"
"hermes sandale","hermes sandale","zez hint","39","HESAHE-ZEHI-39","6","70.00","https://res.cloudinary.com/dxqypizph/image/upload/v1775493085/products/120/1775493084906-kopa-gobana.jpg","all"
"hermes sandale","hermes sandale","zez hint","40","HESAHE-ZEHI-40","4","70.00","https://res.cloudinary.com/dxqypizph/image/upload/v1775493085/products/120/1775493084906-kopa-gobana.jpg","all"
"hermes sandale","hermes sandale","zez hint","41","HESAHE-ZEHI-41","2","70.00","https://res.cloudinary.com/dxqypizph/image/upload/v1775493085/products/120/1775493084906-kopa-gobana.jpg","all"
"hermes shoe","hermes shoes","BROWN","40","HESHHE-BRO-40","2","120.00","https://res.cloudinary.com/dxqypizph/image/upload/v1775437264/products/124/1775437263756-634388512_122124264537027433_7199994650306166658_n.jpg","all"
"hermes shoe","hermes shoes","BROWN","41","HESHHE-BRO-41","1","120.00","https://res.cloudinary.com/dxqypizph/image/upload/v1775437264/products/124/1775437263756-634388512_122124264537027433_7199994650306166658_n.jpg","all"
"hermes shoe","hermes shoes","BROWN","42","HESHHE-BRO-42","2","120.00","https://res.cloudinary.com/dxqypizph/image/upload/v1775437264/products/124/1775437263756-634388512_122124264537027433_7199994650306166658_n.jpg","all"
"hermes shoe","hermes shoes","BROWN","43","HESHHE-BRO-43","4","120.00","https://res.cloudinary.com/dxqypizph/image/upload/v1775437264/products/124/1775437263756-634388512_122124264537027433_7199994650306166658_n.jpg","all"
"hermes shoe","hermes shoes","BROWN","44","HESHHE-BRO-44","4","120.00","https://res.cloudinary.com/dxqypizph/image/upload/v1775437264/products/124/1775437263756-634388512_122124264537027433_7199994650306166658_n.jpg","all"
"hermes shoe","hermes shoes","BROWN","45","HESHHE-BRO-45","1","120.00","https://res.cloudinary.com/dxqypizph/image/upload/v1775437264/products/124/1775437263756-634388512_122124264537027433_7199994650306166658_n.jpg","all"
"hermes shoe","hermes shoes","E BARDH","40","HESHHE-EBA-40","2","120.00","https://res.cloudinary.com/dxqypizph/image/upload/v1775437174/products/124/1775437174309-636744263_122124273243027433_5291589119223108964_n.jpg","all"
"hermes shoe","hermes shoes","E BARDH","41","HESHHE-EBA-41","1","120.00","https://res.cloudinary.com/dxqypizph/image/upload/v1775437174/products/124/1775437174309-636744263_122124273243027433_5291589119223108964_n.jpg","all"
"hermes shoe","hermes shoes","E BARDH","42","HESHHE-EBA-42","3","120.00","https://res.cloudinary.com/dxqypizph/image/upload/v1775437174/products/124/1775437174309-636744263_122124273243027433_5291589119223108964_n.jpg","all"
"hermes shoe","hermes shoes","E BARDH","43","HESHHE-EBA-43","2","120.00","https://res.cloudinary.com/dxqypizph/image/upload/v1775437174/products/124/1775437174309-636744263_122124273243027433_5291589119223108964_n.jpg","all"
"hermes shoe","hermes shoes","WHITE HONEY","40","HESHHE-WHHO-40","3","80.00","https://res.cloudinary.com/dxqypizph/image/upload/v1775437009/products/124/1775437008279-628505847_122123656719027433_8076559915018718389_n.jpg","all"
"hermes shoe","hermes shoes","WHITE HONEY","42","HESHHE-WHHO-42","1","80.00","https://res.cloudinary.com/dxqypizph/image/upload/v1775437009/products/124/1775437008279-628505847_122123656719027433_8076559915018718389_n.jpg","all"
"hermes shoe","hermes shoes","WHITE HONEY","43","HESHHE-WHHO-43","4","80.00","https://res.cloudinary.com/dxqypizph/image/upload/v1775437009/products/124/1775437008279-628505847_122123656719027433_8076559915018718389_n.jpg","all"
"hermes shoe","hermes shoes","WHITE HONEY","44","HESHHE-WHHO-44","4","80.00","https://res.cloudinary.com/dxqypizph/image/upload/v1775437009/products/124/1775437008279-628505847_122123656719027433_8076559915018718389_n.jpg","all"
"hermes shoe","hermes shoes","WHITE HONEY","45","HESHHE-WHHO-45","2","80.00","https://res.cloudinary.com/dxqypizph/image/upload/v1775437009/products/124/1775437008279-628505847_122123656719027433_8076559915018718389_n.jpg","all"
"hermes shoe","hermes shoes","all black","42","HESHHE-EZE-42","7","80.00","https://res.cloudinary.com/dxqypizph/image/upload/v1775438594/products/124/1775438594537-633021039_122123657145027433_6079311272471463418_n.jpg","all"
"hermes shoe","hermes shoes","all black","43","HESHHE-EZE-43","3","80.00","https://res.cloudinary.com/dxqypizph/image/upload/v1775438594/products/124/1775438594537-633021039_122123657145027433_6079311272471463418_n.jpg","all"
"hermes shoe","hermes shoes","all black","44","HESHHE-EZE-44","4","80.00","https://res.cloudinary.com/dxqypizph/image/upload/v1775438594/products/124/1775438594537-633021039_122123657145027433_6079311272471463418_n.jpg","all"
"hermes shoe","hermes shoes","black/white","42","HESHHE-BLA-42","2","80.00","https://res.cloudinary.com/dxqypizph/image/upload/v1775437436/products/124/1775437436014-bouncing-sneaker-242212z-02-side-wm-4-0-0-800-800_g.webp","all"
"hermes shoe","hermes shoes","black/white","43","HESHHE-BLA-43","1","80.00","https://res.cloudinary.com/dxqypizph/image/upload/v1775437436/products/124/1775437436014-bouncing-sneaker-242212z-02-side-wm-4-0-0-800-800_g.webp","all"
"hermes shoe","hermes shoes","black/white","44","HESHHE-BLA-44","1","82.00","https://res.cloudinary.com/dxqypizph/image/upload/v1775437436/products/124/1775437436014-bouncing-sneaker-242212z-02-side-wm-4-0-0-800-800_g.webp","all"
"jimmy choo","shtikell","e zez","36","JICHSH-EZE-36","1","70.00","https://res.cloudinary.com/dxqypizph/image/upload/v1785837025/products/148/1785837024682-download-2.jpg","all"
"jimmy choo","shtikell","e zez","37","JICHSH-EZE-37","1","70.00","https://res.cloudinary.com/dxqypizph/image/upload/v1785837025/products/148/1785837024682-download-2.jpg","all"
"jimmy choo","shtikell","e zez","38","JICHSH-EZE-38","1","70.00","https://res.cloudinary.com/dxqypizph/image/upload/v1785837025/products/148/1785837024682-download-2.jpg","all"
"jimmy choo","shtikell","e zez","39","JICHSH-EZE-39","1","70.00","https://res.cloudinary.com/dxqypizph/image/upload/v1785837025/products/148/1785837024682-download-2.jpg","all"
"jimmy choo","shtikell","e zez","40","JICHSH-EZE-40","1","70.00","https://res.cloudinary.com/dxqypizph/image/upload/v1785837025/products/148/1785837024682-download-2.jpg","all"
"jimmy choo","shtikell","e zez","41","JICHSH-EZE-41","1","70.00","https://res.cloudinary.com/dxqypizph/image/upload/v1785837025/products/148/1785837024682-download-2.jpg","all"
"jordan","dunk all black","black","36","JODUAL-BLA-36","1","53.00","https://res.cloudinary.com/dxqypizph/image/upload/v1775311462/products/79/1775311461872-646890326_122126277225027433_1486702447020094976_n.jpg","all"
"jordan","dunk all black","black","37","JODUAL-BLA-37","5","53.00","https://res.cloudinary.com/dxqypizph/image/upload/v1775311462/products/79/1775311461872-646890326_122126277225027433_1486702447020094976_n.jpg","all"
"jordan","dunk all black","black","38","JODUAL-BLA-38","5","53.00","https://res.cloudinary.com/dxqypizph/image/upload/v1775311462/products/79/1775311461872-646890326_122126277225027433_1486702447020094976_n.jpg","all"
"jordan","dunk all black","black","39","JODUAL-BLA-39","4","53.00","https://res.cloudinary.com/dxqypizph/image/upload/v1775311462/products/79/1775311461872-646890326_122126277225027433_1486702447020094976_n.jpg","all"
"jordan","dunk black croco","black","40","JODUBL-BLA-40","2","52.98","https://res.cloudinary.com/dxqypizph/image/upload/v1775337646/products/115/1775337646602-628272253_122123465517027433_7116856765648860603_n.jpg","all"
"jordan","dunk black croco","black","41","JODUBL-BLA-41","3","52.98","https://res.cloudinary.com/dxqypizph/image/upload/v1775337646/products/115/1775337646602-628272253_122123465517027433_7116856765648860603_n.jpg","all"
"jordan","dunk black croco","black","42","JODUBL-BLA-42","3","52.98","https://res.cloudinary.com/dxqypizph/image/upload/v1775337646/products/115/1775337646602-628272253_122123465517027433_7116856765648860603_n.jpg","all"
"jordan","dunk black croco","black","43","JODUBL-BLA-43","6","52.98","https://res.cloudinary.com/dxqypizph/image/upload/v1775337646/products/115/1775337646602-628272253_122123465517027433_7116856765648860603_n.jpg","all"
"jordan","dunk black croco","black","44","JODUBL-BLA-44","3","52.98","https://res.cloudinary.com/dxqypizph/image/upload/v1775337646/products/115/1775337646602-628272253_122123465517027433_7116856765648860603_n.jpg","all"
"jordan","dunk black croco","black","45","JODUBL-BLA-45","1","52.98","https://res.cloudinary.com/dxqypizph/image/upload/v1775337646/products/115/1775337646602-628272253_122123465517027433_7116856765648860603_n.jpg","all"
"jordan","dunk gloos","black","40","JODUGL-BLA-40","1","53.00","https://res.cloudinary.com/dxqypizph/image/upload/v1774991566/products/42/1774991566457-646725808_122126117703027433_8500553614747698952_n.jpg","all"
"jordan","dunk gloos","black","41","JODUGL-BLA-41","1","53.00","https://res.cloudinary.com/dxqypizph/image/upload/v1774991566/products/42/1774991566457-646725808_122126117703027433_8500553614747698952_n.jpg","all"
"jordan","dunk gloos","black","42","JODUGL-BLA-42","2","53.00","https://res.cloudinary.com/dxqypizph/image/upload/v1774991566/products/42/1774991566457-646725808_122126117703027433_8500553614747698952_n.jpg","all"
"jordan","dunk gloos","black","43","JODUGL-BLA-43","2","53.00","https://res.cloudinary.com/dxqypizph/image/upload/v1774991566/products/42/1774991566457-646725808_122126117703027433_8500553614747698952_n.jpg","all"
"jordan","dunk gloos","black","44","JODUGL-BLA-44","2","53.00","https://res.cloudinary.com/dxqypizph/image/upload/v1774991566/products/42/1774991566457-646725808_122126117703027433_8500553614747698952_n.jpg","all"
"jordan","dunk gloos","black","45","JODUGL-BLA-45","1","53.00","https://res.cloudinary.com/dxqypizph/image/upload/v1774991566/products/42/1774991566457-646725808_122126117703027433_8500553614747698952_n.jpg","all"
"jordan","dunk gloss green","baby blue","40","JODUGL-BABL-40","2","53.00","https://res.cloudinary.com/dxqypizph/image/upload/v1775404525/products/113/1775404524647-download-7.jpg","all"
"jordan","dunk gloss green","baby blue","41","JODUGL-BABL-41","2","53.00","https://res.cloudinary.com/dxqypizph/image/upload/v1775404525/products/113/1775404524647-download-7.jpg","all"
"jordan","dunk gloss green","baby blue","42","JODUGL-BABL-42","5","53.00","https://res.cloudinary.com/dxqypizph/image/upload/v1775404525/products/113/1775404524647-download-7.jpg","all"
"jordan","dunk gloss green","baby blue","43","JODUGL-BABL-43","6","53.00","https://res.cloudinary.com/dxqypizph/image/upload/v1775404525/products/113/1775404524647-download-7.jpg","all"
"jordan","dunk gloss green","baby blue","44","JODUGL-BABL-44","5","53.00","https://res.cloudinary.com/dxqypizph/image/upload/v1775404525/products/113/1775404524647-download-7.jpg","all"
"jordan","dunk gloss green","baby blue","45","JODUGL-BABL-45","2","53.00","https://res.cloudinary.com/dxqypizph/image/upload/v1775404525/products/113/1775404524647-download-7.jpg","all"
"jordan","dunk gloss green","green","40","JODUGL-GRE-40","3","53.00","https://res.cloudinary.com/dxqypizph/image/upload/v1775337214/products/113/1775337213706-646941446_122126276301027433_2922044723023581417_n.jpg","all"
"jordan","dunk gloss green","green","41","JODUGL-GRE-41","4","53.00","https://res.cloudinary.com/dxqypizph/image/upload/v1775337214/products/113/1775337213706-646941446_122126276301027433_2922044723023581417_n.jpg","all"
"jordan","dunk gloss green","green","42","JODUGL-GRE-42","4","53.00","https://res.cloudinary.com/dxqypizph/image/upload/v1775337214/products/113/1775337213706-646941446_122126276301027433_2922044723023581417_n.jpg","all"
"jordan","dunk gloss green","green","43","JODUGL-GRE-43","5","53.00","https://res.cloudinary.com/dxqypizph/image/upload/v1775337214/products/113/1775337213706-646941446_122126276301027433_2922044723023581417_n.jpg","all"
"jordan","dunk gloss green","green","44","JODUGL-GRE-44","3","53.00","https://res.cloudinary.com/dxqypizph/image/upload/v1775337214/products/113/1775337213706-646941446_122126276301027433_2922044723023581417_n.jpg","all"
"jordan","dunk perple","black green","42","JODUPE-BLGR-42","3","53.00","https://res.cloudinary.com/dxqypizph/image/upload/v1775409703/products/98/1775409703220-641283084_122124936699027433_2955706519138384492_n.jpg","all"
"jordan","dunk perple","black green","44","JODUPE-BLGR-44","2","53.00","https://res.cloudinary.com/dxqypizph/image/upload/v1775409764/products/98/1775409764249-641283084_122124936699027433_2955706519138384492_n.jpg","all"
"jordan","dunk perple","black white","36","JODUPE-BLWH-36","3","53.00","https://res.cloudinary.com/dxqypizph/image/upload/v1775410857/products/98/1775410857175-download-16.jpg","all"
"jordan","dunk perple","black white","37","JODUPE-BLWH-37","2","53.00","https://res.cloudinary.com/dxqypizph/image/upload/v1775410857/products/98/1775410857175-download-16.jpg","all"
"jordan","dunk perple","black white","38","JODUPE-BLWH-38","3","53.00","https://res.cloudinary.com/dxqypizph/image/upload/v1775410857/products/98/1775410857175-download-16.jpg","all"
"jordan","dunk perple","black white","39","JODUPE-BLWH-39","3","53.00","https://res.cloudinary.com/dxqypizph/image/upload/v1775410857/products/98/1775410857175-download-16.jpg","all"
"jordan","dunk perple","black white","40","JODUPE-BLWH-40","7","53.00","https://res.cloudinary.com/dxqypizph/image/upload/v1775410857/products/98/1775410857175-download-16.jpg","all"
"jordan","dunk perple","black white","41","JODUPE-BLWH-41","2","53.00","https://res.cloudinary.com/dxqypizph/image/upload/v1775410857/products/98/1775410857175-download-16.jpg","all"
"jordan","dunk perple","black white","42","JODUPE-BLWH-42","4","53.00","https://res.cloudinary.com/dxqypizph/image/upload/v1775410857/products/98/1775410857175-download-16.jpg","all"
"jordan","dunk perple","black white","43","JODUPE-BLWH-43","3","53.00","https://res.cloudinary.com/dxqypizph/image/upload/v1775410857/products/98/1775410857175-download-16.jpg","all"
"jordan","dunk perple","black white","44","JODUPE-BLWH-44","3","53.00","https://res.cloudinary.com/dxqypizph/image/upload/v1775410857/products/98/1775410857175-download-16.jpg","all"
"jordan","dunk perple","blue","40","JODUPE-BLU-40","2","55.00","https://res.cloudinary.com/dxqypizph/image/upload/v1775409343/products/98/1775409342742-647377545_122126277135027433_8338321300007605852_n.jpg","all"
"jordan","dunk perple","blue","41","JODUPE-BLU-41","2","55.00","https://res.cloudinary.com/dxqypizph/image/upload/v1775409343/products/98/1775409342742-647377545_122126277135027433_8338321300007605852_n.jpg","all"
"jordan","dunk perple","blue","42","JODUPE-BLU-42","2","55.00","https://res.cloudinary.com/dxqypizph/image/upload/v1775409343/products/98/1775409342742-647377545_122126277135027433_8338321300007605852_n.jpg","all"
"jordan","dunk perple","blue","43","JODUPE-BLU-43","1","55.00","https://res.cloudinary.com/dxqypizph/image/upload/v1775409343/products/98/1775409342742-647377545_122126277135027433_8338321300007605852_n.jpg","all"
"jordan","dunk perple","blue","44","JODUPE-BLU-44","2","55.00","https://res.cloudinary.com/dxqypizph/image/upload/v1775409343/products/98/1775409342742-647377545_122126277135027433_8338321300007605852_n.jpg","all"
"jordan","dunk perple","blue","45","JODUPE-BLU-45","2","55.00","https://res.cloudinary.com/dxqypizph/image/upload/v1775409343/products/98/1775409342742-647377545_122126277135027433_8338321300007605852_n.jpg","all"
"jordan","dunk perple","crome","40","JODUPE-CRO-40","2","53.00","https://res.cloudinary.com/dxqypizph/image/upload/v1775410566/products/98/1775410565971-646411850_122126275875027433_6916659948884480539_n.jpg","all"
"jordan","dunk perple","crome","41","JODUPE-CRO-41","3","53.00","https://res.cloudinary.com/dxqypizph/image/upload/v1775410566/products/98/1775410565971-646411850_122126275875027433_6916659948884480539_n.jpg","all"
"jordan","dunk perple","crome","42","JODUPE-CRO-42","4","53.00","https://res.cloudinary.com/dxqypizph/image/upload/v1775410566/products/98/1775410565971-646411850_122126275875027433_6916659948884480539_n.jpg","all"
"jordan","dunk perple","crome","43","JODUPE-CRO-43","4","53.00","https://res.cloudinary.com/dxqypizph/image/upload/v1775410566/products/98/1775410565971-646411850_122126275875027433_6916659948884480539_n.jpg","all"
"jordan","dunk perple","crome","44","JODUPE-CRO-44","4","53.00","https://res.cloudinary.com/dxqypizph/image/upload/v1775410566/products/98/1775410565971-646411850_122126275875027433_6916659948884480539_n.jpg","all"
"jordan","dunk perple","green","40","JODUPE-GRE-40","1","55.00","https://res.cloudinary.com/dxqypizph/image/upload/v1775509728/products/98/1775509728279-588753309_122124149223027433_1624357914650418665_n.jpg","all"
"jordan","dunk perple","green","41","JODUPE-GRE-41","1","55.00","https://res.cloudinary.com/dxqypizph/image/upload/v1775509728/products/98/1775509728279-588753309_122124149223027433_1624357914650418665_n.jpg","all"
"jordan","dunk perple","green","42","JODUPE-GRE-42","3","55.00","https://res.cloudinary.com/dxqypizph/image/upload/v1775509728/products/98/1775509728279-588753309_122124149223027433_1624357914650418665_n.jpg","all"
"jordan","dunk perple","green","44","JODUPE-GRE-44","6","55.00","https://res.cloudinary.com/dxqypizph/image/upload/v1775509728/products/98/1775509728279-588753309_122124149223027433_1624357914650418665_n.jpg","all"
"jordan","dunk perple","green","45","JODUPE-GRE-45","2","55.00","https://res.cloudinary.com/dxqypizph/image/upload/v1775509728/products/98/1775509728279-588753309_122124149223027433_1624357914650418665_n.jpg","all"
"jordan","dunk perple","grey black","40","JODUPE-GRBL-40","1","53.00","https://res.cloudinary.com/dxqypizph/image/upload/v1775482885/products/98/1775482885078-635162180_122124360825027433_753863156206784668_n-1.jpg","all"
"jordan","dunk perple","grey black","42","JODUPE-GRBL-42","3","53.00","https://res.cloudinary.com/dxqypizph/image/upload/v1775482885/products/98/1775482885078-635162180_122124360825027433_753863156206784668_n-1.jpg","all"
"jordan","dunk perple","grey black","43","JODUPE-GRBL-43","4","53.00","https://res.cloudinary.com/dxqypizph/image/upload/v1775482885/products/98/1775482885078-635162180_122124360825027433_753863156206784668_n-1.jpg","all"
"jordan","dunk perple","grey black","44","JODUPE-GRBL-44","5","53.00","https://res.cloudinary.com/dxqypizph/image/upload/v1775482885/products/98/1775482885078-635162180_122124360825027433_753863156206784668_n-1.jpg","all"
"jordan","dunk perple","grey black","45","JODUPE-GRBL-45","2","53.00","https://res.cloudinary.com/dxqypizph/image/upload/v1775482885/products/98/1775482885078-635162180_122124360825027433_753863156206784668_n-1.jpg","all"
"jordan","dunk perple","perple","42","JODUPE-PER-42","5","55.00","https://res.cloudinary.com/dxqypizph/image/upload/v1775333608/products/98/1775333608344-642991914_122125508451027433_5242494043738372509_n.jpg","all"
"jordan","dunk perple","perple","43","JODUPE-PER-43","3","55.00","https://res.cloudinary.com/dxqypizph/image/upload/v1775333608/products/98/1775333608344-642991914_122125508451027433_5242494043738372509_n.jpg","all"
"jordan","dunk perple","perple","44","JODUPE-PER-44","2","55.00","https://res.cloudinary.com/dxqypizph/image/upload/v1775333608/products/98/1775333608344-642991914_122125508451027433_5242494043738372509_n.jpg","all"
"jordan","dunks","black white","36","JODU-BLWH-36","1","53.00","https://res.cloudinary.com/dxqypizph/image/upload/v1775405467/products/102/1775405467265-637709714_122124362439027433_6751370399611713207_n.jpg","all"
"jordan","dunks","black white","37","JODU-BLWH-37","3","53.00","https://res.cloudinary.com/dxqypizph/image/upload/v1775405467/products/102/1775405467265-637709714_122124362439027433_6751370399611713207_n.jpg","all"
"jordan","dunks","black white","38","JODU-BLWH-38","1","53.00","https://res.cloudinary.com/dxqypizph/image/upload/v1775405467/products/102/1775405467265-637709714_122124362439027433_6751370399611713207_n.jpg","all"
"jordan","dunks","black white","39","JODU-BLWH-39","1","53.00","https://res.cloudinary.com/dxqypizph/image/upload/v1775405467/products/102/1775405467265-637709714_122124362439027433_6751370399611713207_n.jpg","all"
"jordan","dunks","black white","40","JODU-BLWH-40","4","53.00","https://res.cloudinary.com/dxqypizph/image/upload/v1775405467/products/102/1775405467265-637709714_122124362439027433_6751370399611713207_n.jpg","all"
"jordan","dunks","black white","44","JODU-BLWH-44","1","55.00","https://res.cloudinary.com/dxqypizph/image/upload/v1775516978/products/102/1775516977940-637709714_122124362439027433_6751370399611713207_n.jpg","all"
"jordan","dunks","black/white","40","JODU-BLA-40","1","53.00","https://res.cloudinary.com/dxqypizph/image/upload/v1775334908/products/102/1775334908380-628751775_122124936297027433_3507167007759326701_n.jpg","all"
"jordan","dunks","black/white","41","JODU-BLA-41","1","53.00","https://res.cloudinary.com/dxqypizph/image/upload/v1775334908/products/102/1775334908380-628751775_122124936297027433_3507167007759326701_n.jpg","all"
"jordan","dunks","black/white","42","JODU-BLA-42","3","53.00","https://res.cloudinary.com/dxqypizph/image/upload/v1775334908/products/102/1775334908380-628751775_122124936297027433_3507167007759326701_n.jpg","all"
"jordan","dunks","black/white","43","JODU-BLA-43","6","53.00","https://res.cloudinary.com/dxqypizph/image/upload/v1775334908/products/102/1775334908380-628751775_122124936297027433_3507167007759326701_n.jpg","all"
"jordan","dunks","black/white","44","JODU-BLA-44","3","53.00","https://res.cloudinary.com/dxqypizph/image/upload/v1775334908/products/102/1775334908380-628751775_122124936297027433_3507167007759326701_n.jpg","all"
"jordan","dunks","black/white","45","JODU-BLA-45","2","53.00","https://res.cloudinary.com/dxqypizph/image/upload/v1775334908/products/102/1775334908380-628751775_122124936297027433_3507167007759326701_n.jpg","all"
"jordan","jordam mid black/white","black/whitw","37","JOJOMI-BLA-37","8","53.00","https://res.cloudinary.com/dxqypizph/image/upload/v1775310886/products/75/1775310885638-632335488_122123643813027433_5710104077103018886_n.jpg","all"
"jordan","jordam mid black/white","black/whitw","38","JOJOMI-BLA-38","8","53.00","https://res.cloudinary.com/dxqypizph/image/upload/v1775310886/products/75/1775310885638-632335488_122123643813027433_5710104077103018886_n.jpg","all"
"jordan","jordam mid black/white","black/whitw","39","JOJOMI-BLA-39","8","53.00","https://res.cloudinary.com/dxqypizph/image/upload/v1775310886/products/75/1775310885638-632335488_122123643813027433_5710104077103018886_n.jpg","all"
"jordan","jordam mid black/white","black/whitw","40","JOJOMI-BLA-40","5","53.00","https://res.cloudinary.com/dxqypizph/image/upload/v1775310886/products/75/1775310885638-632335488_122123643813027433_5710104077103018886_n.jpg","all"
"jordan","jordam mid black/white","black/whitw","41","JOJOMI-BLA-41","1","53.00","https://res.cloudinary.com/dxqypizph/image/upload/v1775310886/products/75/1775310885638-632335488_122123643813027433_5710104077103018886_n.jpg","all"
"jordan","jordam mid black/white","black/whitw","42","JOJOMI-BLA-42","5","53.00","https://res.cloudinary.com/dxqypizph/image/upload/v1775310886/products/75/1775310885638-632335488_122123643813027433_5710104077103018886_n.jpg","all"
"jordan","jordam mid black/white","black/whitw","43","JOJOMI-BLA-43","6","53.00","https://res.cloudinary.com/dxqypizph/image/upload/v1775310886/products/75/1775310885638-632335488_122123643813027433_5710104077103018886_n.jpg","all"
"jordan","jordam mid black/white","black/whitw","44","JOJOMI-BLA-44","7","53.00","https://res.cloudinary.com/dxqypizph/image/upload/v1775310886/products/75/1775310885638-632335488_122123643813027433_5710104077103018886_n.jpg","all"
"jordan","jordam mid black/white","black/whitw","45","JOJOMI-BLA-45","2","53.00","https://res.cloudinary.com/dxqypizph/image/upload/v1775310886/products/75/1775310885638-632335488_122123643813027433_5710104077103018886_n.jpg","all"
"jordan","jordan 4","brown","40","JOJO4-BRO-40","1","53.00","https://res.cloudinary.com/dxqypizph/image/upload/v1774991220/products/39/1774991219686-645456706_122125506507027433_4504258420927485082_n.jpg","all"
"jordan","jordan 4","brown","41","JOJO4-BRO-41","1","53.00","https://res.cloudinary.com/dxqypizph/image/upload/v1774991220/products/39/1774991219686-645456706_122125506507027433_4504258420927485082_n.jpg","all"
"jordan","jordan 4","brown","42","JOJO4-BRO-42","4","53.00","https://res.cloudinary.com/dxqypizph/image/upload/v1774991220/products/39/1774991219686-645456706_122125506507027433_4504258420927485082_n.jpg","all"
"jordan","jordan 4","brown","43","JOJO4-BRO-43","2","53.00","https://res.cloudinary.com/dxqypizph/image/upload/v1774991220/products/39/1774991219686-645456706_122125506507027433_4504258420927485082_n.jpg","all"
"jordan","jordan 4","brown","44","JOJO4-BRO-44","3","53.00","https://res.cloudinary.com/dxqypizph/image/upload/v1774991220/products/39/1774991219686-645456706_122125506507027433_4504258420927485082_n.jpg","all"
"jordan","jordan 4","brown","45","JOJO4-BRO-45","1","53.00","https://res.cloudinary.com/dxqypizph/image/upload/v1774991220/products/39/1774991219686-645456706_122125506507027433_4504258420927485082_n.jpg","all"
"jordan","low","black/cream","41","JOLO-BLA-41","2","53.00","https://res.cloudinary.com/dxqypizph/image/upload/v1774991114/products/38/1774991113966-633570227_122123651025027433_7884637084222518163_n.jpg","all"
"jordan","low","black/cream","42","JOLO-BLA-42","3","53.00","https://res.cloudinary.com/dxqypizph/image/upload/v1774991114/products/38/1774991113966-633570227_122123651025027433_7884637084222518163_n.jpg","all"
"jordan","low","black/cream","43","JOLO-BLA-43","5","53.00","https://res.cloudinary.com/dxqypizph/image/upload/v1774991114/products/38/1774991113966-633570227_122123651025027433_7884637084222518163_n.jpg","all"
"jordan","low","black/cream","44","JOLO-BLA-44","4","53.00","https://res.cloudinary.com/dxqypizph/image/upload/v1774991114/products/38/1774991113966-633570227_122123651025027433_7884637084222518163_n.jpg","all"
"jordan","low","black/cream","45","JOLO-BLA-45","1","53.00","https://res.cloudinary.com/dxqypizph/image/upload/v1774991114/products/38/1774991113966-633570227_122123651025027433_7884637084222518163_n.jpg","all"
"jordan","medium pink","pink","37","JOMEPI-PIN-37","4","53.00","https://res.cloudinary.com/dxqypizph/image/upload/v1774991323/products/40/1774991323253-637476975_122124149409027433_8786576477388041924_n.jpg","all"
"jordan","medium pink","pink","39","JOMEPI-PIN-39","2","53.00","https://res.cloudinary.com/dxqypizph/image/upload/v1774991323/products/40/1774991323253-637476975_122124149409027433_8786576477388041924_n.jpg","all"
"jordan","medium pink","pink","40","JOMEPI-PIN-40","3","53.00","https://res.cloudinary.com/dxqypizph/image/upload/v1774991323/products/40/1774991323253-637476975_122124149409027433_8786576477388041924_n.jpg","all"
"jordan","mid","black","40","JOMI-BLA-40","1","53.00","https://res.cloudinary.com/dxqypizph/image/upload/v1775406049/products/37/1775406049028-646882150_122126275047027433_7634645947697389656_n.jpg","all"
"jordan","mid","black","41","JOMI-BLA-41","2","53.00","https://res.cloudinary.com/dxqypizph/image/upload/v1775406049/products/37/1775406049028-646882150_122126275047027433_7634645947697389656_n.jpg","all"
"jordan","mid","black","42","JOMI-BLA-42","3","53.00","https://res.cloudinary.com/dxqypizph/image/upload/v1775406049/products/37/1775406049028-646882150_122126275047027433_7634645947697389656_n.jpg","all"
"jordan","mid","black","43","JOMI-BLA-43","2","53.00","https://res.cloudinary.com/dxqypizph/image/upload/v1775406049/products/37/1775406049028-646882150_122126275047027433_7634645947697389656_n.jpg","all"
"jordan","mid","black","44","JOMI-BLA-44","3","53.00","https://res.cloudinary.com/dxqypizph/image/upload/v1775406049/products/37/1775406049028-646882150_122126275047027433_7634645947697389656_n.jpg","all"
"jordan","mid","black","45","JOMI-BLA-45","2","53.00","https://res.cloudinary.com/dxqypizph/image/upload/v1775406049/products/37/1775406049028-646882150_122126275047027433_7634645947697389656_n.jpg","all"
"jordan","mid","crome","40","JOMI-CRO-40","2","53.00","https://res.cloudinary.com/dxqypizph/image/upload/v1775405874/products/37/1775405874216-download-10.jpg","all"
"jordan","mid","crome","41","JOMI-CRO-41","2","53.00","https://res.cloudinary.com/dxqypizph/image/upload/v1775405874/products/37/1775405874216-download-10.jpg","all"
"jordan","mid","crome","42","JOMI-CRO-42","4","53.00","https://res.cloudinary.com/dxqypizph/image/upload/v1775405874/products/37/1775405874216-download-10.jpg","all"
"jordan","mid","crome","43","JOMI-CRO-43","3","53.00","https://res.cloudinary.com/dxqypizph/image/upload/v1775405874/products/37/1775405874216-download-10.jpg","all"
"jordan","mid","crome","44","JOMI-CRO-44","2","53.00","https://res.cloudinary.com/dxqypizph/image/upload/v1775405874/products/37/1775405874216-download-10.jpg","all"
"jordan","mid","crome","45","JOMI-CRO-45","2","53.00","https://res.cloudinary.com/dxqypizph/image/upload/v1775405874/products/37/1775405874216-download-10.jpg","all"
"jordan","mid","white","42","JOMI-WHI-42","2","53.00","https://res.cloudinary.com/dxqypizph/image/upload/v1774990970/products/37/1774990969348-636707711_122124358089027433_369022475853511794_n.jpg","all"
"jordan","mid","white","43","JOMI-WHI-43","3","53.00","https://res.cloudinary.com/dxqypizph/image/upload/v1774990970/products/37/1774990969348-636707711_122124358089027433_369022475853511794_n.jpg","all"
"jordan","mid","white","44","JOMI-WHI-44","3","53.00","https://res.cloudinary.com/dxqypizph/image/upload/v1774990970/products/37/1774990969348-636707711_122124358089027433_369022475853511794_n.jpg","all"
"loro piano","loro piano","blue","37","LOPILO-BLU-37","3","70.00","https://res.cloudinary.com/dxqypizph/image/upload/v1777062771/products/140/1777062770805-loro3.jpg","all"
"loro piano","loro piano","blue","38","LOPILO-BLU-38","3","70.00","https://res.cloudinary.com/dxqypizph/image/upload/v1777062771/products/140/1777062770805-loro3.jpg","all"
"loro piano","loro piano","blue","39","LOPILO-BLU-39","3","70.00","https://res.cloudinary.com/dxqypizph/image/upload/v1777062771/products/140/1777062770805-loro3.jpg","all"
"loro piano","loro piano","pink","38","LOPILO-PIN-38","37","70.00","https://res.cloudinary.com/dxqypizph/image/upload/v1777062705/products/140/1777062705215-loro2.jpg","all"
"loro piano","walk","black","40","LOPIWA-BLA-40","1","70.00","https://res.cloudinary.com/dxqypizph/image/upload/v1785838241/products/150/1785838241691-download-3.jpg","all"
"loro piano","walk","black","41","LOPIWA-BLA-41","1","70.00","https://res.cloudinary.com/dxqypizph/image/upload/v1785838241/products/150/1785838241691-download-3.jpg","all"
"loro piano","walk","black","42","LOPIWA-BLA-42","3","70.00","https://res.cloudinary.com/dxqypizph/image/upload/v1785838241/products/150/1785838241691-download-3.jpg","all"
"loro piano","walk","black","43","LOPIWA-BLA-43","2","70.00","https://res.cloudinary.com/dxqypizph/image/upload/v1785838241/products/150/1785838241691-download-3.jpg","all"
"loro piano","walk","black","44","LOPIWA-BLA-44","2","70.00","https://res.cloudinary.com/dxqypizph/image/upload/v1785838241/products/150/1785838241691-download-3.jpg","all"
"loro piano","walk","black","45","LOPIWA-BLA-45","1","70.00","https://res.cloudinary.com/dxqypizph/image/upload/v1785838241/products/150/1785838241691-download-3.jpg","all"
"loro piano","walk","black","46","LOPIWA-BLA-46","2","70.00","https://res.cloudinary.com/dxqypizph/image/upload/v1785838241/products/150/1785838241691-download-3.jpg","all"
"loro piano","walk","blue","40","LOPIWA-BLU-40","1","70.00","https://res.cloudinary.com/dxqypizph/image/upload/v1785838190/products/150/1785838190672-download-4.jpg","all"
"loro piano","walk","blue","41","LOPIWA-BLU-41","2","70.00","https://res.cloudinary.com/dxqypizph/image/upload/v1785838190/products/150/1785838190672-download-4.jpg","all"
"loro piano","walk","blue","42","LOPIWA-BLU-42","5","70.00","https://res.cloudinary.com/dxqypizph/image/upload/v1785838190/products/150/1785838190672-download-4.jpg","all"
"loro piano","walk","blue","43","LOPIWA-BLU-43","2","70.00","https://res.cloudinary.com/dxqypizph/image/upload/v1785838190/products/150/1785838190672-download-4.jpg","all"
"loro piano","walk","blue","46","LOPIWA-BLU-46","2","70.00","https://res.cloudinary.com/dxqypizph/image/upload/v1785838190/products/150/1785838190672-download-4.jpg","all"
"loro piano","walk","creanm","40","LOPIWA-CRE-40","2","70.00","https://res.cloudinary.com/dxqypizph/image/upload/v1785838271/products/150/1785838271091-download-5.jpg","all"
"loro piano","walk","creanm","41","LOPIWA-CRE-41","2","70.00","https://res.cloudinary.com/dxqypizph/image/upload/v1785838271/products/150/1785838271091-download-5.jpg","all"
"loro piano","walk","creanm","42","LOPIWA-CRE-42","1","70.00","https://res.cloudinary.com/dxqypizph/image/upload/v1785838271/products/150/1785838271091-download-5.jpg","all"
"loro piano","walk","creanm","43","LOPIWA-CRE-43","2","70.00","https://res.cloudinary.com/dxqypizph/image/upload/v1785838271/products/150/1785838271091-download-5.jpg","all"
"loro piano","walk","creanm","44","LOPIWA-CRE-44","1","70.00","https://res.cloudinary.com/dxqypizph/image/upload/v1785838271/products/150/1785838271091-download-5.jpg","all"
"loro piano","walk","creanm","45","LOPIWA-CRE-45","1","70.00","https://res.cloudinary.com/dxqypizph/image/upload/v1785838271/products/150/1785838271091-download-5.jpg","all"
"loro piano","walk","creanm","46","LOPIWA-CRE-46","2","70.00","https://res.cloudinary.com/dxqypizph/image/upload/v1785838271/products/150/1785838271091-download-5.jpg","all"
"lubotini","shtikell","black","36","LUSH-BLA-36","1","80.00","https://res.cloudinary.com/dxqypizph/image/upload/v1785707213/products/146/1785707213220-images.jpg","all"
"lubotini","shtikell","black","37","LUSH-BLA-37","3","80.00","https://res.cloudinary.com/dxqypizph/image/upload/v1785707213/products/146/1785707213220-images.jpg","all"
"lubotini","shtikell","black","38","LUSH-BLA-38","1","80.00","https://res.cloudinary.com/dxqypizph/image/upload/v1785707213/products/146/1785707213220-images.jpg","all"
"lubotini","shtikell","black","39","LUSH-BLA-39","1","80.00","https://res.cloudinary.com/dxqypizph/image/upload/v1785707213/products/146/1785707213220-images.jpg","all"
"lubotini","shtikell","black","40","LUSH-BLA-40","3","80.00","https://res.cloudinary.com/dxqypizph/image/upload/v1785707213/products/146/1785707213220-images.jpg","all"
"lubotini","shtikell","black","41","LUSH-BLA-41","3","80.00","https://res.cloudinary.com/dxqypizph/image/upload/v1785707213/products/146/1785707213220-images.jpg","all"
"luis viton","Lv streat","black","40","LUVILV-BLA-40","1","100.00","https://res.cloudinary.com/dxqypizph/image/upload/v1776713395/products/16/1776713394611-images-17.jpg","all"
"luis viton","Lv streat","black","41","LUVILV-BLA-41","1","100.00","https://res.cloudinary.com/dxqypizph/image/upload/v1776713395/products/16/1776713394611-images-17.jpg","all"
"luis viton","Lv streat","black","43","LUVILV-BLA-43-2","1","100.00","https://res.cloudinary.com/dxqypizph/image/upload/v1776713395/products/16/1776713394611-images-17.jpg","all"
"luis viton","Lv streat","black/white","42","LUVILV-BLA-42","3","105.00","https://res.cloudinary.com/dxqypizph/image/upload/v1774967226/products/16/1774967226442-645337669_122126116473027433_3504947026707010021_n.jpg","all"
"luis viton","Lv streat","black/white","43","LUVILV-BLA-43","3","105.00","https://res.cloudinary.com/dxqypizph/image/upload/v1774967226/products/16/1774967226442-645337669_122126116473027433_3504947026707010021_n.jpg","all"
"luis viton","Lv streat","black/white","44","LUVILV-BLA-44","3","105.00","https://res.cloudinary.com/dxqypizph/image/upload/v1774967226/products/16/1774967226442-645337669_122126116473027433_3504947026707010021_n.jpg","all"
"luis viton","Lv streat","blue","41","LUVILV-BLU-41","1","100.00","https://res.cloudinary.com/dxqypizph/image/upload/v1776713782/products/16/1776713782459-images-18.jpg","all"
"luis viton","Lv streat","blue","43","LUVILV-BLU-43","1","100.00","https://res.cloudinary.com/dxqypizph/image/upload/v1776713782/products/16/1776713782459-images-18.jpg","all"
"luis viton","Lv streat","brown","43","LUVILV-BRO-43","2","100.00","https://res.cloudinary.com/dxqypizph/image/upload/v1776713337/products/16/1776713336932-wee.avif","all"
"luis viton","Lv streat","brown","44","LUVILV-BRO-44","1","100.00","https://res.cloudinary.com/dxqypizph/image/upload/v1776713337/products/16/1776713336932-wee.avif","all"
"luis viton","Lv streat","gray","42","LUVILV-GRA-42","1","100.00","https://res.cloudinary.com/dxqypizph/image/upload/v1776713686/products/16/1776713685860-louis-vuitton-br9u1pmi54_pm2_front-view.avif","all"
"luis viton","Lv streat","gray","43","LUVILV-GRA-43","1","100.00","https://res.cloudinary.com/dxqypizph/image/upload/v1776713686/products/16/1776713685860-louis-vuitton-br9u1pmi54_pm2_front-view.avif","all"
"luis viton","Lv streat","hint met bardh","43","LUVILV-HIME-43","2","100.00","https://res.cloudinary.com/dxqypizph/image/upload/v1776713873/products/16/1776713873519-images-19.jpg","all"
"luis viton","Lv streat","mashum e bardh sesa e zez","44","LUVILV-MAE-44","2","100.00","https://res.cloudinary.com/dxqypizph/image/upload/v1776713169/products/16/1776713168600-645337669_122126116473027433_3504947026707010021_n.jpg","all"
"luis viton","Lv streat","white/litle black","42","LUVILV-WHBL-42","2","105.00","https://res.cloudinary.com/dxqypizph/image/upload/v1774967411/products/17/1774967411495-645337669_122126116473027433_3504947026707010021_n.jpg","all"
"luis viton","Lv streat","white/litle black","43","LUVILV-WHBL-43","3","105.00","https://res.cloudinary.com/dxqypizph/image/upload/v1774967411/products/17/1774967411495-645337669_122126116473027433_3504947026707010021_n.jpg","all"
"luis viton","Lv streat","zez bardh","40","LUVILV-ZEBA-40","1","100.00","https://res.cloudinary.com/dxqypizph/image/upload/v1776713496/products/16/1776713495944-645337669_122126116473027433_3504947026707010021_n.jpg","all"
"luis viton","Lv streat","zez bardh","45","LUVILV-ZEBA-45","1","100.00","https://res.cloudinary.com/dxqypizph/image/upload/v1776713496/products/16/1776713495944-645337669_122126116473027433_3504947026707010021_n.jpg","all"
"luis viton","Lv streat all white","e bardh","41","LUVILV-EBA-41","1","100.00","https://res.cloudinary.com/dxqypizph/image/upload/v1776713085/products/18/1776713084454-53259d93-31c7-4ff5-9ff0-166fc68fe8d3.webp","all"
"luis viton","Lv streat all white","e bardh","43","LUVILV-EBA-43","2","100.00","https://res.cloudinary.com/dxqypizph/image/upload/v1776713085/products/18/1776713084454-53259d93-31c7-4ff5-9ff0-166fc68fe8d3.webp","all"
"luis viton","Lv streat all white","white","42","LUVILV-WHI-42","2","105.00","https://res.cloudinary.com/dxqypizph/image/upload/v1775519800/products/18/1775519799770-53259d93-31c7-4ff5-9ff0-166fc68fe8d3.webp","all"
"luis viton","Sandale me rryp","BLACK","36","LUVILU-BLA-36","3","50.00","https://res.cloudinary.com/dxqypizph/image/upload/v1775341348/products/117/1775341347645-230659-1_20louis_20vuitton_20women_s_20pool_20pillow_20comfort_20mule_20sandals_20monogram_20puffer_20fabric_2d_0002.webp","all"
"luis viton","Sandale me rryp","BLACK","37","LUVILU-BLA-37","3","50.00","https://res.cloudinary.com/dxqypizph/image/upload/v1775341348/products/117/1775341347645-230659-1_20louis_20vuitton_20women_s_20pool_20pillow_20comfort_20mule_20sandals_20monogram_20puffer_20fabric_2d_0002.webp","all"
"luis viton","Sandale me rryp","BLACK","38","LUVILU-BLA-38","6","50.00","https://res.cloudinary.com/dxqypizph/image/upload/v1775341348/products/117/1775341347645-230659-1_20louis_20vuitton_20women_s_20pool_20pillow_20comfort_20mule_20sandals_20monogram_20puffer_20fabric_2d_0002.webp","all"
"luis viton","Sandale me rryp","BLACK","39","LUVILU-BLA-39","6","50.00","https://res.cloudinary.com/dxqypizph/image/upload/v1775341348/products/117/1775341347645-230659-1_20louis_20vuitton_20women_s_20pool_20pillow_20comfort_20mule_20sandals_20monogram_20puffer_20fabric_2d_0002.webp","all"
"luis viton","Sandale me rryp","BLUE","36","LUVILU-BLU-36","4","50.00","https://res.cloudinary.com/dxqypizph/image/upload/v1775340487/products/117/1775340486489-louis-vuitton-lv-sunset-flat-comfort-sandal-ar6s4adn20_pm2_front-view.webp","all"
"luis viton","Sandale me rryp","BLUE","37","LUVILU-BLU-37","6","50.00","https://res.cloudinary.com/dxqypizph/image/upload/v1775340487/products/117/1775340486489-louis-vuitton-lv-sunset-flat-comfort-sandal-ar6s4adn20_pm2_front-view.webp","all"
"luis viton","Sandale me rryp","BLUE","38","LUVILU-BLU-38","8","50.00","https://res.cloudinary.com/dxqypizph/image/upload/v1775340487/products/117/1775340486489-louis-vuitton-lv-sunset-flat-comfort-sandal-ar6s4adn20_pm2_front-view.webp","all"
"luis viton","Sandale me rryp","BLUE","39","LUVILU-BLU-39","6","50.00","https://res.cloudinary.com/dxqypizph/image/upload/v1775340487/products/117/1775340486489-louis-vuitton-lv-sunset-flat-comfort-sandal-ar6s4adn20_pm2_front-view.webp","all"
"luis viton","Sandale me rryp","BLUE","40","LUVILU-BLU-40","3","50.00","https://res.cloudinary.com/dxqypizph/image/upload/v1775340487/products/117/1775340486489-louis-vuitton-lv-sunset-flat-comfort-sandal-ar6s4adn20_pm2_front-view.webp","all"
"luis viton","Sandale me rryp","BROWN","36","LUVILU-BRO-36","1","50.00","https://res.cloudinary.com/dxqypizph/image/upload/v1775340374/products/117/1775340373416-633526224_122123825025027433_1933078231086828883_n.jpg","all"
"luis viton","Sandale me rryp","BROWN","37","LUVILU-BRO-37","4","50.00","https://res.cloudinary.com/dxqypizph/image/upload/v1775340374/products/117/1775340373416-633526224_122123825025027433_1933078231086828883_n.jpg","all"
"luis viton","Sandale me rryp","BROWN","38","LUVILU-BRO-38","2","50.00","https://res.cloudinary.com/dxqypizph/image/upload/v1775340374/products/117/1775340373416-633526224_122123825025027433_1933078231086828883_n.jpg","all"
"luis viton","Sandale me rryp","BROWN","39","LUVILU-BRO-39","3","50.00","https://res.cloudinary.com/dxqypizph/image/upload/v1775340374/products/117/1775340373416-633526224_122123825025027433_1933078231086828883_n.jpg","all"
"luis viton","Sandale me rryp","Black/grey","10","LUVISA-BLA-10","2","70.00","https://res.cloudinary.com/dxqypizph/image/upload/v1784892235/products/117/1784892234603-image.jpg","all"
"luis viton","Sandale me rryp","Black/grey","6","LUVISA-BLA-6","2","70.00","https://res.cloudinary.com/dxqypizph/image/upload/v1784892235/products/117/1784892234603-image.jpg","all"
"luis viton","Sandale me rryp","Black/grey","7","LUVISA-BLA-7","2","70.00","https://res.cloudinary.com/dxqypizph/image/upload/v1784892235/products/117/1784892234603-image.jpg","all"
"luis viton","Sandale me rryp","Black/grey","8","LUVISA-BLA-8","5","70.00","https://res.cloudinary.com/dxqypizph/image/upload/v1784892235/products/117/1784892234603-image.jpg","all"
"luis viton","Sandale me rryp","Black/grey","9","LUVISA-BLA-9","3","70.00","https://res.cloudinary.com/dxqypizph/image/upload/v1784892235/products/117/1784892234603-image.jpg","all"
"luis viton","Sandale me rryp","CROME","36","LUVISA-CRO-36","2","70.00","https://res.cloudinary.com/dxqypizph/image/upload/v1775487381/products/117/1775487381561-download-29.jpg","all"
"luis viton","Sandale me rryp","CROME","37","LUVISA-CRO-37","5","70.00","https://res.cloudinary.com/dxqypizph/image/upload/v1775487381/products/117/1775487381561-download-29.jpg","all"
"luis viton","Sandale me rryp","CROME","38","LUVISA-CRO-38","7","70.00","https://res.cloudinary.com/dxqypizph/image/upload/v1775487381/products/117/1775487381561-download-29.jpg","all"
"luis viton","Sandale me rryp","CROME","39","LUVISA-CRO-39","6","70.00","https://res.cloudinary.com/dxqypizph/image/upload/v1775487381/products/117/1775487381561-download-29.jpg","all"
"luis viton","Sandale me rryp","CROME","40","LUVISA-CRO-40","2","70.00","https://res.cloudinary.com/dxqypizph/image/upload/v1775487381/products/117/1775487381561-download-29.jpg","all"
"luis viton","Sandale me rryp","GRAY","37","LUVISA-GRA-37","3","70.00","https://res.cloudinary.com/dxqypizph/image/upload/v1775487581/products/117/1775487580952-s.jpg","all"
"luis viton","Sandale me rryp","GRAY","38","LUVISA-GRA-38","6","70.00","https://res.cloudinary.com/dxqypizph/image/upload/v1775487581/products/117/1775487580952-s.jpg","all"
"luis viton","Sandale me rryp","GRAY","39","LUVISA-GRA-39","2","70.00","https://res.cloudinary.com/dxqypizph/image/upload/v1775487581/products/117/1775487580952-s.jpg","all"
"luis viton","Sandale me rryp","WHITE","36","LUVILU-WHI-36","2","50.00","https://res.cloudinary.com/dxqypizph/image/upload/v1775340023/products/117/1775340022966-s-l1200.jpg","all"
"luis viton","Sandale me rryp","WHITE","37","LUVILU-WHI-37","2","50.00","https://res.cloudinary.com/dxqypizph/image/upload/v1775340023/products/117/1775340022966-s-l1200.jpg","all"
"luis viton","Sandale me rryp","WHITE","38","LUVILU-WHI-38","7","50.00","https://res.cloudinary.com/dxqypizph/image/upload/v1775340023/products/117/1775340022966-s-l1200.jpg","all"
"luis viton","Sandale me rryp","WHITE","39","LUVILU-WHI-39","7","50.00","https://res.cloudinary.com/dxqypizph/image/upload/v1775340023/products/117/1775340022966-s-l1200.jpg","all"
"luis viton","Sandale me rryp","WHITE","40","LUVILU-WHI-40","2","50.00","https://res.cloudinary.com/dxqypizph/image/upload/v1775340023/products/117/1775340022966-s-l1200.jpg","all"
"luis viton","Sandale me rryp","all white","36","LUVISA-ALWH-36","3","70.00","https://res.cloudinary.com/dxqypizph/image/upload/v1775677017/products/117/1775677016799-lv00.jpg","all"
"luis viton","Sandale me rryp","all white","37","LUVISA-ALWH-37","3","70.00","https://res.cloudinary.com/dxqypizph/image/upload/v1775677017/products/117/1775677016799-lv00.jpg","all"
"luis viton","Sandale me rryp","all white","38","LUVISA-ALWH-38","4","70.00","https://res.cloudinary.com/dxqypizph/image/upload/v1775677017/products/117/1775677016799-lv00.jpg","all"
"luis viton","Sandale me rryp","all white","39","LUVISA-ALWH-39","3","70.00","https://res.cloudinary.com/dxqypizph/image/upload/v1775677017/products/117/1775677016799-lv00.jpg","all"
"luis viton","Sandale me rryp","all white","40","LUVISA-ALWH-40","2","70.00","https://res.cloudinary.com/dxqypizph/image/upload/v1775677017/products/117/1775677016799-lv00.jpg","all"
"luis viton","Sandale me rryp","banana black","36","LUVISA-BABL-36","1","70.00","https://res.cloudinary.com/dxqypizph/image/upload/v1775488487/products/117/1775488487014-664362137_2550181018776083_2819233621300917394_n.jpg","all"
"luis viton","Sandale me rryp","banana black","37","LUVISA-BABL-37","3","70.00","https://res.cloudinary.com/dxqypizph/image/upload/v1775488487/products/117/1775488487014-664362137_2550181018776083_2819233621300917394_n.jpg","all"
"luis viton","Sandale me rryp","banana black","38","LUVISA-BABL-38","5","70.00","https://res.cloudinary.com/dxqypizph/image/upload/v1775488487/products/117/1775488487014-664362137_2550181018776083_2819233621300917394_n.jpg","all"
"luis viton","Sandale me rryp","banana black","39","LUVISA-BABL-39","4","70.00","https://res.cloudinary.com/dxqypizph/image/upload/v1775488487/products/117/1775488487014-664362137_2550181018776083_2819233621300917394_n.jpg","all"
"luis viton","Sandale me rryp","banana black","40","LUVISA-BABL-40","1","70.00","https://res.cloudinary.com/dxqypizph/image/upload/v1775488487/products/117/1775488487014-664362137_2550181018776083_2819233621300917394_n.jpg","all"
"luis viton","Sandale me rryp","black with metalik","36","LUVISA-BLWI-36","4","60.00","https://res.cloudinary.com/dxqypizph/image/upload/v1775600433/products/117/1775600432886-kk.jpg","all"
"luis viton","Sandale me rryp","black with metalik","37","LUVISA-BLWI-37","4","60.00","https://res.cloudinary.com/dxqypizph/image/upload/v1775600433/products/117/1775600432886-kk.jpg","all"
"luis viton","Sandale me rryp","black with metalik","38","LUVISA-BLWI-38","6","60.00","https://res.cloudinary.com/dxqypizph/image/upload/v1775600433/products/117/1775600432886-kk.jpg","all"
"luis viton","Sandale me rryp","black with metalik","39","LUVISA-BLWI-39","6","60.00","https://res.cloudinary.com/dxqypizph/image/upload/v1775600433/products/117/1775600432886-kk.jpg","all"
"luis viton","Sandale me rryp","blu","36","LUVISA-BLU-36","3","70.00","https://res.cloudinary.com/dxqypizph/image/upload/v1777585681/products/117/1777585681290-9.jpg","all"
"luis viton","Sandale me rryp","blu","37","LUVISA-BLU-37","5","70.00","https://res.cloudinary.com/dxqypizph/image/upload/v1777585681/products/117/1777585681290-9.jpg","all"
"luis viton","Sandale me rryp","blu","38","LUVISA-BLU-38","6","70.00","https://res.cloudinary.com/dxqypizph/image/upload/v1777585681/products/117/1777585681290-9.jpg","all"
"luis viton","Sandale me rryp","blu","39","LUVISA-BLU-39","5","70.00","https://res.cloudinary.com/dxqypizph/image/upload/v1777585681/products/117/1777585681290-9.jpg","all"
"luis viton","Sandale me rryp","blu","40","LUVISA-BLU-40","2","70.00","https://res.cloudinary.com/dxqypizph/image/upload/v1777585681/products/117/1777585681290-9.jpg","all"
"luis viton","Sandale me rryp","brown full","36","LUVISA-BRFU-36","6","50.00","https://res.cloudinary.com/dxqypizph/image/upload/v1775598631/products/117/1775598630826-lvv.jpg","all"
"luis viton","Sandale me rryp","brown full","37","LUVISA-BRFU-37","6","50.00","https://res.cloudinary.com/dxqypizph/image/upload/v1775598631/products/117/1775598630826-lvv.jpg","all"
"luis viton","Sandale me rryp","brown full","38","LUVISA-BRFU-38","7","50.00","https://res.cloudinary.com/dxqypizph/image/upload/v1775598631/products/117/1775598630826-lvv.jpg","all"
"luis viton","Sandale me rryp","brown full","39","LUVISA-BRFU-39","6","50.00","https://res.cloudinary.com/dxqypizph/image/upload/v1775598631/products/117/1775598630826-lvv.jpg","all"
"luis viton","Sandale me rryp","brown full","40","LUVISA-BRFU-40","3","50.00","https://res.cloudinary.com/dxqypizph/image/upload/v1775598631/products/117/1775598630826-lvv.jpg","all"
"luis viton","Sandale me rryp","brown me ni rryp","36","LUVISA-BRME-36","1","70.00","https://res.cloudinary.com/dxqypizph/image/upload/v1777585174/products/117/1777585173722-78.jpg","all"
"luis viton","Sandale me rryp","brown me ni rryp","37","LUVISA-BRME-37","3","70.00","https://res.cloudinary.com/dxqypizph/image/upload/v1777585174/products/117/1777585173722-78.jpg","all"
"luis viton","Sandale me rryp","brown me ni rryp","38","LUVISA-BRME-38","2","70.00","https://res.cloudinary.com/dxqypizph/image/upload/v1777585174/products/117/1777585173722-78.jpg","all"
"luis viton","Sandale me rryp","browni","36","LUVISA-BRO-36","3","70.00","https://res.cloudinary.com/dxqypizph/image/upload/v1777584875/products/117/1777584875338-67.jpg","all"
"luis viton","Sandale me rryp","browni","37","LUVISA-BRO-37","2","70.00","https://res.cloudinary.com/dxqypizph/image/upload/v1777584875/products/117/1777584875338-67.jpg","all"
"luis viton","Sandale me rryp","browni","38","LUVISA-BRO-38","4","70.00","https://res.cloudinary.com/dxqypizph/image/upload/v1777584875/products/117/1777584875338-67.jpg","all"
"luis viton","Sandale me rryp","browni","39","LUVISA-BRO-39","1","70.00","https://res.cloudinary.com/dxqypizph/image/upload/v1777584875/products/117/1777584875338-67.jpg","all"
"luis viton","Sandale me rryp","browni","40","LUVISA-BRO-40","1","70.00","https://res.cloudinary.com/dxqypizph/image/upload/v1777584875/products/117/1777584875338-67.jpg","all"
"luis viton","Sandale me rryp","brwn","36","LUVISA-BRW-36","2","70.00","https://res.cloudinary.com/dxqypizph/image/upload/v1777585444/products/117/1777585443671-six-svn.jpg","all"
"luis viton","Sandale me rryp","brwn","37","LUVISA-BRW-37","2","70.00","https://res.cloudinary.com/dxqypizph/image/upload/v1777585444/products/117/1777585443671-six-svn.jpg","all"
"luis viton","Sandale me rryp","brwn","38","LUVISA-BRW-38","4","70.00","https://res.cloudinary.com/dxqypizph/image/upload/v1777585444/products/117/1777585443671-six-svn.jpg","all"
"luis viton","Sandale me rryp","brwn","39","LUVISA-BRW-39","6","70.00","https://res.cloudinary.com/dxqypizph/image/upload/v1777585444/products/117/1777585443671-six-svn.jpg","all"
"luis viton","Sandale me rryp","brwn","40","LUVISA-BRW-40","1","70.00","https://res.cloudinary.com/dxqypizph/image/upload/v1777585444/products/117/1777585443671-six-svn.jpg","all"
"luis viton","Sandale me rryp","crem","36","LUVISA-CRE-36","1","55.00","https://res.cloudinary.com/dxqypizph/image/upload/v1775598905/products/117/1775598905351-l.jpg","all"
"luis viton","Sandale me rryp","crem","37","LUVISA-CRE-37","1","55.00","https://res.cloudinary.com/dxqypizph/image/upload/v1775598905/products/117/1775598905351-l.jpg","all"
"luis viton","Sandale me rryp","crem","39","LUVISA-CRE-39","3","55.00","https://res.cloudinary.com/dxqypizph/image/upload/v1775598905/products/117/1775598905351-l.jpg","all"
"luis viton","Sandale me rryp","crem","40","LUVISA-CRE-40","1","55.00","https://res.cloudinary.com/dxqypizph/image/upload/v1775598905/products/117/1775598905351-l.jpg","all"
"luis viton","Sandale me rryp","dark blue","36","LUVISA-DABL-36","4","70.00","https://res.cloudinary.com/dxqypizph/image/upload/v1775489450/products/117/1775489449811-en.jpg","all"
"luis viton","Sandale me rryp","dark blue","37","LUVISA-DABL-37","7","70.00","https://res.cloudinary.com/dxqypizph/image/upload/v1775489450/products/117/1775489449811-en.jpg","all"
"luis viton","Sandale me rryp","dark blue","38","LUVISA-DABL-38","9","70.00","https://res.cloudinary.com/dxqypizph/image/upload/v1775489450/products/117/1775489449811-en.jpg","all"
"luis viton","Sandale me rryp","dark blue","39","LUVISA-DABL-39","8","70.00","https://res.cloudinary.com/dxqypizph/image/upload/v1775489450/products/117/1775489449811-en.jpg","all"
"luis viton","Sandale me rryp","dark blue","40","LUVISA-DABL-40","5","70.00","https://res.cloudinary.com/dxqypizph/image/upload/v1775489450/products/117/1775489449811-en.jpg","all"
"luis viton","Sandale me rryp","e zeze","40","LUVISA-EZE-40","1","70.00","https://res.cloudinary.com/dxqypizph/image/upload/v1777584471/products/117/1777584471194-image.webp","all"
"luis viton","Sandale me rryp","fulle browne","40","LUVISA-FUBR-40","3","70.00","https://res.cloudinary.com/dxqypizph/image/upload/v1777584018/products/117/1777584018119-ifg.jpg","all"
"luis viton","Sandale me rryp","krem","36","LUVISA-KRE-36","2","70.00","https://res.cloudinary.com/dxqypizph/image/upload/v1775488694/products/117/1775488694581-download-31.jpg","all"
"luis viton","Sandale me rryp","krem","37","LUVISA-KRE-37","5","70.00","https://res.cloudinary.com/dxqypizph/image/upload/v1775488694/products/117/1775488694581-download-31.jpg","all"
"luis viton","Sandale me rryp","krem","38","LUVISA-KRE-38","6","70.00","https://res.cloudinary.com/dxqypizph/image/upload/v1775488694/products/117/1775488694581-download-31.jpg","all"
"luis viton","Sandale me rryp","krem","39","LUVISA-KRE-39","4","70.00","https://res.cloudinary.com/dxqypizph/image/upload/v1775488694/products/117/1775488694581-download-31.jpg","all"
"luis viton","Sandale me rryp","krem","40","LUVISA-KRE-40","1","70.00","https://res.cloudinary.com/dxqypizph/image/upload/v1775488694/products/117/1775488694581-download-31.jpg","all"
"miu miu","miu miu sendeles","black black","36","MIMIMI-BLBL-36","1","70.00","https://res.cloudinary.com/dxqypizph/image/upload/v1775494773/products/135/1775494772659-73.webp","all"
"miu miu","miu miu sendeles","black black","37","MIMIMI-BLBL-37","2","70.00","https://res.cloudinary.com/dxqypizph/image/upload/v1775494773/products/135/1775494772659-73.webp","all"
"miu miu","miu miu sendeles","black black","38","MIMIMI-BLBL-38","1","70.00","https://res.cloudinary.com/dxqypizph/image/upload/v1775494773/products/135/1775494772659-73.webp","all"
"miu miu","miu miu sendeles","brown cream","37","MIMIMI-BRCR-37","6","70.00","https://res.cloudinary.com/dxqypizph/image/upload/v1775494588/products/135/1775494587894-ima.jpg","all"
"miu miu","miu miu sendeles","brown cream","38","MIMIMI-BRCR-38","7","70.00","https://res.cloudinary.com/dxqypizph/image/upload/v1775494588/products/135/1775494587894-ima.jpg","all"
"miu miu","miu miu sendeles","brown cream","39","MIMIMI-BRCR-39","5","70.00","https://res.cloudinary.com/dxqypizph/image/upload/v1775494588/products/135/1775494587894-ima.jpg","all"
"miu miu","miu miu sendeles","browne","36","MIMIMI-BRO-36","3","65.00","https://res.cloudinary.com/dxqypizph/image/upload/v1777062334/products/135/1777062333482-090.jpg","all"
"miu miu","miu miu sendeles","browne","40","MIMIMI-BRO-40","2","65.00","https://res.cloudinary.com/dxqypizph/image/upload/v1777062334/products/135/1777062333482-090.jpg","all"
"miu miu","miu miu sendeles","pink pink","36","MIMIMI-PIPI-36","3","70.00","https://res.cloudinary.com/dxqypizph/image/upload/v1775494932/products/135/1775494932044-barqa.webp","all"
"miu miu","miu miu sendeles","pink pink","37","MIMIMI-PIPI-37","3","70.00","https://res.cloudinary.com/dxqypizph/image/upload/v1775494932/products/135/1775494932044-barqa.webp","all"
"miu miu","miu miu sendeles","pink pink","38","MIMIMI-PIPI-38","6","70.00","https://res.cloudinary.com/dxqypizph/image/upload/v1775494932/products/135/1775494932044-barqa.webp","all"
"miu miu","miu miu sendeles","pink pink","39","MIMIMI-PIPI-39","6","70.00","https://res.cloudinary.com/dxqypizph/image/upload/v1775494932/products/135/1775494932044-barqa.webp","all"
"miu miu","miu miu sendeles","pink pink","40","MIMIMI-PIPI-40","3","70.00","https://res.cloudinary.com/dxqypizph/image/upload/v1775494932/products/135/1775494932044-barqa.webp","all"
"miu miu","miu miu sendeles","white brown","36","MIMIMI-WHBR-36","1","70.00","https://res.cloudinary.com/dxqypizph/image/upload/v1775597890/products/135/1775597890279-miu.jpg","all"
"miu miu","miu miu sendeles","white brown","37","MIMIMI-WHBR-37","4","70.00","https://res.cloudinary.com/dxqypizph/image/upload/v1775597890/products/135/1775597890279-miu.jpg","all"
"miu miu","miu miu sendeles","white brown","38","MIMIMI-WHBR-38","5","70.00","https://res.cloudinary.com/dxqypizph/image/upload/v1775597890/products/135/1775597890279-miu.jpg","all"
"miu miu","miu miu sendeles","white brown","39","MIMIMI-WHBR-39","4","70.00","https://res.cloudinary.com/dxqypizph/image/upload/v1775597890/products/135/1775597890279-miu.jpg","all"
"miu miu","miu miu sendeles","white brown","40","MIMIMI-WHBR-40","1","70.00","https://res.cloudinary.com/dxqypizph/image/upload/v1775597890/products/135/1775597890279-miu.jpg","all"
"miu miu","miu miu sendeles","white white","37","MIMIMI-WHWH-37","1","70.00","https://res.cloudinary.com/dxqypizph/image/upload/v1775494685/products/135/1775494685464-im.jpg","all"
"miu miu","miu miu sendeles","white white","38","MIMIMI-WHWH-38","2","70.00","https://res.cloudinary.com/dxqypizph/image/upload/v1775494685/products/135/1775494685464-im.jpg","all"
"miu miu","miu miu sendeles","white white","39","MIMIMI-WHWH-39","3","70.00","https://res.cloudinary.com/dxqypizph/image/upload/v1775494685/products/135/1775494685464-im.jpg","all"
"moschino sandale","moschino sandale","black","37","MOSAMO-BLA-37","5","50.00","https://res.cloudinary.com/dxqypizph/image/upload/v1775343419/products/119/1775343418126-646766493_122126140833027433_3353523693785330886_n-1.jpg","all"
"moschino sandale","moschino sandale","black","38","MOSAMO-BLA-38","6","50.00","https://res.cloudinary.com/dxqypizph/image/upload/v1775343419/products/119/1775343418126-646766493_122126140833027433_3353523693785330886_n-1.jpg","all"
"moschino sandale","moschino sandale","black","39","MOSAMO-BLA-39","6","50.00","https://res.cloudinary.com/dxqypizph/image/upload/v1775343419/products/119/1775343418126-646766493_122126140833027433_3353523693785330886_n-1.jpg","all"
"moschino sandale","moschino sandale","black","40","MOSAMO-BLA-40","1","50.00","https://res.cloudinary.com/dxqypizph/image/upload/v1775343419/products/119/1775343418126-646766493_122126140833027433_3353523693785330886_n-1.jpg","all"
"new balance","black","black","36","NEBABL-BLA-36","1","55.00","https://res.cloudinary.com/dxqypizph/image/upload/v1775259827/products/45/1775259826772-641282717_122124937395027433_2855866482549883616_n.jpg","all"
"new balance","black","black","37","NEBABL-BLA-37","5","55.00","https://res.cloudinary.com/dxqypizph/image/upload/v1775259827/products/45/1775259826772-641282717_122124937395027433_2855866482549883616_n.jpg","all"
"new balance","black","e kaft","36","NEBABL-EKA-36","6","55.00","https://res.cloudinary.com/dxqypizph/image/upload/v1777237466/products/45/1777237466325-erdit.jpg","all"
"new balance","black","e kaft","37","NEBABL-EKA-37","7","55.00","https://res.cloudinary.com/dxqypizph/image/upload/v1777237466/products/45/1777237466325-erdit.jpg","all"
"new balance","black","e kaft","38","NEBABL-EKA-38","6","55.00","https://res.cloudinary.com/dxqypizph/image/upload/v1777237466/products/45/1777237466325-erdit.jpg","all"
"new balance","black","e kaft","40","NEBABL-EKA-40","5","55.00","https://res.cloudinary.com/dxqypizph/image/upload/v1777237466/products/45/1777237466325-erdit.jpg","all"
"new balance","black","e zez","42","NEBABL-EZE-42","5","55.00","https://res.cloudinary.com/dxqypizph/image/upload/v1776024837/products/45/1776024836868-641282717_122124937395027433_2855866482549883616_n.jpg","all"
"new balance","black","e zeze","41","NEBABL-EZE-41","5","55.00","https://res.cloudinary.com/dxqypizph/image/upload/v1777237039/products/45/1777237038709-641282717_122124937395027433_2855866482549883616_n.jpg","all"
"new balance","black","e zeze","43","NEBABL-EZE-43","5","55.00","https://res.cloudinary.com/dxqypizph/image/upload/v1777237039/products/45/1777237038709-641282717_122124937395027433_2855866482549883616_n.jpg","all"
"new balance","black","e zeze","44","NEBABL-EZE-44","1","55.00","https://res.cloudinary.com/dxqypizph/image/upload/v1777237039/products/45/1777237038709-641282717_122124937395027433_2855866482549883616_n.jpg","all"
"new balance","black","e zeze","45","NEBABL-EZE-45","4","55.00","https://res.cloudinary.com/dxqypizph/image/upload/v1777237039/products/45/1777237038709-641282717_122124937395027433_2855866482549883616_n.jpg","all"
"new balance","black","ezez me te hirit","36","NEBABL-EZME-36","2","55.00","https://res.cloudinary.com/dxqypizph/image/upload/v1777237823/products/45/1777237823230-eraa.jpg","all"
"new balance","black","ezez me te hirit","37","NEBABL-EZME-37","5","55.00","https://res.cloudinary.com/dxqypizph/image/upload/v1777237823/products/45/1777237823230-eraa.jpg","all"
"new balance","black","ezez me te hirit","38","NEBABL-EZME-38","3","55.00","https://res.cloudinary.com/dxqypizph/image/upload/v1777237823/products/45/1777237823230-eraa.jpg","all"
"new balance","black","ezez me te hirit","39","NEBABL-EZME-39","7","55.00","https://res.cloudinary.com/dxqypizph/image/upload/v1777237823/products/45/1777237823230-eraa.jpg","all"
"new balance","black","ezez me te hirit","40","NEBABL-EZME-40","5","55.00","https://res.cloudinary.com/dxqypizph/image/upload/v1777237823/products/45/1777237823230-eraa.jpg","all"
"new balance","black","ezez me te hirit","41","NEBABL-EZME-41","2","55.00","https://res.cloudinary.com/dxqypizph/image/upload/v1777237823/products/45/1777237823230-eraa.jpg","all"
"new balance","black","ezez me te hirit","42","NEBABL-EZME-42","2","55.00","https://res.cloudinary.com/dxqypizph/image/upload/v1777237823/products/45/1777237823230-eraa.jpg","all"
"new balance","black","ezez me te hirit","43","NEBABL-EZME-43","4","55.00","https://res.cloudinary.com/dxqypizph/image/upload/v1777237823/products/45/1777237823230-eraa.jpg","all"
"new balance","black","ezez me te hirit","44","NEBABL-EZME-44","2","55.00","https://res.cloudinary.com/dxqypizph/image/upload/v1777237823/products/45/1777237823230-eraa.jpg","all"
"new balance","black","ezez me te hirit","45","NEBABL-EZME-45","1","55.00","https://res.cloudinary.com/dxqypizph/image/upload/v1777237823/products/45/1777237823230-eraa.jpg","all"
"new balance","black","green","40","NEBABL-GRE-40","2","55.00","https://res.cloudinary.com/dxqypizph/image/upload/v1777237216/products/45/1777237215875-enis.jpg","all"
"new balance","black","green","41","NEBABL-GRE-41","7","55.00","https://res.cloudinary.com/dxqypizph/image/upload/v1777237216/products/45/1777237215875-enis.jpg","all"
"new balance","black","green","42","NEBABL-GRE-42","4","55.00","https://res.cloudinary.com/dxqypizph/image/upload/v1777237216/products/45/1777237215875-enis.jpg","all"
"new balance","black","green","43","NEBABL-GRE-43","6","55.00","https://res.cloudinary.com/dxqypizph/image/upload/v1777237216/products/45/1777237215875-enis.jpg","all"
"new balance","black","green","44","NEBABL-GRE-44","5","55.00","https://res.cloudinary.com/dxqypizph/image/upload/v1777237216/products/45/1777237215875-enis.jpg","all"
"new balance","black","green","45","NEBABL-GRE-45","4","55.00","https://res.cloudinary.com/dxqypizph/image/upload/v1777237216/products/45/1777237215875-enis.jpg","all"
"new balance","black","grey blakk","36","NEBABL-GRBL-36","2","50.00","https://res.cloudinary.com/dxqypizph/image/upload/v1777583435/products/45/1777583434812-900.png","all"
"new balance","black","grey blakk","37","NEBABL-GRBL-37","5","50.00","https://res.cloudinary.com/dxqypizph/image/upload/v1777583435/products/45/1777583434812-900.png","all"
"new balance","black","grey blakk","38","NEBABL-GRBL-38","4","50.00","https://res.cloudinary.com/dxqypizph/image/upload/v1777583435/products/45/1777583434812-900.png","all"
"new balance","black","grey blakk","39","NEBABL-GRBL-39","7","50.00","https://res.cloudinary.com/dxqypizph/image/upload/v1777583435/products/45/1777583434812-900.png","all"
"new balance","black","grey blakk","40","NEBABL-GRBL-40","4","50.00","https://res.cloudinary.com/dxqypizph/image/upload/v1777583435/products/45/1777583434812-900.png","all"
"new balance","black","hint me kaleter","40","NEBABL-HIME-40","1","55.00","https://res.cloudinary.com/dxqypizph/image/upload/v1777237691/products/45/1777237690582-tabi.jpg","all"
"new balance","black","hint me kaleter","41","NEBABL-HIME-41","2","55.00","https://res.cloudinary.com/dxqypizph/image/upload/v1777237691/products/45/1777237690582-tabi.jpg","all"
"new balance","black","hint me kaleter","42","NEBABL-HIME-42","5","55.00","https://res.cloudinary.com/dxqypizph/image/upload/v1777237691/products/45/1777237690582-tabi.jpg","all"
"new balance","black","hint me kaleter","43","NEBABL-HIME-43","6","55.00","https://res.cloudinary.com/dxqypizph/image/upload/v1777237691/products/45/1777237690582-tabi.jpg","all"
"new balance","black","hint me kaleter","44","NEBABL-HIME-44","3","55.00","https://res.cloudinary.com/dxqypizph/image/upload/v1777237691/products/45/1777237690582-tabi.jpg","all"
"new balance","black","hint me kaleter","45","NEBABL-HIME-45","2","55.00","https://res.cloudinary.com/dxqypizph/image/upload/v1777237691/products/45/1777237690582-tabi.jpg","all"
"new balance","black","hint me te zez","40","NEBABL-HIME-40-2","4","55.00","https://res.cloudinary.com/dxqypizph/image/upload/v1777237748/products/45/1777237747849-nani.jpg","all"
"new balance","black","hint me te zez","41","NEBABL-HIME-41-2","6","55.00","https://res.cloudinary.com/dxqypizph/image/upload/v1777237748/products/45/1777237747849-nani.jpg","all"
"new balance","black","hint me te zez","42","NEBABL-HIME-42-2","6","55.00","https://res.cloudinary.com/dxqypizph/image/upload/v1777237748/products/45/1777237747849-nani.jpg","all"
"new balance","black","hint me te zez","43","NEBABL-HIME-43-2","7","55.00","https://res.cloudinary.com/dxqypizph/image/upload/v1777237748/products/45/1777237747849-nani.jpg","all"
"new balance","black","hint me te zez","44","NEBABL-HIME-44-2","6","55.00","https://res.cloudinary.com/dxqypizph/image/upload/v1777237748/products/45/1777237747849-nani.jpg","all"
"new balance","black","hint me te zez","45","NEBABL-HIME-45-2","5","55.00","https://res.cloudinary.com/dxqypizph/image/upload/v1777237748/products/45/1777237747849-nani.jpg","all"
"new balance","black","hirit","36","NEBABL-HIR-36","4","55.00","https://res.cloudinary.com/dxqypizph/image/upload/v1777237408/products/45/1777237408311-era.jpg","all"
"new balance","black","hirit","37","NEBABL-HIR-37","5","55.00","https://res.cloudinary.com/dxqypizph/image/upload/v1777237408/products/45/1777237408311-era.jpg","all"
"new balance","black","hirit","38","NEBABL-HIR-38","5","55.00","https://res.cloudinary.com/dxqypizph/image/upload/v1777237408/products/45/1777237408311-era.jpg","all"
"new balance","black","hirit","39","NEBABL-HIR-39","4","55.00","https://res.cloudinary.com/dxqypizph/image/upload/v1777237408/products/45/1777237408311-era.jpg","all"
"new balance","black","hirit","40","NEBABL-HIR-40","1","55.00","https://res.cloudinary.com/dxqypizph/image/upload/v1777237408/products/45/1777237408311-era.jpg","all"
"new balance","black","krem","36","NEBABL-KRE-36","6","55.00","https://res.cloudinary.com/dxqypizph/image/upload/v1777237619/products/45/1777237618399-nan.jpg","all"
"new balance","black","krem","37","NEBABL-KRE-37","3","55.00","https://res.cloudinary.com/dxqypizph/image/upload/v1777237619/products/45/1777237618399-nan.jpg","all"
"new balance","black","krem","38","NEBABL-KRE-38","2","55.00","https://res.cloudinary.com/dxqypizph/image/upload/v1777237619/products/45/1777237618399-nan.jpg","all"
"new balance","black","krem","39","NEBABL-KRE-39","3","55.00","https://res.cloudinary.com/dxqypizph/image/upload/v1777237619/products/45/1777237618399-nan.jpg","all"
"new balance","black","krem","40","NEBABL-KRE-40","4","55.00","https://res.cloudinary.com/dxqypizph/image/upload/v1777237619/products/45/1777237618399-nan.jpg","all"
"new balance","new balance","e gjelbeet","38","NEBANE-EGJ-38","2","55.00","https://res.cloudinary.com/dxqypizph/image/upload/v1776024968/products/22/1776024967812-639539486_122124868983027433_8086184095976161367_n.jpg","all"
"new balance","new balance","gjelbert","36","NEBANE-GJE-36","2","55.00","https://res.cloudinary.com/dxqypizph/image/upload/v1776720968/products/22/1776720967849-639539486_122124868983027433_8086184095976161367_n.jpg","all"
"new balance","new balance","green","37","NEBANE-GRE-37","6","55.00","https://res.cloudinary.com/dxqypizph/image/upload/v1774968774/products/22/1774968774173-639539486_122124868983027433_8086184095976161367_n.jpg","all"
"new balance","new balance blue","blue","42","NEBANE-BLU-42","2","55.00","https://res.cloudinary.com/dxqypizph/image/upload/v1775335493/products/106/1775335492883-645564658_122125518861027433_1730595742757734277_n.jpg","all"
"new balance","new balance grey","gray cream","36","NEBANE-GRCR-36","1","55.00","https://res.cloudinary.com/dxqypizph/image/upload/v1776720853/products/116/1776720853233-u9060fgn.webp","all"
"new balance","new balance grey","gray cream","37","NEBANE-GRCR-37","2","55.00","https://res.cloudinary.com/dxqypizph/image/upload/v1776720853/products/116/1776720853233-u9060fgn.webp","all"
"new balance","new balance grey","gray cream","38","NEBANE-GRCR-38","2","55.00","https://res.cloudinary.com/dxqypizph/image/upload/v1776720853/products/116/1776720853233-u9060fgn.webp","all"
"new balance","new balance grey","gray cream","39","NEBANE-GRCR-39","2","55.00","https://res.cloudinary.com/dxqypizph/image/upload/v1776720853/products/116/1776720853233-u9060fgn.webp","all"
"new balance","new balance grey","grey","36","NEBANE-GRE-36","2","55.00","https://res.cloudinary.com/dxqypizph/image/upload/v1775337798/products/116/1775337797904-645291096_122125506411027433_5310219090598080557_n.jpg","all"
"new balance","new balance grey","grey","37","NEBANE-GRE-37-2","4","55.00","https://res.cloudinary.com/dxqypizph/image/upload/v1775337798/products/116/1775337797904-645291096_122125506411027433_5310219090598080557_n.jpg","all"
"new balance","new balance pink","pembe","36","NEBANE-PEM-36","2","55.00","https://res.cloudinary.com/dxqypizph/image/upload/v1776721095/products/69/1776721095342-628110981_122123467731027433_3960395308660272041_n.jpg","all"
"new balance","new balance pink","pembe","37","NEBANE-PEM-37","3","55.00","https://res.cloudinary.com/dxqypizph/image/upload/v1776721095/products/69/1776721095342-628110981_122123467731027433_3960395308660272041_n.jpg","all"
"new balance","new balance pink","pembe","39","NEBANE-PEM-39","1","55.00","https://res.cloudinary.com/dxqypizph/image/upload/v1776721095/products/69/1776721095342-628110981_122123467731027433_3960395308660272041_n.jpg","all"
"new balance","new balance pink","pink","38","NEBANE-PIN-38","3","55.00","https://res.cloudinary.com/dxqypizph/image/upload/v1775303381/products/69/1775303381344-628110981_122123467731027433_3960395308660272041_n.jpg","all"
"nike","LV/AIR Force","black","40","NILVFO-BLA-40","2","53.00","https://res.cloudinary.com/dxqypizph/image/upload/v1775482008/products/24/1775482008140-louis-vuitton-x-air-force-1-low-black-white.jpg","all"
"nike","LV/AIR Force","black","41","NILVFO-BLA-41","2","53.00","https://res.cloudinary.com/dxqypizph/image/upload/v1775482008/products/24/1775482008140-louis-vuitton-x-air-force-1-low-black-white.jpg","all"
"nike","LV/AIR Force","black","42","NILVFO-BLA-42","5","53.00","https://res.cloudinary.com/dxqypizph/image/upload/v1775482008/products/24/1775482008140-louis-vuitton-x-air-force-1-low-black-white.jpg","all"
"nike","LV/AIR Force","black","43","NILVFO-BLA-43","6","53.00","https://res.cloudinary.com/dxqypizph/image/upload/v1775482008/products/24/1775482008140-louis-vuitton-x-air-force-1-low-black-white.jpg","all"
"nike","LV/AIR Force","black","44","NILVFO-BLA-44","5","53.00","https://res.cloudinary.com/dxqypizph/image/upload/v1775482008/products/24/1775482008140-louis-vuitton-x-air-force-1-low-black-white.jpg","all"
"nike","LV/AIR Force","black","45","NILVFO-BLA-45","3","53.00","https://res.cloudinary.com/dxqypizph/image/upload/v1775482008/products/24/1775482008140-louis-vuitton-x-air-force-1-low-black-white.jpg","all"
"nike","LV/AIR Force","blue","40","NILVFO-BLU-40","1","45.00","https://res.cloudinary.com/dxqypizph/image/upload/v1775676471/products/24/1775676471207-0999.jpg","all"
"nike","LV/AIR Force","blue","41","NILVFO-BLU-41","2","45.00","https://res.cloudinary.com/dxqypizph/image/upload/v1775676471/products/24/1775676471207-0999.jpg","all"
"nike","LV/AIR Force","blue","42","NILVFO-BLU-42","2","45.00","https://res.cloudinary.com/dxqypizph/image/upload/v1775676471/products/24/1775676471207-0999.jpg","all"
"nike","LV/AIR Force","blue","43","NILVFO-BLU-43","12","45.00","https://res.cloudinary.com/dxqypizph/image/upload/v1775676471/products/24/1775676471207-0999.jpg","all"
"nike","LV/AIR Force","blue","44","NILVFO-BLU-44","2","45.00","https://res.cloudinary.com/dxqypizph/image/upload/v1775676471/products/24/1775676471207-0999.jpg","all"
"nike","air forc","BLUE","39","NIAIFO-BLU-39","1","55.00","https://res.cloudinary.com/dxqypizph/image/upload/v1775434944/products/66/1775434944516-629285227_122123467971027433_1452330620603159491_n.jpg","all"
"nike","air forc","BLUE","40","NIAIFO-BLU-40","1","55.00","https://res.cloudinary.com/dxqypizph/image/upload/v1775434944/products/66/1775434944516-629285227_122123467971027433_1452330620603159491_n.jpg","all"
"nike","air forc","BLUE","41","NIAIFO-BLU-41-2","1","55.00","https://res.cloudinary.com/dxqypizph/image/upload/v1775434944/products/66/1775434944516-629285227_122123467971027433_1452330620603159491_n.jpg","all"
"nike","air forc","BLUE","42","NIAIFO-BLU-42-2","3","55.00","https://res.cloudinary.com/dxqypizph/image/upload/v1775434944/products/66/1775434944516-629285227_122123467971027433_1452330620603159491_n.jpg","all"
"nike","air forc","BLUE","43","NIAIFO-BLU-43-2","5","55.00","https://res.cloudinary.com/dxqypizph/image/upload/v1775434944/products/66/1775434944516-629285227_122123467971027433_1452330620603159491_n.jpg","all"
"nike","air forc","BLUE","44","NIAIFO-BLU-44-2","4","55.00","https://res.cloudinary.com/dxqypizph/image/upload/v1775434944/products/66/1775434944516-629285227_122123467971027433_1452330620603159491_n.jpg","all"
"nike","air forc","green","42","NIAIFO-GRE-42-3","4","53.00","https://res.cloudinary.com/dxqypizph/image/upload/v1775507398/products/66/1775507397880-nike-green.jpg","all"
"nike","air forc","green","43","NIAIFO-GRE-43-3","1","53.00","https://res.cloudinary.com/dxqypizph/image/upload/v1775507398/products/66/1775507397880-nike-green.jpg","all"
"nike","air forc","green","44","NIAIFO-GRE-44-3","1","53.00","https://res.cloudinary.com/dxqypizph/image/upload/v1775507398/products/66/1775507397880-nike-green.jpg","all"
"nike","air forc yellow black","all/black","41","NIAIFO-ALL-41","1","53.00","https://res.cloudinary.com/dxqypizph/image/upload/v1775258175/products/32/1775258175272-647086718_122126116983027433_5182641528263687520_n.jpg","all"
"nike","air forc yellow black","all/black","42","NIAIFO-ALL-42","4","53.00","https://res.cloudinary.com/dxqypizph/image/upload/v1775258175/products/32/1775258175272-647086718_122126116983027433_5182641528263687520_n.jpg","all"
"nike","air forc yellow black","all/black","43","NIAIFO-ALL-43","4","53.00","https://res.cloudinary.com/dxqypizph/image/upload/v1775258175/products/32/1775258175272-647086718_122126116983027433_5182641528263687520_n.jpg","all"
"nike","air forc yellow black","sarit zez","44","NIAIFO-SAZE-44","2","55.00","https://res.cloudinary.com/dxqypizph/image/upload/v1776718483/products/32/1776718482757-647086718_122126116983027433_5182641528263687520_n.jpg","all"
"nike","air forc/LV","cream","37","NIAIFO-CRE-37","1","53.00","https://res.cloudinary.com/dxqypizph/image/upload/v1775406676/products/63/1775406675975-635302286_122124150855027433_6268143332687029070_n.jpg","all"
"nike","air forc/LV","cream","38","NIAIFO-CRE-38","1","53.00","https://res.cloudinary.com/dxqypizph/image/upload/v1775406676/products/63/1775406675975-635302286_122124150855027433_6268143332687029070_n.jpg","all"
"nike","air forc/LV","cream","39","NIAIFO-CRE-39","1","53.00","https://res.cloudinary.com/dxqypizph/image/upload/v1775406676/products/63/1775406675975-635302286_122124150855027433_6268143332687029070_n.jpg","all"
"nike","air forc/LV","cream","40","NIAIFO-CRE-40","2","53.00","https://res.cloudinary.com/dxqypizph/image/upload/v1775406676/products/63/1775406675975-635302286_122124150855027433_6268143332687029070_n.jpg","all"
"nike","air forc/LV","pink","37","NIAIFO-PIN-37","3","40.00","https://res.cloudinary.com/dxqypizph/image/upload/v1775400894/products/63/1775400894188-634953814_122124151191027433_947849593488137386_n.jpg","all"
"nike","air forc/LV","pink","38","NIAIFO-PIN-38","5","40.00","https://res.cloudinary.com/dxqypizph/image/upload/v1775400894/products/63/1775400894188-634953814_122124151191027433_947849593488137386_n.jpg","all"
"nike","air forc/LV","pink","39","NIAIFO-PIN-39","3","40.00","https://res.cloudinary.com/dxqypizph/image/upload/v1775400894/products/63/1775400894188-634953814_122124151191027433_947849593488137386_n.jpg","all"
"nike","air forc/LV","pink","40","NIAIFO-PIN-40","3","40.00","https://res.cloudinary.com/dxqypizph/image/upload/v1775400894/products/63/1775400894188-634953814_122124151191027433_947849593488137386_n.jpg","all"
"nike","air forc/LV","pink","41","NIAIFO-PIN-41","1","40.00","https://res.cloudinary.com/dxqypizph/image/upload/v1775400894/products/63/1775400894188-634953814_122124151191027433_947849593488137386_n.jpg","all"
"nike","air forc/LV","white pink","37","NIAIFO-WHPI-37","2","40.00","https://res.cloudinary.com/dxqypizph/image/upload/v1775401760/products/63/1775401760499-641275848_122124936165027433_3630588373697874221_n.jpg","all"
"nike","air forc/LV","white pink","38","NIAIFO-WHPI-38","4","40.00","https://res.cloudinary.com/dxqypizph/image/upload/v1775401760/products/63/1775401760499-641275848_122124936165027433_3630588373697874221_n.jpg","all"
"nike","air forc/LV","white pink","39","NIAIFO-WHPI-39","4","40.00","https://res.cloudinary.com/dxqypizph/image/upload/v1775401760/products/63/1775401760499-641275848_122124936165027433_3630588373697874221_n.jpg","all"
"nike","air forc/LV","white pink","40","NIAIFO-WHPI-40","3","40.00","https://res.cloudinary.com/dxqypizph/image/upload/v1775401760/products/63/1775401760499-641275848_122124936165027433_3630588373697874221_n.jpg","all"
"nike","air forc/LV","white/pink","37","NIAIFO-WHI-37-2","2","40.00","https://res.cloudinary.com/dxqypizph/image/upload/v1775302166/products/63/1775302166265-649267779_122126276637027433_6983529599538272709_n.jpg","all"
"nike","air forc/LV","white/pink","40","NIAIFO-WHI-40-2","1","40.00","https://res.cloudinary.com/dxqypizph/image/upload/v1775302166/products/63/1775302166265-649267779_122126276637027433_6983529599538272709_n.jpg","all"
"nike","air force","E kalter me bardh","41","NIAIFO-EKA-41","1","50.00","https://res.cloudinary.com/dxqypizph/image/upload/v1779634541/products/23/1779634540673-img_7989.jpg","all"
"nike","air force","E kalter me bardh","43","NIAIFO-EKA-43","3","50.00","https://res.cloudinary.com/dxqypizph/image/upload/v1779634541/products/23/1779634540673-img_7989.jpg","all"
"nike","air force","E kalter me bardh","44","NIAIFO-EKA-44","3","50.00","https://res.cloudinary.com/dxqypizph/image/upload/v1779634541/products/23/1779634540673-img_7989.jpg","all"
"nike","air force","black/white","42","NIAIFO-BLA-42-2","3","53.00","https://res.cloudinary.com/dxqypizph/image/upload/v1775335053/products/103/1775335053342-648893821_122126117451027433_6526941096259780811_n.jpg","all"
"nike","air force","black/white","43","NIAIFO-BLA-43-2","4","53.00","https://res.cloudinary.com/dxqypizph/image/upload/v1775335053/products/103/1775335053342-648893821_122126117451027433_6526941096259780811_n.jpg","all"
"nike","air force","black/white","44","NIAIFO-BLA-44-2","4","53.00","https://res.cloudinary.com/dxqypizph/image/upload/v1775335053/products/103/1775335053342-648893821_122126117451027433_6526941096259780811_n.jpg","all"
"nike","air force","white","43","NIAIFO-WHI-43-5","3","55.00","https://res.cloudinary.com/dxqypizph/image/upload/v1775515505/products/23/1775515504847-me.jpg","all"
"nike","air force","white","44","NIAIFO-WHI-44-5","2","55.00","https://res.cloudinary.com/dxqypizph/image/upload/v1775515505/products/23/1775515504847-me.jpg","all"
"nike","air force","white/brown","41","NIAIFO-WHI-41","2","53.00","https://res.cloudinary.com/dxqypizph/image/upload/v1774972323/products/28/1774972322524-634723529_122124355167027433_1676489817391477176_n.jpg","all"
"nike","air force","white/brown","42","NIAIFO-WHI-42","4","53.00","https://res.cloudinary.com/dxqypizph/image/upload/v1774972323/products/28/1774972322524-634723529_122124355167027433_1676489817391477176_n.jpg","all"
"nike","air force","white/brown","43","NIAIFO-WHI-43","6","53.00","https://res.cloudinary.com/dxqypizph/image/upload/v1774972323/products/28/1774972322524-634723529_122124355167027433_1676489817391477176_n.jpg","all"
"nike","air force","white/brown","44","NIAIFO-WHI-44","5","53.00","https://res.cloudinary.com/dxqypizph/image/upload/v1774972323/products/28/1774972322524-634723529_122124355167027433_1676489817391477176_n.jpg","all"
"nike","air force","white/brown","45","NIAIFO-WHI-45","3","53.00","https://res.cloudinary.com/dxqypizph/image/upload/v1774972323/products/28/1774972322524-634723529_122124355167027433_1676489817391477176_n.jpg","all"
"nike","air force","white/lite blue","37","NIAIFO-WHBL-37","4","53.00","https://res.cloudinary.com/dxqypizph/image/upload/v1775335173/products/104/1775335173154-647155959_122126116269027433_5769550314199284040_n.jpg","all"
"nike","air force","white/lite blue","38","NIAIFO-WHBL-38","3","53.00","https://res.cloudinary.com/dxqypizph/image/upload/v1775335173/products/104/1775335173154-647155959_122126116269027433_5769550314199284040_n.jpg","all"
"nike","air force","white/lite blue","39","NIAIFO-WHBL-39","5","53.00","https://res.cloudinary.com/dxqypizph/image/upload/v1775335173/products/104/1775335173154-647155959_122126116269027433_5769550314199284040_n.jpg","all"
"nike","air force","white/lite blue","40","NIAIFO-WHBL-40","2","53.00","https://res.cloudinary.com/dxqypizph/image/upload/v1775335173/products/104/1775335173154-647155959_122126116269027433_5769550314199284040_n.jpg","all"
"nike","air force","whitr brown","40","NIAIFO-WHBR-40","1","50.00","https://res.cloudinary.com/dxqypizph/image/upload/v1775518637/products/23/1775518636902-634723529_122124355167027433_1676489817391477176_n.jpg","all"
"nike","air force bllack/white","GREEN","40","NIAIFO-GRE-40-2","2","55.00","https://res.cloudinary.com/dxqypizph/image/upload/v1775434705/products/85/1775434704694-641129914_122124863661027433_1854957970666092489_n.jpg","all"
"nike","air force bllack/white","GREEN","41","NIAIFO-GRE-41","1","55.00","https://res.cloudinary.com/dxqypizph/image/upload/v1775434705/products/85/1775434704694-641129914_122124863661027433_1854957970666092489_n.jpg","all"
"nike","air force bllack/white","GREEN","42","NIAIFO-GRE-42-2","6","55.00","https://res.cloudinary.com/dxqypizph/image/upload/v1775434705/products/85/1775434704694-641129914_122124863661027433_1854957970666092489_n.jpg","all"
"nike","air force bllack/white","GREEN","43","NIAIFO-GRE-43-2","6","55.00","https://res.cloudinary.com/dxqypizph/image/upload/v1775434705/products/85/1775434704694-641129914_122124863661027433_1854957970666092489_n.jpg","all"
"nike","air force bllack/white","GREEN","44","NIAIFO-GRE-44-2","6","55.00","https://res.cloudinary.com/dxqypizph/image/upload/v1775434705/products/85/1775434704694-641129914_122124863661027433_1854957970666092489_n.jpg","all"
"nike","air force bllack/white","GREEN","45","NIAIFO-GRE-45","2","55.00","https://res.cloudinary.com/dxqypizph/image/upload/v1775434705/products/85/1775434704694-641129914_122124863661027433_1854957970666092489_n.jpg","all"
"nike","air force bllack/white","black/white","42","NIAIFO-BLA-42","3","53.00","https://res.cloudinary.com/dxqypizph/image/upload/v1775313301/products/85/1775313301591-647547126_122126117091027433_2055838349136012255_n.jpg","all"
"nike","air force bllack/white","black/white","43","NIAIFO-BLA-43","3","53.00","https://res.cloudinary.com/dxqypizph/image/upload/v1775313301/products/85/1775313301591-647547126_122126117091027433_2055838349136012255_n.jpg","all"
"nike","air force bllack/white","black/white","44","NIAIFO-BLA-44","3","53.00","https://res.cloudinary.com/dxqypizph/image/upload/v1775313301/products/85/1775313301591-647547126_122126117091027433_2055838349136012255_n.jpg","all"
"nike","air force bllack/white","brown","40","NIAIFO-BRO-40","2","52.00","https://res.cloudinary.com/dxqypizph/image/upload/v1775511362/products/85/1775511361905-nk.jpg","all"
"nike","air force bllack/white","brown","42","NIAIFO-BRO-42","8","52.00","https://res.cloudinary.com/dxqypizph/image/upload/v1775511362/products/85/1775511361905-nk.jpg","all"
"nike","air force bllack/white","brown","43","NIAIFO-BRO-43","6","52.00","https://res.cloudinary.com/dxqypizph/image/upload/v1775511362/products/85/1775511361905-nk.jpg","all"
"nike","air force bllack/white","brown","44","NIAIFO-BRO-44","6","52.00","https://res.cloudinary.com/dxqypizph/image/upload/v1775511362/products/85/1775511361905-nk.jpg","all"
"nike","air force bllack/white","e bardhe","36","NIAIFO-EBA-36","3","58.00","https://res.cloudinary.com/dxqypizph/image/upload/v1777583730/products/85/1777583729871-jupii.jpg","all"
"nike","air force bllack/white","e bardhe","38","NIAIFO-EBA-38","2","58.00","https://res.cloudinary.com/dxqypizph/image/upload/v1777583730/products/85/1777583729871-jupii.jpg","all"
"nike","air force bllack/white","e bardhe","40","NIAIFO-EBA-40","11","58.00","https://res.cloudinary.com/dxqypizph/image/upload/v1777583730/products/85/1777583729871-jupii.jpg","all"
"nike","air force bllack/white","e bardhe","41","NIAIFO-EBA-41","7","58.00","https://res.cloudinary.com/dxqypizph/image/upload/v1777583730/products/85/1777583729871-jupii.jpg","all"
"nike","air force bllack/white","e bardhe","42","NIAIFO-EBA-42","5","58.00","https://res.cloudinary.com/dxqypizph/image/upload/v1777583730/products/85/1777583729871-jupii.jpg","all"
"nike","air force bllack/white","e bardhe","43","NIAIFO-EBA-43","4","58.00","https://res.cloudinary.com/dxqypizph/image/upload/v1777583730/products/85/1777583729871-jupii.jpg","all"
"nike","air force bllack/white","e bardhe","44","NIAIFO-EBA-44","4","58.00","https://res.cloudinary.com/dxqypizph/image/upload/v1777583730/products/85/1777583729871-jupii.jpg","all"
"nike","air force bllack/white","e bardhe","45","NIAIFO-EBA-45","7","58.00","https://res.cloudinary.com/dxqypizph/image/upload/v1777583730/products/85/1777583729871-jupii.jpg","all"
"nike","air force bllack/white","kaft","45","NIAIFO-KAF-45","2","50.00","https://res.cloudinary.com/dxqypizph/image/upload/v1776718378/products/85/1776718377500-nk.jpg","all"
"nike","air force bllack/white","white","41","NIAIFO-WHI-41-4","3","53.00","https://res.cloudinary.com/dxqypizph/image/upload/v1775405713/products/85/1775405713426-images-5.jpg","all"
"nike","air force bllack/white","white black","41","NIAIFO-WHBL-41","1","53.00","https://res.cloudinary.com/dxqypizph/image/upload/v1775405078/products/85/1775405077977-download-8.jpg","all"
"nike","air force bllack/white","white black","44","NIAIFO-WHBL-44","2","53.00","https://res.cloudinary.com/dxqypizph/image/upload/v1775405078/products/85/1775405077977-download-8.jpg","all"
"nike","air force blue sole","bllack","43","NIAIFO-BLL-43","2","53.00","https://res.cloudinary.com/dxqypizph/image/upload/v1775313402/products/86/1775313402453-645636247_122126117817027433_2128932846746581195_n.jpg","all"
"nike","air force blue sole","bllack","44","NIAIFO-BLL-44","3","53.00","https://res.cloudinary.com/dxqypizph/image/upload/v1775313402/products/86/1775313402453-645636247_122126117817027433_2128932846746581195_n.jpg","all"
"nike","air force grey","grey","37","NIAIFO-GRE-37","5","40.00","https://res.cloudinary.com/dxqypizph/image/upload/v1775304432/products/72/1775304432101-637698192_122124356181027433_3611535623317955253_n.jpg","all"
"nike","air force grey","grey","38","NIAIFO-GRE-38","7","40.00","https://res.cloudinary.com/dxqypizph/image/upload/v1775304432/products/72/1775304432101-637698192_122124356181027433_3611535623317955253_n.jpg","all"
"nike","air force grey","grey","39","NIAIFO-GRE-39","5","40.00","https://res.cloudinary.com/dxqypizph/image/upload/v1775304432/products/72/1775304432101-637698192_122124356181027433_3611535623317955253_n.jpg","all"
"nike","air force grey","grey","40","NIAIFO-GRE-40","3","40.00","https://res.cloudinary.com/dxqypizph/image/upload/v1775311874/products/72/1775311874180-637698192_122124356181027433_3611535623317955253_n.jpg","all"
"nike","air force grey","grey","42","NIAIFO-GRE-42","4","40.00","https://res.cloudinary.com/dxqypizph/image/upload/v1775304432/products/72/1775304432101-637698192_122124356181027433_3611535623317955253_n.jpg","all"
"nike","air force grey","grey","43","NIAIFO-GRE-43","2","50.00","https://res.cloudinary.com/dxqypizph/image/upload/v1775311874/products/72/1775311874180-637698192_122124356181027433_3611535623317955253_n.jpg","all"
"nike","air force grey","grey","44","NIAIFO-GRE-44","3","50.00","https://res.cloudinary.com/dxqypizph/image/upload/v1775311874/products/72/1775311874180-637698192_122124356181027433_3611535623317955253_n.jpg","all"
"nike","air force thic","white/crean","37","NIAIFO-WHI-37","4","53.00","https://res.cloudinary.com/dxqypizph/image/upload/v1774991684/products/43/1774991684106-635080565_122124355347027433_5269810082703140492_n.jpg","all"
"nike","air force thic","white/crean","38","NIAIFO-WHI-38","2","53.00","https://res.cloudinary.com/dxqypizph/image/upload/v1774991684/products/43/1774991684106-635080565_122124355347027433_5269810082703140492_n.jpg","all"
"nike","air force thic","white/crean","39","NIAIFO-WHI-39","7","53.00","https://res.cloudinary.com/dxqypizph/image/upload/v1774991684/products/43/1774991684106-635080565_122124355347027433_5269810082703140492_n.jpg","all"
"nike","air force thic","white/crean","40","NIAIFO-WHI-40","2","53.00","https://res.cloudinary.com/dxqypizph/image/upload/v1774991684/products/43/1774991684106-635080565_122124355347027433_5269810082703140492_n.jpg","all"
"nike","air force undefeated","white black","40","NIAIFO-WHBL-40-2","2","52.00","https://res.cloudinary.com/dxqypizph/image/upload/v1775509357/products/88/1775509356735-nike.jpg","all"
"nike","air force undefeated","white black","41","NIAIFO-WHBL-41-2","2","52.00","https://res.cloudinary.com/dxqypizph/image/upload/v1775509357/products/88/1775509356735-nike.jpg","all"
"nike","air force undefeated","white black","42","NIAIFO-WHBL-42-2","6","52.00","https://res.cloudinary.com/dxqypizph/image/upload/v1775509357/products/88/1775509356735-nike.jpg","all"
"nike","air force undefeated","white black","43","NIAIFO-WHBL-43-2","5","52.00","https://res.cloudinary.com/dxqypizph/image/upload/v1775509357/products/88/1775509356735-nike.jpg","all"
"nike","air force undefeated","white black","44","NIAIFO-WHBL-44-2","5","52.00","https://res.cloudinary.com/dxqypizph/image/upload/v1775509357/products/88/1775509356735-nike.jpg","all"
"nike","air force undefeated","white black","45","NIAIFO-WHBL-45","2","52.00","https://res.cloudinary.com/dxqypizph/image/upload/v1775509357/products/88/1775509356735-nike.jpg","all"
"nike","air force undefeated","white/bllack","42","NIAIFO-WHI-42-2","3","53.00","https://res.cloudinary.com/dxqypizph/image/upload/v1775313748/products/88/1775313747760-648435961_122126276949027433_7415613240475075686_n.jpg","all"
"nike","air force undefeated","white/bllack","43","NIAIFO-WHI-43-2","3","53.00","https://res.cloudinary.com/dxqypizph/image/upload/v1775313748/products/88/1775313747760-648435961_122126276949027433_7415613240475075686_n.jpg","all"
"nike","air force undefeated","white/bllack","44","NIAIFO-WHI-44-2","4","53.00","https://res.cloudinary.com/dxqypizph/image/upload/v1775313748/products/88/1775313747760-648435961_122126276949027433_7415613240475075686_n.jpg","all"
"nike","air force white red","white/red","37","NIAIFO-WHI-37-4","5","40.00","https://res.cloudinary.com/dxqypizph/image/upload/v1775333298/products/96/1775333298538-632292431_122123465253027433_6206428604209274188_n.jpg","all"
"nike","air force white red","white/red","38","NIAIFO-WHI-38-3","4","40.00","https://res.cloudinary.com/dxqypizph/image/upload/v1775333298/products/96/1775333298538-632292431_122123465253027433_6206428604209274188_n.jpg","all"
"nike","air force white red","white/red","39","NIAIFO-WHI-39-4","7","40.00","https://res.cloudinary.com/dxqypizph/image/upload/v1775333298/products/96/1775333298538-632292431_122123465253027433_6206428604209274188_n.jpg","all"
"nike","air force white red","white/red","40","NIAIFO-WHI-40-4","2","40.00","https://res.cloudinary.com/dxqypizph/image/upload/v1775333298/products/96/1775333298538-632292431_122123465253027433_6206428604209274188_n.jpg","all"
"nike","air max 1","E  BARDH","42","NIAIMA-EBA-42-2","4","55.00","https://res.cloudinary.com/dxqypizph/image/upload/v1775436499/products/123/1775436499275-219097-full_product.jpg","all"
"nike","air max 1","E  BARDH","43","NIAIMA-EBA-43-2","3","55.00","https://res.cloudinary.com/dxqypizph/image/upload/v1775436499/products/123/1775436499275-219097-full_product.jpg","all"
"nike","air max 1","E  BARDH","44","NIAIMA-EBA-44-2","4","55.00","https://res.cloudinary.com/dxqypizph/image/upload/v1775436499/products/123/1775436499275-219097-full_product.jpg","all"
"nike","air max 1","e zez","43","NIAIMA-EZE-43-3","4","55.00","https://res.cloudinary.com/dxqypizph/image/upload/v1776711051/products/123/1776711051240-eni.webp","all"
"nike","air max 1","e zez","44","NIAIMA-EZE-44-3","4","55.00","https://res.cloudinary.com/dxqypizph/image/upload/v1776711051/products/123/1776711051240-eni.webp","all"
"nike","air max 1","grey","42","NIAIMA-GRE-42-2","3","53.00","https://res.cloudinary.com/dxqypizph/image/upload/v1775401601/products/123/1775401601033-download-4.jpg","all"
"nike","air max 1","grey","43","NIAIMA-GRE-43-2","1","53.00","https://res.cloudinary.com/dxqypizph/image/upload/v1775401601/products/123/1775401601033-download-4.jpg","all"
"nike","air max 1","grey","44","NIAIMA-GRE-44-2","1","53.00","https://res.cloudinary.com/dxqypizph/image/upload/v1775401601/products/123/1775401601033-download-4.jpg","all"
"nike","air max 1","grey","45","NIAIMA-GRE-45-2","1","53.00","https://res.cloudinary.com/dxqypizph/image/upload/v1775401601/products/123/1775401601033-download-4.jpg","all"
"nike","air max blue","blue","40","NIAIMA-BLU-40","2","38.00","https://res.cloudinary.com/dxqypizph/image/upload/v1775511543/products/13/1775511542474-m.jpg","all"
"nike","air max blue","blue","41","NIAIMA-BLU-41","2","38.00","https://res.cloudinary.com/dxqypizph/image/upload/v1775511543/products/13/1775511542474-m.jpg","all"
"nike","air max blue","blue","42","NIAIMA-BLU-42","5","38.00","https://res.cloudinary.com/dxqypizph/image/upload/v1775511543/products/13/1775511542474-m.jpg","all"
"nike","air max blue","blue","43","NIAIMA-BLU-43","6","38.00","https://res.cloudinary.com/dxqypizph/image/upload/v1775511543/products/13/1775511542474-m.jpg","all"
"nike","air max blue","blue","44","NIAIMA-BLU-44","5","38.00","https://res.cloudinary.com/dxqypizph/image/upload/v1775511543/products/13/1775511542474-m.jpg","all"
"nike","air max blue","blue","45","NIAIMA-BLU-45","2","38.00","https://res.cloudinary.com/dxqypizph/image/upload/v1775511543/products/13/1775511542474-m.jpg","all"
"nike","air max green","E BARDH","40","NIAIMA-EBA-40","1","55.00","https://res.cloudinary.com/dxqypizph/image/upload/v1775436246/products/10/1775436245245-637719597_122124542397027433_3543653397023720885_n.jpg","all"
"nike","air max green","E BARDH","41","NIAIMA-EBA-41","3","55.00","https://res.cloudinary.com/dxqypizph/image/upload/v1775436246/products/10/1775436245245-637719597_122124542397027433_3543653397023720885_n.jpg","all"
"nike","air max green","E BARDH","43","NIAIMA-EBA-43","2","55.00","https://res.cloudinary.com/dxqypizph/image/upload/v1775436246/products/10/1775436245245-637719597_122124542397027433_3543653397023720885_n.jpg","all"
"nike","air max green","E BARDH","44","NIAIMA-EBA-44","4","55.00","https://res.cloudinary.com/dxqypizph/image/upload/v1775436246/products/10/1775436245245-637719597_122124542397027433_3543653397023720885_n.jpg","all"
"nike","air max green","E BARDH","45","NIAIMA-EBA-45","1","55.00","https://res.cloudinary.com/dxqypizph/image/upload/v1775436246/products/10/1775436245245-637719597_122124542397027433_3543653397023720885_n.jpg","all"
"nike","air max green","E ZEZ","40","NIAIMA-EZE-40","2","55.00","https://res.cloudinary.com/dxqypizph/image/upload/v1775436193/products/10/1775436192898-638199109_122124542337027433_1687186470955279297_n.jpg","all"
"nike","air max green","E ZEZ","41","NIAIMA-EZE-41","6","55.00","https://res.cloudinary.com/dxqypizph/image/upload/v1775436193/products/10/1775436192898-638199109_122124542337027433_1687186470955279297_n.jpg","all"
"nike","air max green","E ZEZ","42","NIAIMA-EZE-42","5","55.00","https://res.cloudinary.com/dxqypizph/image/upload/v1775436193/products/10/1775436192898-638199109_122124542337027433_1687186470955279297_n.jpg","all"
"nike","air max green","E ZEZ","43","NIAIMA-EZE-43","10","55.00","https://res.cloudinary.com/dxqypizph/image/upload/v1775436193/products/10/1775436192898-638199109_122124542337027433_1687186470955279297_n.jpg","all"
"nike","air max green","E ZEZ","44","NIAIMA-EZE-44","7","55.00","https://res.cloudinary.com/dxqypizph/image/upload/v1775436193/products/10/1775436192898-638199109_122124542337027433_1687186470955279297_n.jpg","all"
"nike","air max green","E ZEZ","45","NIAIMA-EZE-45","2","55.00","https://res.cloudinary.com/dxqypizph/image/upload/v1775436193/products/10/1775436192898-638199109_122124542337027433_1687186470955279297_n.jpg","all"
"nike","air max green","green","40","NIAIMA-GRE-40","4","38.00","https://res.cloudinary.com/dxqypizph/image/upload/v1774965515/products/10/1774965514785-636765826_122124542289027433_7081465209251563506_n-2.jpg","all"
"nike","air max green","green","41","NIAIMA-GRE-41","4","38.00","https://res.cloudinary.com/dxqypizph/image/upload/v1774965515/products/10/1774965514785-636765826_122124542289027433_7081465209251563506_n-2.jpg","all"
"nike","air max green","green","42","NIAIMA-GRE-42","10","38.00","https://res.cloudinary.com/dxqypizph/image/upload/v1774965515/products/10/1774965514785-636765826_122124542289027433_7081465209251563506_n-2.jpg","all"
"nike","air max green","green","43","NIAIMA-GRE-43","10","38.00","https://res.cloudinary.com/dxqypizph/image/upload/v1774965515/products/10/1774965514785-636765826_122124542289027433_7081465209251563506_n-2.jpg","all"
"nike","air max green","green","44","NIAIMA-GRE-44","10","38.00","https://res.cloudinary.com/dxqypizph/image/upload/v1774965515/products/10/1774965514785-636765826_122124542289027433_7081465209251563506_n-2.jpg","all"
"nike","air max green","green","45","NIAIMA-GRE-45","4","38.00","https://res.cloudinary.com/dxqypizph/image/upload/v1774965515/products/10/1774965514785-636765826_122124542289027433_7081465209251563506_n-2.jpg","all"
"nike","air max portal","e bardh","40","NIAIMA-EBA-40-2","2","45.00","https://res.cloudinary.com/dxqypizph/image/upload/v1775508754/products/137/1775508753547-85a8eb23_069c_419e_9a3a_2ddb8749e8f3.webp","all"
"nike","air max portal","e bardh","41","NIAIMA-EBA-41-2","2","45.00","https://res.cloudinary.com/dxqypizph/image/upload/v1775508754/products/137/1775508753547-85a8eb23_069c_419e_9a3a_2ddb8749e8f3.webp","all"
"nike","air max portal","e bardh","42","NIAIMA-EBA-42-3","6","45.00","https://res.cloudinary.com/dxqypizph/image/upload/v1775508754/products/137/1775508753547-85a8eb23_069c_419e_9a3a_2ddb8749e8f3.webp","all"
"nike","air max portal","e bardh","43","NIAIMA-EBA-43-3","6","45.00","https://res.cloudinary.com/dxqypizph/image/upload/v1775508754/products/137/1775508753547-85a8eb23_069c_419e_9a3a_2ddb8749e8f3.webp","all"
"nike","air max portal","e bardh","44","NIAIMA-EBA-44-3","6","45.00","https://res.cloudinary.com/dxqypizph/image/upload/v1775508754/products/137/1775508753547-85a8eb23_069c_419e_9a3a_2ddb8749e8f3.webp","all"
"nike","air max portal","e bardh","45","NIAIMA-EBA-45-2","2","45.00","https://res.cloudinary.com/dxqypizph/image/upload/v1775508754/products/137/1775508753547-85a8eb23_069c_419e_9a3a_2ddb8749e8f3.webp","all"
"nike","air max portal","e zez","40","NIAIMA-EZE-40-2","4","45.00","https://res.cloudinary.com/dxqypizph/image/upload/v1775508197/products/137/1775508197209-download-1.jpg","all"
"nike","air max portal","e zez","41","NIAIMA-EZE-41-2","3","45.00","https://res.cloudinary.com/dxqypizph/image/upload/v1775508197/products/137/1775508197209-download-1.jpg","all"
"nike","air max portal","e zez","42","NIAIMA-EZE-42-2","16","45.00","https://res.cloudinary.com/dxqypizph/image/upload/v1775508197/products/137/1775508197209-download-1.jpg","all"
"nike","air max portal","e zez","43","NIAIMA-EZE-43-2","16","45.00","https://res.cloudinary.com/dxqypizph/image/upload/v1775508197/products/137/1775508197209-download-1.jpg","all"
"nike","air max portal","e zez","44","NIAIMA-EZE-44-2","15","45.00","https://res.cloudinary.com/dxqypizph/image/upload/v1775508197/products/137/1775508197209-download-1.jpg","all"
"nike","air max portal","e zez","45","NIAIMA-EZE-45-2","4","45.00","https://res.cloudinary.com/dxqypizph/image/upload/v1775508197/products/137/1775508197209-download-1.jpg","all"
"nike","dunk all green","green","36","NIDUAL-GRE-36","1","53.00","https://res.cloudinary.com/dxqypizph/image/upload/v1775336158/products/108/1775336157718-647156300_122126117979027433_8138132720676477372_n.jpg","all"
"nike","dunk all green","green","37","NIDUAL-GRE-37","5","53.00","https://res.cloudinary.com/dxqypizph/image/upload/v1775336158/products/108/1775336157718-647156300_122126117979027433_8138132720676477372_n.jpg","all"
"nike","dunk all green","green","38","NIDUAL-GRE-38","8","53.00","https://res.cloudinary.com/dxqypizph/image/upload/v1775336158/products/108/1775336157718-647156300_122126117979027433_8138132720676477372_n.jpg","all"
"nike","dunk all green","green","39","NIDUAL-GRE-39","2","53.00","https://res.cloudinary.com/dxqypizph/image/upload/v1775336158/products/108/1775336157718-647156300_122126117979027433_8138132720676477372_n.jpg","all"
"nike","dunk all green","green","40","NIDUAL-GRE-40","1","53.00","https://res.cloudinary.com/dxqypizph/image/upload/v1775336158/products/108/1775336157718-647156300_122126117979027433_8138132720676477372_n.jpg","all"
"nike","dunk all green","green","41","NIDUAL-GRE-41","5","53.00","https://res.cloudinary.com/dxqypizph/image/upload/v1775336158/products/108/1775336157718-647156300_122126117979027433_8138132720676477372_n.jpg","all"
"nike","dunk all green","green","42","NIDUAL-GRE-42","2","53.00","https://res.cloudinary.com/dxqypizph/image/upload/v1775336158/products/108/1775336157718-647156300_122126117979027433_8138132720676477372_n.jpg","all"
"nike","dunk all green","green","44","NIDUAL-GRE-44","1","53.00","https://res.cloudinary.com/dxqypizph/image/upload/v1775336158/products/108/1775336157718-647156300_122126117979027433_8138132720676477372_n.jpg","all"
"nike","dunk all green","green","45","NIDUAL-GRE-45","1","53.00","https://res.cloudinary.com/dxqypizph/image/upload/v1775336158/products/108/1775336157718-647156300_122126117979027433_8138132720676477372_n.jpg","all"
"nike","dunk bllack","bllack","42","NIDUBL-BLL-42","3","55.00","https://res.cloudinary.com/dxqypizph/image/upload/v1775333469/products/97/1775333468943-646568169_122126116797027433_1120807373831065093_n.jpg","all"
"nike","dunk bllack","bllack","44","NIDUBL-BLL-44","6","55.00","https://res.cloudinary.com/dxqypizph/image/upload/v1775333469/products/97/1775333468943-646568169_122126116797027433_1120807373831065093_n.jpg","all"
"nike","dunk bllack","bllack","45/","NIDUBL-BLL-45/","1","55.00","https://res.cloudinary.com/dxqypizph/image/upload/v1775333469/products/97/1775333468943-646568169_122126116797027433_1120807373831065093_n.jpg","all"
"nike","dunk bllack","green","40","NIDUBL-GRE-40","2","50.00","https://res.cloudinary.com/dxqypizph/image/upload/v1775513046/products/97/1775513045986-eee.jpg","all"
"nike","dunk bllack","green","41","NIDUBL-GRE-41","2","50.00","https://res.cloudinary.com/dxqypizph/image/upload/v1775513046/products/97/1775513045986-eee.jpg","all"
"nike","dunk bllack","green","42","NIDUBL-GRE-42","2","50.00","https://res.cloudinary.com/dxqypizph/image/upload/v1775513046/products/97/1775513045986-eee.jpg","all"
"nike","dunk bllack","green","43","NIDUBL-GRE-43","2","50.00","https://res.cloudinary.com/dxqypizph/image/upload/v1775513046/products/97/1775513045986-eee.jpg","all"
"nike","dunk bllack","green","44","NIDUBL-GRE-44","2","50.00","https://res.cloudinary.com/dxqypizph/image/upload/v1775513046/products/97/1775513045986-eee.jpg","all"
"nike","dunk bllack","green","45","NIDUBL-GRE-45","2","50.00","https://res.cloudinary.com/dxqypizph/image/upload/v1775513046/products/97/1775513045986-eee.jpg","all"
"nike","dunk bllack","white","43","NIDUBL-WHI-43","2","53.00","https://res.cloudinary.com/dxqypizph/image/upload/v1775403428/products/97/1775403427948-640493718_122124863325027433_5698350889824848071_n.jpg","all"
"nike","dunk bllack","white","44","NIDUBL-WHI-44","2","53.00","https://res.cloudinary.com/dxqypizph/image/upload/v1775403428/products/97/1775403427948-640493718_122124863325027433_5698350889824848071_n.jpg","all"
"nike","dunk green","REED","39","NIDUGR-REE-39","1","55.00","https://res.cloudinary.com/dxqypizph/image/upload/v1775433968/products/99/1775433968499-628526135_122123643213027433_3051370994860909324_n.jpg","all"
"nike","dunk green","REED","41","NIDUGR-REE-41","1","55.00","https://res.cloudinary.com/dxqypizph/image/upload/v1775433968/products/99/1775433968499-628526135_122123643213027433_3051370994860909324_n.jpg","all"
"nike","dunk green","REED","44","NIDUGR-REE-44","2","55.00","https://res.cloudinary.com/dxqypizph/image/upload/v1775433968/products/99/1775433968499-628526135_122123643213027433_3051370994860909324_n.jpg","all"
"nike","dunk green","REED","45","NIDUGR-REE-45","1","55.00","https://res.cloudinary.com/dxqypizph/image/upload/v1775433968/products/99/1775433968499-628526135_122123643213027433_3051370994860909324_n.jpg","all"
"nike","dunk green","black white","36","NIDUGR-BLWH-36","1","53.00","https://res.cloudinary.com/dxqypizph/image/upload/v1775407161/products/99/1775407161002-648840276_122126277357027433_2736069531102647166_n.jpg","all"
"nike","dunk green","black white","37","NIDUGR-BLWH-37","3","53.00","https://res.cloudinary.com/dxqypizph/image/upload/v1775407161/products/99/1775407161002-648840276_122126277357027433_2736069531102647166_n.jpg","all"
"nike","dunk green","black white","38","NIDUGR-BLWH-38","3","53.00","https://res.cloudinary.com/dxqypizph/image/upload/v1775407161/products/99/1775407161002-648840276_122126277357027433_2736069531102647166_n.jpg","all"
"nike","dunk green","black white","39","NIDUGR-BLWH-39","3","53.00","https://res.cloudinary.com/dxqypizph/image/upload/v1775407161/products/99/1775407161002-648840276_122126277357027433_2736069531102647166_n.jpg","all"
"nike","dunk green","black white","40","NIDUGR-BLWH-40","1","53.00","https://res.cloudinary.com/dxqypizph/image/upload/v1775407161/products/99/1775407161002-648840276_122126277357027433_2736069531102647166_n.jpg","all"
"nike","dunk green","black white","42","NIDUGR-BLWH-42","3","53.00","https://res.cloudinary.com/dxqypizph/image/upload/v1775407161/products/99/1775407161002-648840276_122126277357027433_2736069531102647166_n.jpg","all"
"nike","dunk green","black white","43","NIDUGR-BLWH-43","4","53.00","https://res.cloudinary.com/dxqypizph/image/upload/v1775407161/products/99/1775407161002-648840276_122126277357027433_2736069531102647166_n.jpg","all"
"nike","dunk green","black white","44","NIDUGR-BLWH-44","3","53.00","https://res.cloudinary.com/dxqypizph/image/upload/v1775407161/products/99/1775407161002-648840276_122126277357027433_2736069531102647166_n.jpg","all"
"nike","dunk green","black white","45","NIDUGR-BLWH-45","2","53.00","https://res.cloudinary.com/dxqypizph/image/upload/v1775407161/products/99/1775407161002-648840276_122126277357027433_2736069531102647166_n.jpg","all"
"nike","dunk green","green","36","NIDUGR-GRE-36","1","53.00","https://res.cloudinary.com/dxqypizph/image/upload/v1775333876/products/99/1775333875859-637700576_122124361563027433_2418959680145472563_n.jpg","all"
"nike","dunk green","green","37","NIDUGR-GRE-37","3","53.00","https://res.cloudinary.com/dxqypizph/image/upload/v1775333876/products/99/1775333875859-637700576_122124361563027433_2418959680145472563_n.jpg","all"
"nike","dunk green","green","38","NIDUGR-GRE-38","4","53.00","https://res.cloudinary.com/dxqypizph/image/upload/v1775333876/products/99/1775333875859-637700576_122124361563027433_2418959680145472563_n.jpg","all"
"nike","dunk green","green","44","NIDUGR-GRE-44-3","1","53.00","https://res.cloudinary.com/dxqypizph/image/upload/v1775333876/products/99/1775333875859-637700576_122124361563027433_2418959680145472563_n.jpg","all"
"nike","dunk pink blue","pink","36","NIDUPI-PIN-36","2","53.00","https://res.cloudinary.com/dxqypizph/image/upload/v1775399564/products/122/1775399564453-642332792_122124936993027433_3744892341423071994_n.jpg","all"
"nike","dunk pink blue","pink","37","NIDUPI-PIN-37","6","53.00","https://res.cloudinary.com/dxqypizph/image/upload/v1775399564/products/122/1775399564453-642332792_122124936993027433_3744892341423071994_n.jpg","all"
"nike","dunk pink blue","pink","38","NIDUPI-PIN-38","4","53.00","https://res.cloudinary.com/dxqypizph/image/upload/v1775399564/products/122/1775399564453-642332792_122124936993027433_3744892341423071994_n.jpg","all"
"nike","dunk pink blue","pink","39","NIDUPI-PIN-39","6","53.00","https://res.cloudinary.com/dxqypizph/image/upload/v1775399564/products/122/1775399564453-642332792_122124936993027433_3744892341423071994_n.jpg","all"
"nike","dunks","E zez me kuqe","40","NIDU-EZE-40","1","55.00","https://res.cloudinary.com/dxqypizph/image/upload/v1781815250/products/30/1781815249584-img_8278.png","all"
"nike","dunks","black/red","42","NIDU-BLA-42","4","53.00","https://res.cloudinary.com/dxqypizph/image/upload/v1774973134/products/30/1774973134501-636757884_122124456507027433_5833688425038476818_n.jpg","all"
"nike","dunks","black/red","43","NIDU-BLA-43","6","53.00","https://res.cloudinary.com/dxqypizph/image/upload/v1774973134/products/30/1774973134501-636757884_122124456507027433_5833688425038476818_n.jpg","all"
"nike","dunks","black/red","44","NIDU-BLA-44","10","53.00","https://res.cloudinary.com/dxqypizph/image/upload/v1774973134/products/30/1774973134501-636757884_122124456507027433_5833688425038476818_n.jpg","all"
"nike","dunks","black/red","45","NIDU-BLA-45","1","53.00","https://res.cloudinary.com/dxqypizph/image/upload/v1774973134/products/30/1774973134501-636757884_122124456507027433_5833688425038476818_n.jpg","all"
"nike","dunks grey","brown","42","NIDUGR-BRO-42","3","40.00","https://res.cloudinary.com/dxqypizph/image/upload/v1775510694/products/36/1775510692961-nikee.jpg","all"
"nike","dunks grey","brown","43","NIDUGR-BRO-43","1","40.00","https://res.cloudinary.com/dxqypizph/image/upload/v1775510694/products/36/1775510692961-nikee.jpg","all"
"nike","dunks grey","brown","44","NIDUGR-BRO-44","5","40.00","https://res.cloudinary.com/dxqypizph/image/upload/v1775510694/products/36/1775510692961-nikee.jpg","all"
"nike","dunks grey","grey","40","NIDUGR-GRE-40-2","2","40.00","https://res.cloudinary.com/dxqypizph/image/upload/v1774990870/products/36/1774990869962-646750084_122126276529027433_4424665214553690747_n.jpg","all"
"nike","dunks grey","grey","41","NIDUGR-GRE-41-2","1","40.00","https://res.cloudinary.com/dxqypizph/image/upload/v1774990870/products/36/1774990869962-646750084_122126276529027433_4424665214553690747_n.jpg","all"
"nike","dunks grey","grey","43","NIDUGR-GRE-43-2","2","40.00","https://res.cloudinary.com/dxqypizph/image/upload/v1774990870/products/36/1774990869962-646750084_122126276529027433_4424665214553690747_n.jpg","all"
"nike","dunks grey","grey","44","NIDUGR-GRE-44-2","4","40.00","https://res.cloudinary.com/dxqypizph/image/upload/v1774990870/products/36/1774990869962-646750084_122126276529027433_4424665214553690747_n.jpg","all"
"nike","dunks grey/brown","grey/brown","40","NIDUGR-GRE-40","2","40.00","https://res.cloudinary.com/dxqypizph/image/upload/v1774973396/products/31/1774973395717-648288476_122126275413027433_53115087656639812_n.jpg","all"
"nike","dunks grey/brown","grey/brown","41","NIDUGR-GRE-41","1","40.00","https://res.cloudinary.com/dxqypizph/image/upload/v1774973396/products/31/1774973395717-648288476_122126275413027433_53115087656639812_n.jpg","all"
"nike","dunks grey/brown","grey/brown","42","NIDUGR-GRE-42","5","40.00","https://res.cloudinary.com/dxqypizph/image/upload/v1774973396/products/31/1774973395717-648288476_122126275413027433_53115087656639812_n.jpg","all"
"nike","dunks grey/brown","grey/brown","43","NIDUGR-GRE-43","5","40.00","https://res.cloudinary.com/dxqypizph/image/upload/v1774973396/products/31/1774973395717-648288476_122126275413027433_53115087656639812_n.jpg","all"
"nike","dunks grey/brown","grey/brown","44","NIDUGR-GRE-44","5","40.00","https://res.cloudinary.com/dxqypizph/image/upload/v1774973396/products/31/1774973395717-648288476_122126275413027433_53115087656639812_n.jpg","all"
"nike","dunks grey/brown","grey/brown","45","NIDUGR-GRE-45","2","40.00","https://res.cloudinary.com/dxqypizph/image/upload/v1774973396/products/31/1774973395717-648288476_122126275413027433_53115087656639812_n.jpg","all"
"nike","green/cream dunks","green","40","NIGRDU-GRE-40","2","40.00","https://res.cloudinary.com/dxqypizph/image/upload/v1774974013/products/33/1774974012851-download.jpg","all"
"nike","green/cream dunks","green","41","NIGRDU-GRE-41","1","40.00","https://res.cloudinary.com/dxqypizph/image/upload/v1774974013/products/33/1774974012851-download.jpg","all"
"nike","green/cream dunks","green","42","NIGRDU-GRE-42","6","40.00","https://res.cloudinary.com/dxqypizph/image/upload/v1774974013/products/33/1774974012851-download.jpg","all"
"nike","green/cream dunks","green","43","NIGRDU-GRE-43","5","40.00","https://res.cloudinary.com/dxqypizph/image/upload/v1774974013/products/33/1774974012851-download.jpg","all"
"nike","green/cream dunks","green","44","NIGRDU-GRE-44","6","40.00","https://res.cloudinary.com/dxqypizph/image/upload/v1774974013/products/33/1774974012851-download.jpg","all"
"nike","green/cream dunks","green","45","NIGRDU-GRE-45","2","40.00","https://res.cloudinary.com/dxqypizph/image/upload/v1774974013/products/33/1774974012851-download.jpg","all"
"nike","nike dunk 85","light brown","40","NINIDU-LIBR-40","1","53.00","https://res.cloudinary.com/dxqypizph/image/upload/v1775410428/products/125/1775410428585-656558237_122128675599027433_4758003994232871155_n.jpg","all"
"nike","nike dunk 85","light brown","41","NINIDU-LIBR-41","4","53.00","https://res.cloudinary.com/dxqypizph/image/upload/v1775410428/products/125/1775410428585-656558237_122128675599027433_4758003994232871155_n.jpg","all"
"nike","nike dunk 85","light brown","42","NINIDU-LIBR-42","4","53.00","https://res.cloudinary.com/dxqypizph/image/upload/v1775410428/products/125/1775410428585-656558237_122128675599027433_4758003994232871155_n.jpg","all"
"nike","nike dunk 85","light brown","43","NINIDU-LIBR-43","3","53.00","https://res.cloudinary.com/dxqypizph/image/upload/v1775410428/products/125/1775410428585-656558237_122128675599027433_4758003994232871155_n.jpg","all"
"nike","nike dunk 85","light brown","44","NINIDU-LIBR-44","1","53.00","https://res.cloudinary.com/dxqypizph/image/upload/v1775410428/products/125/1775410428585-656558237_122128675599027433_4758003994232871155_n.jpg","all"
"nike","north face","grey","40","NINOFA-GRE-40","1","53.00","https://res.cloudinary.com/dxqypizph/image/upload/v1775311246/products/77/1775311245824-648447168_122126118099027433_7724127234025801862_n.jpg","all"
"nike","north face","grey","42","NINOFA-GRE-42","3","53.00","https://res.cloudinary.com/dxqypizph/image/upload/v1775311246/products/77/1775311245824-648447168_122126118099027433_7724127234025801862_n.jpg","all"
"nike","north face","grey","43","NINOFA-GRE-43","2","53.00","https://res.cloudinary.com/dxqypizph/image/upload/v1775311246/products/77/1775311245824-648447168_122126118099027433_7724127234025801862_n.jpg","all"
"nike","north face","grey","44","NINOFA-GRE-44","4","53.00","https://res.cloudinary.com/dxqypizph/image/upload/v1775311246/products/77/1775311245824-648447168_122126118099027433_7724127234025801862_n.jpg","all"
"nike","sunshine","black","40","NISU-BLA-40","1","58.00","https://res.cloudinary.com/dxqypizph/image/upload/v1774968376/products/20/1774968376438-637158717_122124357519027433_7828118272336177759_n.jpg","all"
"nike","sunshine","black","42","NISU-BLA-42","5","58.00","https://res.cloudinary.com/dxqypizph/image/upload/v1774968376/products/20/1774968376438-637158717_122124357519027433_7828118272336177759_n.jpg","all"
"nike","sunshine","black","43","NISU-BLA-43","5","58.00","https://res.cloudinary.com/dxqypizph/image/upload/v1774968376/products/20/1774968376438-637158717_122124357519027433_7828118272336177759_n.jpg","all"
"nike","sunshine","black","44","NISU-BLA-44","6","58.00","https://res.cloudinary.com/dxqypizph/image/upload/v1774968376/products/20/1774968376438-637158717_122124357519027433_7828118272336177759_n.jpg","all"
"nike","sunshine","sunshine","45","NISU-SUN-45","2","55.00","https://res.cloudinary.com/dxqypizph/image/upload/v1776714993/products/20/1776714992731-642364923_122124937689027433_828106039623334156_n.jpg","all"
"nike","sunshine","white","42","NISU-WHI-42","3","58.00","https://res.cloudinary.com/dxqypizph/image/upload/v1774968682/products/21/1774968681975-642364923_122124937689027433_828106039623334156_n.jpg","all"
"nike","sunshine","white","43","NISU-WHI-43","7","58.00","https://res.cloudinary.com/dxqypizph/image/upload/v1774968682/products/21/1774968681975-642364923_122124937689027433_828106039623334156_n.jpg","all"
"nike","sunshine","white","44","NISU-WHI-44","8","58.00","https://res.cloudinary.com/dxqypizph/image/upload/v1774968682/products/21/1774968681975-642364923_122124937689027433_828106039623334156_n.jpg","all"
"nike","supreme nike","orange","43","NISUNI-ORA-43","2","53.00","https://res.cloudinary.com/dxqypizph/image/upload/v1775497674/products/11/1775497673452-erd.avif","all"
"nike","supreme nike","orange","44","NISUNI-ORA-44","2","53.00","https://res.cloudinary.com/dxqypizph/image/upload/v1775497674/products/11/1775497673452-erd.avif","all"
"nike","tn","black","42","NITN-BLA-42-3","4","53.00","https://res.cloudinary.com/dxqypizph/image/upload/v1775410080/products/58/1775410080458-646809945_122126277057027433_9159606577714403976_n.jpg","all"
"nike","tn","black","43","NITN-BLA-43-3","2","53.00","https://res.cloudinary.com/dxqypizph/image/upload/v1775410080/products/58/1775410080458-646809945_122126277057027433_9159606577714403976_n.jpg","all"
"nike","tn","black","44","NITN-BLA-44-3","3","53.00","https://res.cloudinary.com/dxqypizph/image/upload/v1775410080/products/58/1775410080458-646809945_122126277057027433_9159606577714403976_n.jpg","all"
"nike","tn","black/grey","40","NITN-BLA-40","1","53.00","https://res.cloudinary.com/dxqypizph/image/upload/v1775301185/products/58/1775301185077-646809945_122126277057027433_9159606577714403976_n.jpg","all"
"nike","tn","black/grey","42","NITN-BLA-42","5","53.00","https://res.cloudinary.com/dxqypizph/image/upload/v1775301185/products/58/1775301185077-646809945_122126277057027433_9159606577714403976_n.jpg","all"
"nike","tn","black/grey","43","NITN-BLA-43","1","53.00","https://res.cloudinary.com/dxqypizph/image/upload/v1775301185/products/58/1775301185077-646809945_122126277057027433_9159606577714403976_n.jpg","all"
"nike","tn","black/grey","44","NITN-BLA-44","7","53.00","https://res.cloudinary.com/dxqypizph/image/upload/v1775301185/products/58/1775301185077-646809945_122126277057027433_9159606577714403976_n.jpg","all"
"nike","tn","black/grey","45","NITN-BLA-45","1","53.00","https://res.cloudinary.com/dxqypizph/image/upload/v1775301185/products/58/1775301185077-646809945_122126277057027433_9159606577714403976_n.jpg","all"
"nike","tn","white","42","NITN-BLA-42-2","3","53.00","https://res.cloudinary.com/dxqypizph/image/upload/v1775334049/products/100/1775334049090-635414259_122124358287027433_4812564142177887591_n.jpg","all"
"nike","tn","white","43","NITN-BLA-43-2","1","53.00","https://res.cloudinary.com/dxqypizph/image/upload/v1775334049/products/100/1775334049090-635414259_122124358287027433_4812564142177887591_n.jpg","all"
"nike","tn","white","44","NITN-BLA-44-2","3","53.00","https://res.cloudinary.com/dxqypizph/image/upload/v1775334049/products/100/1775334049090-635414259_122124358287027433_4812564142177887591_n.jpg","all"
"nike","travis scott","BROWN","40","NITRSC-BRO-40","2","55.00","https://res.cloudinary.com/dxqypizph/image/upload/v1775435786/products/80/1775435785635-download-23.jpg","all"
"nike","travis scott","BROWN","42","NITRSC-BRO-42-2","4","55.00","https://res.cloudinary.com/dxqypizph/image/upload/v1775435786/products/80/1775435785635-download-23.jpg","all"
"nike","travis scott","BROWN","43","NITRSC-BRO-43-2","2","55.00","https://res.cloudinary.com/dxqypizph/image/upload/v1775435786/products/80/1775435785635-download-23.jpg","all"
"nike","travis scott","BROWN","44","NITRSC-BRO-44-2","2","55.00","https://res.cloudinary.com/dxqypizph/image/upload/v1775435786/products/80/1775435785635-download-23.jpg","all"
"nike","travis scott","BROWN","45","NITRSC-BRO-45","1","55.00","https://res.cloudinary.com/dxqypizph/image/upload/v1775435786/products/80/1775435785635-download-23.jpg","all"
"nike","travis scott","RED","40","NITRSC-RED-40","2","55.00","https://res.cloudinary.com/dxqypizph/image/upload/v1775435863/products/80/1775435862733-634933050_122124362931027433_3755093370750407342_n.jpg","all"
"nike","travis scott","RED","41","NITRSC-RED-41","2","55.00","https://res.cloudinary.com/dxqypizph/image/upload/v1775435863/products/80/1775435862733-634933050_122124362931027433_3755093370750407342_n.jpg","all"
"nike","travis scott","RED","42","NITRSC-RED-42","3","55.00","https://res.cloudinary.com/dxqypizph/image/upload/v1775435863/products/80/1775435862733-634933050_122124362931027433_3755093370750407342_n.jpg","all"
"nike","travis scott","RED","43","NITRSC-RED-43","3","55.00","https://res.cloudinary.com/dxqypizph/image/upload/v1775435863/products/80/1775435862733-634933050_122124362931027433_3755093370750407342_n.jpg","all"
"nike","travis scott","RED","44","NITRSC-RED-44","3","55.00","https://res.cloudinary.com/dxqypizph/image/upload/v1775435863/products/80/1775435862733-634933050_122124362931027433_3755093370750407342_n.jpg","all"
"nike","travis scott","RED","45","NITRSC-RED-45","2","55.00","https://res.cloudinary.com/dxqypizph/image/upload/v1775435863/products/80/1775435862733-634933050_122124362931027433_3755093370750407342_n.jpg","all"
"nike","travis scott","black","44","NITRSC-BLA-44","1","53.00","https://res.cloudinary.com/dxqypizph/image/upload/v1775313515/products/87/1775313514797-642865499_122125501437027433_2017565111442259563_n.jpg","all"
"nike","travis scott","black brown","42","NITRSC-BLBR-42","2","55.00","https://res.cloudinary.com/dxqypizph/image/upload/v1775518797/products/80/1775518796739-mm.jpg","all"
"nike","travis scott","black brown","43","NITRSC-BLBR-43","1","55.00","https://res.cloudinary.com/dxqypizph/image/upload/v1775518797/products/80/1775518796739-mm.jpg","all"
"nike","travis scott","black brown","44","NITRSC-BLBR-44","5","55.00","https://res.cloudinary.com/dxqypizph/image/upload/v1775518797/products/80/1775518796739-mm.jpg","all"
"nike","travis scott","blue","42","NITRSC-BLU-42","1","55.00","https://res.cloudinary.com/dxqypizph/image/upload/v1775312789/products/82/1775312789133-645328457_122125504431027433_4086601302052778345_n.jpg","all"
"nike","travis scott","blue","43","NITRSC-BLU-43","1","55.00","https://res.cloudinary.com/dxqypizph/image/upload/v1775312789/products/82/1775312789133-645328457_122125504431027433_4086601302052778345_n.jpg","all"
"nike","travis scott","blue whitw green","40","NITRSC-BLWH-40","1","55.00","https://res.cloudinary.com/dxqypizph/image/upload/v1775435366/products/80/1775435365903-645287253_122125518015027433_6226149598257753477_n.jpg","all"
"nike","travis scott","blue whitw green","42","NITRSC-BLWH-42","5","55.00","https://res.cloudinary.com/dxqypizph/image/upload/v1775435366/products/80/1775435365903-645287253_122125518015027433_6226149598257753477_n.jpg","all"
"nike","travis scott","blue whitw green","43","NITRSC-BLWH-43","4","55.00","https://res.cloudinary.com/dxqypizph/image/upload/v1775435366/products/80/1775435365903-645287253_122125518015027433_6226149598257753477_n.jpg","all"
"nike","travis scott","blue whitw green","44","NITRSC-BLWH-44","5","55.00","https://res.cloudinary.com/dxqypizph/image/upload/v1775435366/products/80/1775435365903-645287253_122125518015027433_6226149598257753477_n.jpg","all"
"nike","travis scott","blue whitw green","45","NITRSC-BLWH-45","1","55.00","https://res.cloudinary.com/dxqypizph/image/upload/v1775435366/products/80/1775435365903-645287253_122125518015027433_6226149598257753477_n.jpg","all"
"nike","travis scott","brown/black","42","NITRSC-BRO-42","2","55.00","https://res.cloudinary.com/dxqypizph/image/upload/v1775312953/products/83/1775312952872-645506749_122125518291027433_1883370572546454350_n.jpg","all"
"nike","travis scott","brown/black","43","NITRSC-BRO-43","2","55.00","https://res.cloudinary.com/dxqypizph/image/upload/v1775312953/products/83/1775312952872-645506749_122125518291027433_1883370572546454350_n.jpg","all"
"nike","travis scott","brown/black","44","NITRSC-BRO-44","2","55.00","https://res.cloudinary.com/dxqypizph/image/upload/v1775312953/products/83/1775312952872-645506749_122125518291027433_1883370572546454350_n.jpg","all"
"nike","travis scott","green/black/white","42","NITRSC-GRE-42","2","55.00","https://res.cloudinary.com/dxqypizph/image/upload/v1775312191/products/80/1775312191323-images.jpg","all"
"nike","travis scott","green/black/white","43","NITRSC-GRE-43","1","55.00","https://res.cloudinary.com/dxqypizph/image/upload/v1775312191/products/80/1775312191323-images.jpg","all"
"nike","travis scott","green/black/white","44","NITRSC-GRE-44","3","55.00","https://res.cloudinary.com/dxqypizph/image/upload/v1775312191/products/80/1775312191323-images.jpg","all"
"nike","travis scott","krem gjelbert","44","NITRSC-KRGJ-44","2","55.00","https://res.cloudinary.com/dxqypizph/image/upload/v1775512073/products/80/1775512072718-e.jpg","all"
"nike","travis scott","pink","41","NITRSC-PIN-41","1","55.00","https://res.cloudinary.com/dxqypizph/image/upload/v1775429620/products/80/1775429619686-647763581_122126275323027433_8807311579251711161_n.jpg","all"
"nike","travis scott","pink","42","NITRSC-PIN-42","6","55.00","https://res.cloudinary.com/dxqypizph/image/upload/v1775429620/products/80/1775429619686-647763581_122126275323027433_8807311579251711161_n.jpg","all"
"nike","travis scott","pink","43","NITRSC-PIN-43","4","55.00","https://res.cloudinary.com/dxqypizph/image/upload/v1775429620/products/80/1775429619686-647763581_122126275323027433_8807311579251711161_n.jpg","all"
"nike","travis scott","pink","44","NITRSC-PIN-44","5","55.00","https://res.cloudinary.com/dxqypizph/image/upload/v1775429620/products/80/1775429619686-647763581_122126275323027433_8807311579251711161_n.jpg","all"
"nike","travis scott","pink","45","NITRSC-PIN-45","1","55.00","https://res.cloudinary.com/dxqypizph/image/upload/v1775429620/products/80/1775429619686-647763581_122126275323027433_8807311579251711161_n.jpg","all"
"nike","travis scott","pink brown white","40","NITRSC-PIBR-40","1","55.00","https://res.cloudinary.com/dxqypizph/image/upload/v1775404174/products/80/1775404174376-download-6.jpg","all"
"nike","travis scott","pink brown white","41","NITRSC-PIBR-41","1","55.00","https://res.cloudinary.com/dxqypizph/image/upload/v1775404174/products/80/1775404174376-download-6.jpg","all"
"nike","travis scott","pink brown white","42","NITRSC-PIBR-42","6","55.00","https://res.cloudinary.com/dxqypizph/image/upload/v1775404174/products/80/1775404174376-download-6.jpg","all"
"nike","travis scott","pink brown white","43","NITRSC-PIBR-43","5","55.00","https://res.cloudinary.com/dxqypizph/image/upload/v1775404174/products/80/1775404174376-download-6.jpg","all"
"nike","travis scott","pink brown white","44","NITRSC-PIBR-44","6","55.00","https://res.cloudinary.com/dxqypizph/image/upload/v1775404174/products/80/1775404174376-download-6.jpg","all"
"nike","travis scott","pink brown white","45","NITRSC-PIBR-45","2","55.00","https://res.cloudinary.com/dxqypizph/image/upload/v1775404174/products/80/1775404174376-download-6.jpg","all"
"nike","white/grey","white/grey","44","NIWH-WHI-44","4","53.00","https://res.cloudinary.com/dxqypizph/image/upload/v1774991452/products/41/1774991452045-641277436_122124936807027433_1853054052135709088_n.jpg","all"
"off white","off white black/white","black/white","40","OFWHOF-BLA-40","2","53.00","https://res.cloudinary.com/dxqypizph/image/upload/v1775335291/products/105/1775335290693-644507345_122125505919027433_6807278517259361561_n.jpg","all"
"off white","off white black/white","black/white","41","OFWHOF-BLA-41","3","53.00","https://res.cloudinary.com/dxqypizph/image/upload/v1775335291/products/105/1775335290693-644507345_122125505919027433_6807278517259361561_n.jpg","all"
"off white","off white black/white","black/white","42","OFWHOF-BLA-42","4","53.00","https://res.cloudinary.com/dxqypizph/image/upload/v1775335291/products/105/1775335290693-644507345_122125505919027433_6807278517259361561_n.jpg","all"
"off white","off white black/white","black/white","43","OFWHOF-BLA-43","4","53.00","https://res.cloudinary.com/dxqypizph/image/upload/v1775335291/products/105/1775335290693-644507345_122125505919027433_6807278517259361561_n.jpg","all"
"off white","off white black/white","black/white","44","OFWHOF-BLA-44","4","53.00","https://res.cloudinary.com/dxqypizph/image/upload/v1775335291/products/105/1775335290693-644507345_122125505919027433_6807278517259361561_n.jpg","all"
"off white","off white black/white","black/white","45","OFWHOF-BLA-45","2","53.00","https://res.cloudinary.com/dxqypizph/image/upload/v1775335291/products/105/1775335290693-644507345_122125505919027433_6807278517259361561_n.jpg","all"
"off white","off white grey","BLACK  WHITE","42","OFWHOF-BLWH-42","4","80.00","https://res.cloudinary.com/dxqypizph/image/upload/v1775437784/products/78/1775437783658-n2dusuqdxvc7mipb3e0ptol2mrjitbaihttfwfjl.webp","all"
"off white","off white grey","BLACK  WHITE","43","OFWHOF-BLWH-43","4","80.00","https://res.cloudinary.com/dxqypizph/image/upload/v1775437784/products/78/1775437783658-n2dusuqdxvc7mipb3e0ptol2mrjitbaihttfwfjl.webp","all"
"off white","off white grey","BLACK  WHITE","44","OFWHOF-BLWH-44","4","80.00","https://res.cloudinary.com/dxqypizph/image/upload/v1775437784/products/78/1775437783658-n2dusuqdxvc7mipb3e0ptol2mrjitbaihttfwfjl.webp","all"
"off white","off white grey","bardh zi","41","OFWHOF-BAZI-41","1","80.00","https://res.cloudinary.com/dxqypizph/image/upload/v1776719453/products/78/1776719452938-n2dusuqdxvc7mipb3e0ptol2mrjitbaihttfwfjl.webp","all"
"off white","off white grey","e bardhe","42","OFWHOF-EBA-42","1","80.00","https://res.cloudinary.com/dxqypizph/image/upload/v1776630017/products/78/1776630016830-642810581_122125503873027433_7019875595103031850_n.jpg","all"
"off white","off white grey","grey","43","OFWHOF-GRE-43","2","80.00","https://res.cloudinary.com/dxqypizph/image/upload/v1775311353/products/78/1775311353381-642810581_122125503873027433_7019875595103031850_n.jpg","all"
"off white","off white grey","grey","44","OFWHOF-GRE-44","3","80.00","https://res.cloudinary.com/dxqypizph/image/upload/v1775311353/products/78/1775311353381-642810581_122125503873027433_7019875595103031850_n.jpg","all"
"off white","off white shoes","blue","40","OFWHOF-BLU-40","4","110.00","https://res.cloudinary.com/dxqypizph/image/upload/v1775430655/products/128/1775430654605-634976362_122124273015027433_7672691473990800092_n.jpg","all"
"off white","off white shoes","blue","41","OFWHOF-BLU-41","1","110.00","https://res.cloudinary.com/dxqypizph/image/upload/v1775430655/products/128/1775430654605-634976362_122124273015027433_7672691473990800092_n.jpg","all"
"off white","off white shoes","blue","42","OFWHOF-BLU-42","10","110.00","https://res.cloudinary.com/dxqypizph/image/upload/v1775430655/products/128/1775430654605-634976362_122124273015027433_7672691473990800092_n.jpg","all"
"off white","off white shoes","blue","43","OFWHOF-BLU-43","12","110.00","https://res.cloudinary.com/dxqypizph/image/upload/v1775430655/products/128/1775430654605-634976362_122124273015027433_7672691473990800092_n.jpg","all"
"off white","off white shoes","blue","44","OFWHOF-BLU-44","5","110.00","https://res.cloudinary.com/dxqypizph/image/upload/v1775430655/products/128/1775430654605-634976362_122124273015027433_7672691473990800092_n.jpg","all"
"off white","off white shoes","blue","45","OFWHOF-BLU-45","8","110.00","https://res.cloudinary.com/dxqypizph/image/upload/v1775430655/products/128/1775430654605-634976362_122124273015027433_7672691473990800092_n.jpg","all"
"off white","off white shoes","white","40","OFWHOF-WHI-40","3","110.00","https://res.cloudinary.com/dxqypizph/image/upload/v1775430719/products/128/1775430718257-649803503_122126803827027433_1684359959206708570_n.jpg","all"
"off white","off white shoes","white","41","OFWHOF-WHI-41","1","110.00","https://res.cloudinary.com/dxqypizph/image/upload/v1775430719/products/128/1775430718257-649803503_122126803827027433_1684359959206708570_n.jpg","all"
"off white","off white shoes","white","42","OFWHOF-WHI-42","12","110.00","https://res.cloudinary.com/dxqypizph/image/upload/v1775430719/products/128/1775430718257-649803503_122126803827027433_1684359959206708570_n.jpg","all"
"off white","off white shoes","white","43","OFWHOF-WHI-43","11","110.00","https://res.cloudinary.com/dxqypizph/image/upload/v1775430719/products/128/1775430718257-649803503_122126803827027433_1684359959206708570_n.jpg","all"
"off white","off white shoes","white","44","OFWHOF-WHI-44","7","110.00","https://res.cloudinary.com/dxqypizph/image/upload/v1775430719/products/128/1775430718257-649803503_122126803827027433_1684359959206708570_n.jpg","all"
"off white","off white shoes","white","45","OFWHOF-WHI-45","8","110.00","https://res.cloudinary.com/dxqypizph/image/upload/v1775430719/products/128/1775430718257-649803503_122126803827027433_1684359959206708570_n.jpg","all"
"prada","prada cops","beby blue","41","PRPRCO-BEBL-41","5","120.00","https://res.cloudinary.com/dxqypizph/image/upload/v1775431391/products/129/1775431390527-647080260_122126154039027433_3708636522007278922_n-1.jpg","all"
"prada","prada cops","beby blue","42","PRPRCO-BEBL-42","5","120.00","https://res.cloudinary.com/dxqypizph/image/upload/v1775431391/products/129/1775431390527-647080260_122126154039027433_3708636522007278922_n-1.jpg","all"
"prada","prada cops","beby blue","43","PRPRCO-BEBL-43","6","120.00","https://res.cloudinary.com/dxqypizph/image/upload/v1775431391/products/129/1775431390527-647080260_122126154039027433_3708636522007278922_n-1.jpg","all"
"prada","prada cops","beby blue","44","PRPRCO-BEBL-44","3","120.00","https://res.cloudinary.com/dxqypizph/image/upload/v1775431391/products/129/1775431390527-647080260_122126154039027433_3708636522007278922_n-1.jpg","all"
"prada","prada cops","beby blue","45","PRPRCO-BEBL-45","3","120.00","https://res.cloudinary.com/dxqypizph/image/upload/v1775431391/products/129/1775431390527-647080260_122126154039027433_3708636522007278922_n-1.jpg","all"
"prada","prada cops","black","41","PRPRCO-BLA-41","2","120.00","https://res.cloudinary.com/dxqypizph/image/upload/v1775431946/products/129/1775431945679-download-20.jpg","all"
"prada","prada cops","black","42","PRPRCO-BLA-42","3","120.00","https://res.cloudinary.com/dxqypizph/image/upload/v1775431946/products/129/1775431945679-download-20.jpg","all"
"prada","prada cops","blak white","40","PRPRCO-BLWH-40","3","120.00","https://res.cloudinary.com/dxqypizph/image/upload/v1775431509/products/129/1775431509472-648875218_122126153283027433_8381737998789851519_n.jpg","all"
"prada","prada cops","blak white","41","PRPRCO-BLWH-41","3","120.00","https://res.cloudinary.com/dxqypizph/image/upload/v1775431509/products/129/1775431509472-648875218_122126153283027433_8381737998789851519_n.jpg","all"
"prada","prada cops","blak white","42","PRPRCO-BLWH-42","12","120.00","https://res.cloudinary.com/dxqypizph/image/upload/v1775431509/products/129/1775431509472-648875218_122126153283027433_8381737998789851519_n.jpg","all"
"prada","prada cops","blak white","43","PRPRCO-BLWH-43","16","120.00","https://res.cloudinary.com/dxqypizph/image/upload/v1775431509/products/129/1775431509472-648875218_122126153283027433_8381737998789851519_n.jpg","all"
"prada","prada cops","blak white","44","PRPRCO-BLWH-44","2","120.00","https://res.cloudinary.com/dxqypizph/image/upload/v1775431509/products/129/1775431509472-648875218_122126153283027433_8381737998789851519_n.jpg","all"
"prada","prada cops","blak white","45","PRPRCO-BLWH-45","3","120.00","https://res.cloudinary.com/dxqypizph/image/upload/v1775431509/products/129/1775431509472-648875218_122126153283027433_8381737998789851519_n.jpg","all"
"prada","prada cops","blue","41","PRPRCO-BLU-41","3","120.00","https://res.cloudinary.com/dxqypizph/image/upload/v1775431860/products/129/1775431860589-download-17.jpg","all"
"prada","prada cops","blue","42","PRPRCO-BLU-42","3","120.00","https://res.cloudinary.com/dxqypizph/image/upload/v1775431860/products/129/1775431860589-download-17.jpg","all"
"prada","prada cops","blue","43","PRPRCO-BLU-43","6","120.00","https://res.cloudinary.com/dxqypizph/image/upload/v1775431860/products/129/1775431860589-download-17.jpg","all"
"prada","prada cops","blue","44","PRPRCO-BLU-44","3","120.00","https://res.cloudinary.com/dxqypizph/image/upload/v1775431860/products/129/1775431860589-download-17.jpg","all"
"prada","prada cops","blue","45","PRPRCO-BLU-45","2","120.00","https://res.cloudinary.com/dxqypizph/image/upload/v1775431860/products/129/1775431860589-download-17.jpg","all"
"prada","prada cops","cherry white","40","PRPRCO-CHWH-40","1","120.00","https://res.cloudinary.com/dxqypizph/image/upload/v1775431798/products/129/1775431797697-648840272_122126154315027433_1080133660076128069_n.jpg","all"
"prada","prada cops","cherry white","41","PRPRCO-CHWH-41","2","120.00","https://res.cloudinary.com/dxqypizph/image/upload/v1775431798/products/129/1775431797697-648840272_122126154315027433_1080133660076128069_n.jpg","all"
"prada","prada cops","cherry white","42","PRPRCO-CHWH-42","3","120.00","https://res.cloudinary.com/dxqypizph/image/upload/v1775431798/products/129/1775431797697-648840272_122126154315027433_1080133660076128069_n.jpg","all"
"prada","prada cops","cherry white","43","PRPRCO-CHWH-43","6","120.00","https://res.cloudinary.com/dxqypizph/image/upload/v1775431798/products/129/1775431797697-648840272_122126154315027433_1080133660076128069_n.jpg","all"
"prada","prada cops","cherry white","44","PRPRCO-CHWH-44","7","120.00","https://res.cloudinary.com/dxqypizph/image/upload/v1775431798/products/129/1775431797697-648840272_122126154315027433_1080133660076128069_n.jpg","all"
"prada","prada cops","e gjelbert","40","PRPRCO-EGJ-40","1","120.00","https://res.cloudinary.com/dxqypizph/image/upload/v1776712007/products/129/1776712007114-download-19.jpg","all"
"prada","prada cops","e kalter","40","PRPRCO-EKA-40","1","120.00","https://res.cloudinary.com/dxqypizph/image/upload/v1776712132/products/129/1776712132070-download-17.jpg","all"
"prada","prada cops","gray","40","PRPRCO-GRA-40","2","120.00","https://res.cloudinary.com/dxqypizph/image/upload/v1776711938/products/129/1776711937776-erdd.avif","all"
"prada","prada cops","gray","41","PRPRCO-GRA-41","3","120.00","https://res.cloudinary.com/dxqypizph/image/upload/v1776711938/products/129/1776711937776-erdd.avif","all"
"prada","prada cops","gray","42","PRPRCO-GRA-42","1","120.00","https://res.cloudinary.com/dxqypizph/image/upload/v1776711938/products/129/1776711937776-erdd.avif","all"
"prada","prada cops","gray","43","PRPRCO-GRA-43","2","120.00","https://res.cloudinary.com/dxqypizph/image/upload/v1776711938/products/129/1776711937776-erdd.avif","all"
"prada","prada cops","gray","44","PRPRCO-GRA-44","2","120.00","https://res.cloudinary.com/dxqypizph/image/upload/v1776711938/products/129/1776711937776-erdd.avif","all"
"prada","prada cops","green","40","PRPRCO-GRE-40","1","120.00","https://res.cloudinary.com/dxqypizph/image/upload/v1775431895/products/129/1775431894823-download-19.jpg","all"
"prada","prada cops","green","41","PRPRCO-GRE-41","3","120.00","https://res.cloudinary.com/dxqypizph/image/upload/v1775431895/products/129/1775431894823-download-19.jpg","all"
"prada","prada cops","green","42","PRPRCO-GRE-42","4","120.00","https://res.cloudinary.com/dxqypizph/image/upload/v1775431895/products/129/1775431894823-download-19.jpg","all"
"prada","prada cops","green","43","PRPRCO-GRE-43","4","120.00","https://res.cloudinary.com/dxqypizph/image/upload/v1775431895/products/129/1775431894823-download-19.jpg","all"
"prada","prada cops","green","44","PRPRCO-GRE-44","2","120.00","https://res.cloudinary.com/dxqypizph/image/upload/v1775431895/products/129/1775431894823-download-19.jpg","all"
"prada","prada cops","green","45","PRPRCO-GRE-45","2","120.00","https://res.cloudinary.com/dxqypizph/image/upload/v1775431895/products/129/1775431894823-download-19.jpg","all"
"prada","prada cops","red","40","PRPRCO-RED-40","1","120.00","https://res.cloudinary.com/dxqypizph/image/upload/v1776711578/products/129/1776711578336-download-18.jpg","all"
"prada","prada cops","white","40","PRPRCO-WHI-40","1","120.00","https://res.cloudinary.com/dxqypizph/image/upload/v1775431328/products/129/1775431327687-649068468_122126154585027433_1884555916176303904_n.jpg","all"
"prada","prada cops","white","41","PRPRCO-WHI-41","1","120.00","https://res.cloudinary.com/dxqypizph/image/upload/v1775431328/products/129/1775431327687-649068468_122126154585027433_1884555916176303904_n.jpg","all"
"prada","prada cops","white","42","PRPRCO-WHI-42","8","120.00","https://res.cloudinary.com/dxqypizph/image/upload/v1775431328/products/129/1775431327687-649068468_122126154585027433_1884555916176303904_n.jpg","all"
"prada","prada cops","white","43","PRPRCO-WHI-43","6","120.00","https://res.cloudinary.com/dxqypizph/image/upload/v1775431328/products/129/1775431327687-649068468_122126154585027433_1884555916176303904_n.jpg","all"
"prada","prada cops","white","44","PRPRCO-WHI-44","6","120.00","https://res.cloudinary.com/dxqypizph/image/upload/v1775431328/products/129/1775431327687-649068468_122126154585027433_1884555916176303904_n.jpg","all"
"prada","prada cops","white","45","PRPRCO-WHI-45","3","120.00","https://res.cloudinary.com/dxqypizph/image/upload/v1775431328/products/129/1775431327687-649068468_122126154585027433_1884555916176303904_n.jpg","all"
"prada","prada cops","zez","42","PRPRCO-ZEZ-42","2","120.00","https://res.cloudinary.com/dxqypizph/image/upload/v1776712288/products/129/1776712287759-download-20.jpg","all"
"prada","prada cops","zez","43","PRPRCO-ZEZ-43","4","120.00","https://res.cloudinary.com/dxqypizph/image/upload/v1776712288/products/129/1776712287759-download-20.jpg","all"
"prada","prada panda","black","40","PRPRPA-BLA-40","3","110.00","https://res.cloudinary.com/dxqypizph/image/upload/v1775430449/products/127/1775430448746-634866482_122124269919027433_6234232617337344904_n.jpg","all"
"prada","prada panda","black","41","PRPRPA-BLA-41","1","110.00","https://res.cloudinary.com/dxqypizph/image/upload/v1775430449/products/127/1775430448746-634866482_122124269919027433_6234232617337344904_n.jpg","all"
"prada","prada panda","black","42","PRPRPA-BLA-42","9","110.00","https://res.cloudinary.com/dxqypizph/image/upload/v1775430449/products/127/1775430448746-634866482_122124269919027433_6234232617337344904_n.jpg","all"
"prada","prada panda","black","43","PRPRPA-BLA-43","12","110.00","https://res.cloudinary.com/dxqypizph/image/upload/v1775430449/products/127/1775430448746-634866482_122124269919027433_6234232617337344904_n.jpg","all"
"prada","prada panda","black","44","PRPRPA-BLA-44","6","110.00","https://res.cloudinary.com/dxqypizph/image/upload/v1775430449/products/127/1775430448746-634866482_122124269919027433_6234232617337344904_n.jpg","all"
"prada","prada panda","black","45","PRPRPA-BLA-45","1","110.00","https://res.cloudinary.com/dxqypizph/image/upload/v1775430449/products/127/1775430448746-634866482_122124269919027433_6234232617337344904_n.jpg","all"
"prada","prada panda","black white","40","PRPRPA-BLWH-40","3","110.00","https://res.cloudinary.com/dxqypizph/image/upload/v1775430391/products/127/1775430390449-634991953_122124280593027433_8898641043568358050_n.jpg","all"
"prada","prada panda","black white","41","PRPRPA-BLWH-41","3","110.00","https://res.cloudinary.com/dxqypizph/image/upload/v1775430391/products/127/1775430390449-634991953_122124280593027433_8898641043568358050_n.jpg","all"
"prada","prada panda","black white","42","PRPRPA-BLWH-42","14","110.00","https://res.cloudinary.com/dxqypizph/image/upload/v1775430391/products/127/1775430390449-634991953_122124280593027433_8898641043568358050_n.jpg","all"
"prada","prada panda","black white","43","PRPRPA-BLWH-43","12","110.00","https://res.cloudinary.com/dxqypizph/image/upload/v1775430391/products/127/1775430390449-634991953_122124280593027433_8898641043568358050_n.jpg","all"
"prada","prada panda","black white","44","PRPRPA-BLWH-44","8","110.00","https://res.cloudinary.com/dxqypizph/image/upload/v1775430391/products/127/1775430390449-634991953_122124280593027433_8898641043568358050_n.jpg","all"
"prada","prada panda","black white","45","PRPRPA-BLWH-45","8","110.00","https://res.cloudinary.com/dxqypizph/image/upload/v1775430391/products/127/1775430390449-634991953_122124280593027433_8898641043568358050_n.jpg","all"
"prada","prada panda","white","40","PRPRPA-WHI-40","4","110.00","https://res.cloudinary.com/dxqypizph/image/upload/v1775430544/products/127/1775430543646-537632d8-cc02-494f-9b2f-791394250fec.webp","all"
"prada","prada panda","white","41","PRPRPA-WHI-41","1","110.00","https://res.cloudinary.com/dxqypizph/image/upload/v1775430544/products/127/1775430543646-537632d8-cc02-494f-9b2f-791394250fec.webp","all"
"prada","prada panda","white","42","PRPRPA-WHI-42","12","110.00","https://res.cloudinary.com/dxqypizph/image/upload/v1775430544/products/127/1775430543646-537632d8-cc02-494f-9b2f-791394250fec.webp","all"
"prada","prada panda","white","43","PRPRPA-WHI-43","10","110.00","https://res.cloudinary.com/dxqypizph/image/upload/v1775430544/products/127/1775430543646-537632d8-cc02-494f-9b2f-791394250fec.webp","all"
"prada","prada panda","white","44","PRPRPA-WHI-44","6","110.00","https://res.cloudinary.com/dxqypizph/image/upload/v1775430544/products/127/1775430543646-537632d8-cc02-494f-9b2f-791394250fec.webp","all"
"prada","prada panda","white","45","PRPRPA-WHI-45","7","110.00","https://res.cloudinary.com/dxqypizph/image/upload/v1775430544/products/127/1775430543646-537632d8-cc02-494f-9b2f-791394250fec.webp","all"