brand,model,color,size,sku,stock,price,image,warehouse
"FENDI","FENDI","CREAM","40","FEFE-CRE-40","2","120.00","https://res.cloudinary.com/dxqypizph/image/upload/v1775432387/products/131/1775432386338-648479920_122126154381027433_1761003250376045186_n.jpg","2"
"FENDI","FENDI","CREAM","41","FEFE-CRE-41","1","120.00","https://res.cloudinary.com/dxqypizph/image/upload/v1775432387/products/131/1775432386338-648479920_122126154381027433_1761003250376045186_n.jpg","2"
"FENDI","FENDI","CREAM","43","FEFE-CRE-43","2","120.00","https://res.cloudinary.com/dxqypizph/image/upload/v1775432387/products/131/1775432386338-648479920_122126154381027433_1761003250376045186_n.jpg","2"
"FENDI","FENDI","CREAM","44","FEFE-CRE-44","2","120.00","https://res.cloudinary.com/dxqypizph/image/upload/v1775432387/products/131/1775432386338-648479920_122126154381027433_1761003250376045186_n.jpg","2"
"FENDI","FENDI","CREAM","45","FEFE-CRE-45","2","120.00","https://res.cloudinary.com/dxqypizph/image/upload/v1775432387/products/131/1775432386338-648479920_122126154381027433_1761003250376045186_n.jpg","2"
"FENDI","FENDI","PINK","41","FEFE-PIN-41","1","100.00","https://res.cloudinary.com/dxqypizph/image/upload/v1775433199/products/131/1775433198548-download-21.jpg","2"
"FENDI","FENDI","PINK","42","FEFE-PIN-42","1","100.00","https://res.cloudinary.com/dxqypizph/image/upload/v1775433199/products/131/1775433198548-download-21.jpg","2"
"FENDI","FENDI","PINK","43","FEFE-PIN-43","1","100.00","https://res.cloudinary.com/dxqypizph/image/upload/v1775433199/products/131/1775433198548-download-21.jpg","2"
"FENDI","FENDI","PINK","44","FEFE-PIN-44","1","100.00","https://res.cloudinary.com/dxqypizph/image/upload/v1775433199/products/131/1775433198548-download-21.jpg","2"
"FENDI","FENDI","WHITE","42","FEFE-WHI-42","1","100.00","https://res.cloudinary.com/dxqypizph/image/upload/v1775432850/products/131/1775432850000-images-7.jpg","2"
"FENDI","FENDI","WHITE","43","FEFE-WHI-43","1","100.00","https://res.cloudinary.com/dxqypizph/image/upload/v1775432850/products/131/1775432850000-images-7.jpg","2"
"FENDI","FENDI","WHITE","44","FEFE-WHI-44","2","100.00","https://res.cloudinary.com/dxqypizph/image/upload/v1775432850/products/131/1775432850000-images-7.jpg","2"
"FENDI","FENDI","WHITE","45","FEFE-WHI-45","1","100.00","https://res.cloudinary.com/dxqypizph/image/upload/v1775432850/products/131/1775432850000-images-7.jpg","2"
"FENDI","FENDI","YELLOW","41","FEFE-YEL-41","1","100.00","https://res.cloudinary.com/dxqypizph/image/upload/v1775433156/products/131/1775433156078-images-6.jpg","2"
"FENDI","FENDI","YELLOW","44","FEFE-YEL-44","1","100.00","https://res.cloudinary.com/dxqypizph/image/upload/v1775433156/products/131/1775433156078-images-6.jpg","2"
"FENDI","FENDI","YELLOW","45","FEFE-YEL-45","1","100.00","https://res.cloudinary.com/dxqypizph/image/upload/v1775433156/products/131/1775433156078-images-6.jpg","2"
"FENDI","FENDI SANDALE","BROWN","36","FEFESA-BRO-36","2","70.00","https://res.cloudinary.com/dxqypizph/image/upload/v1775485407/products/133/1775485407180-647102076_122126140923027433_7613716947222559295_n-1.jpg","2"
"FENDI","FENDI SANDALE","BROWN","37","FEFESA-BRO-37","1","70.00","https://res.cloudinary.com/dxqypizph/image/upload/v1775485407/products/133/1775485407180-647102076_122126140923027433_7613716947222559295_n-1.jpg","2"
"FENDI","FENDI SANDALE","BROWN","38","FEFESA-BRO-38","2","70.00","https://res.cloudinary.com/dxqypizph/image/upload/v1775485407/products/133/1775485407180-647102076_122126140923027433_7613716947222559295_n-1.jpg","2"
"FENDI","FENDI SANDALE","BROWN CREAM","36","FEFESA-BRCR-36","2","70.00","https://res.cloudinary.com/dxqypizph/image/upload/v1775599210/products/133/1775599209764-na.jpg","2"
"FENDI","FENDI SANDALE","BROWN CREAM","37","FEFESA-BRCR-37","1","70.00","https://res.cloudinary.com/dxqypizph/image/upload/v1775599210/products/133/1775599209764-na.jpg","2"
"FENDI","FENDI SANDALE","BROWN CREAM","38","FEFESA-BRCR-38","1","70.00","https://res.cloudinary.com/dxqypizph/image/upload/v1775599210/products/133/1775599209764-na.jpg","2"
"FENDI","FENDI SANDALE","BROWN CREAM","39","FEFESA-BRCR-39","2","70.00","https://res.cloudinary.com/dxqypizph/image/upload/v1775599210/products/133/1775599209764-na.jpg","2"
"FENDI","FENDI SANDALE","BROWN CREAM","40","FEFESA-BRCR-40","2","70.00","https://res.cloudinary.com/dxqypizph/image/upload/v1775599210/products/133/1775599209764-na.jpg","2"
"FENDI","FENDI SANDALE","WHITE","36","FEFESA-WHI-36","2","70.00","https://res.cloudinary.com/dxqypizph/image/upload/v1775486098/products/133/1775486097664-images-11.jpg","2"
"FENDI","FENDI SANDALE","WHITE","37","FEFESA-WHI-37","2","70.00","https://res.cloudinary.com/dxqypizph/image/upload/v1775486098/products/133/1775486097664-images-11.jpg","2"
"FENDI","FENDI SANDALE","WHITE","38","FEFESA-WHI-38","3","70.00","https://res.cloudinary.com/dxqypizph/image/upload/v1775486098/products/133/1775486097664-images-11.jpg","2"
"FENDI","FENDI SANDALE","WHITE","39","FEFESA-WHI-39","2","70.00","https://res.cloudinary.com/dxqypizph/image/upload/v1775486098/products/133/1775486097664-images-11.jpg","2"
"FENDI","FENDI SANDALE","WHITE","40","FEFESA-WHI-40","1","70.00","https://res.cloudinary.com/dxqypizph/image/upload/v1775486098/products/133/1775486097664-images-11.jpg","2"
"FENDI","FENDI SANDALE","WHUTE GOLD","36","FEFESA-WHGO-36","2","70.00","https://res.cloudinary.com/dxqypizph/image/upload/v1775599179/products/133/1775599179357-mmmm.jpg","2"
"FENDI","FENDI SANDALE","WHUTE GOLD","37","FEFESA-WHGO-37","2","70.00","https://res.cloudinary.com/dxqypizph/image/upload/v1775599179/products/133/1775599179357-mmmm.jpg","2"
"FENDI","FENDI SANDALE","WHUTE GOLD","38","FEFESA-WHGO-38","2","70.00","https://res.cloudinary.com/dxqypizph/image/upload/v1775599179/products/133/1775599179357-mmmm.jpg","2"
"FENDI","FENDI SANDALE","WHUTE GOLD","39","FEFESA-WHGO-39","2","70.00","https://res.cloudinary.com/dxqypizph/image/upload/v1775599179/products/133/1775599179357-mmmm.jpg","2"
"FENDI","FENDI SANDALE","WHUTE GOLD","40","FEFESA-WHGO-40","3","70.00","https://res.cloudinary.com/dxqypizph/image/upload/v1775599179/products/133/1775599179357-mmmm.jpg","2"
"balenciaga","blanciaga tracks","black","37","BABLTR-BLA-37","2","120.00","https://res.cloudinary.com/dxqypizph/image/upload/v1775432162/products/130/1775432161696-645382596_122126154207027433_7885720686298644610_n.jpg","2"
"balenciaga","blanciaga tracks","black","38","BABLTR-BLA-38","3","120.00","https://res.cloudinary.com/dxqypizph/image/upload/v1775432162/products/130/1775432161696-645382596_122126154207027433_7885720686298644610_n.jpg","2"
"balenciaga","blanciaga tracks","black","44","BABLTR-BLA-44","2","120.00","https://res.cloudinary.com/dxqypizph/image/upload/v1775432162/products/130/1775432161696-645382596_122126154207027433_7885720686298644610_n.jpg","2"
"balenciaga","blanciaga tracks","pink","37","BABLTR-PIN-37","2","120.00","https://res.cloudinary.com/dxqypizph/image/upload/v1775432063/products/130/1775432063514-647156164_122126153457027433_1160987004294337793_n.jpg","2"
"balenciaga","blanciaga tracks","pink","38","BABLTR-PIN-38","1","120.00","https://res.cloudinary.com/dxqypizph/image/upload/v1775432063/products/130/1775432063514-647156164_122126153457027433_1160987004294337793_n.jpg","2"
"balenciaga","blanciaga tracks","pink","39","BABLTR-PIN-39","2","120.00","https://res.cloudinary.com/dxqypizph/image/upload/v1775432063/products/130/1775432063514-647156164_122126153457027433_1160987004294337793_n.jpg","2"
"celin","celin","brown","36","CECE-BRO-36","2","50.00","https://res.cloudinary.com/dxqypizph/image/upload/v1775343303/products/118/1775343302694-images-1.jpg","2"
"celin","celin","brown and black","36","CECE-BRAN-36","1","50.00","https://res.cloudinary.com/dxqypizph/image/upload/v1775343081/products/118/1775343080585-357925135c-18bn_2_sum25_w.avif","2"
"celin","celin","brown and black","37","CECE-BRAN-37","5","50.00","https://res.cloudinary.com/dxqypizph/image/upload/v1775343081/products/118/1775343080585-357925135c-18bn_2_sum25_w.avif","2"
"celin","celin","brown and black","38","CECE-BRAN-38","1","50.00","https://res.cloudinary.com/dxqypizph/image/upload/v1775343081/products/118/1775343080585-357925135c-18bn_2_sum25_w.avif","2"
"celin","celin","brown and black","39","CECE-BRAN-39","5","50.00","https://res.cloudinary.com/dxqypizph/image/upload/v1775343081/products/118/1775343080585-357925135c-18bn_2_sum25_w.avif","2"
"celin","celin","brown and black","40","CECE-BRAN-40","2","50.00","https://res.cloudinary.com/dxqypizph/image/upload/v1775343081/products/118/1775343080585-357925135c-18bn_2_sum25_w.avif","2"
"celin","celin","brown and black","41","CECE-BRAN-41","1","50.00","https://res.cloudinary.com/dxqypizph/image/upload/v1775343081/products/118/1775343080585-357925135c-18bn_2_sum25_w.avif","2"
"celin","celin","brown white","36","CECE-BRWH-36","6","50.00","https://res.cloudinary.com/dxqypizph/image/upload/v1775342980/products/118/1775342980223-images-2.jpg","2"
"celin","celin","brown white","37","CECE-BRWH-37","6","50.00","https://res.cloudinary.com/dxqypizph/image/upload/v1775342980/products/118/1775342980223-images-2.jpg","2"
"celin","celin","brown white","38","CECE-BRWH-38","3","50.00","https://res.cloudinary.com/dxqypizph/image/upload/v1775342980/products/118/1775342980223-images-2.jpg","2"
"celin","celin","brown white","39","CECE-BRWH-39","2","50.00","https://res.cloudinary.com/dxqypizph/image/upload/v1775342980/products/118/1775342980223-images-2.jpg","2"
"celin","celin","brown white","40","CECE-BRWH-40","2","50.00","https://res.cloudinary.com/dxqypizph/image/upload/v1775342980/products/118/1775342980223-images-2.jpg","2"
"chanel","patike","e zez","36","CHPA-EZE-36","1","80.00","https://res.cloudinary.com/dxqypizph/image/upload/v1785837920/products/149/1785837919955-images.jpg","2"
"chanel","patike","e zez","37","CHPA-EZE-37","1","80.00","https://res.cloudinary.com/dxqypizph/image/upload/v1785837920/products/149/1785837919955-images.jpg","2"
"chanel","patike","e zez","38","CHPA-EZE-38","1","80.00","https://res.cloudinary.com/dxqypizph/image/upload/v1785837920/products/149/1785837919955-images.jpg","2"
"chanel","patike","e zez","39","CHPA-EZE-39","1","80.00","https://res.cloudinary.com/dxqypizph/image/upload/v1785837920/products/149/1785837919955-images.jpg","2"
"chanel","patike","e zez","40","CHPA-EZE-40","1","80.00","https://res.cloudinary.com/dxqypizph/image/upload/v1785837920/products/149/1785837919955-images.jpg","2"
"chanel","patike","e zez","41","CHPA-EZE-41","1","80.00","https://res.cloudinary.com/dxqypizph/image/upload/v1785837920/products/149/1785837919955-images.jpg","2"
"chanel sandale","chanel sandale","all black","36","CHSACH-ALBL-36","1","70.00","https://res.cloudinary.com/dxqypizph/image/upload/v1775490534/products/121/1775490533806-1.jpg","2"
"chanel sandale","chanel sandale","all black","37","CHSACH-ALBL-37","2","70.00","https://res.cloudinary.com/dxqypizph/image/upload/v1775490534/products/121/1775490533806-1.jpg","2"
"chanel sandale","chanel sandale","all black","38","CHSACH-ALBL-38","1","70.00","https://res.cloudinary.com/dxqypizph/image/upload/v1775490534/products/121/1775490533806-1.jpg","2"
"chanel sandale","chanel sandale","all black","39","CHSACH-ALBL-39","1","70.00","https://res.cloudinary.com/dxqypizph/image/upload/v1775490534/products/121/1775490533806-1.jpg","2"
"chanel sandale","chanel sandale","all black","40","CHSACH-ALBL-40","2","70.00","https://res.cloudinary.com/dxqypizph/image/upload/v1775490534/products/121/1775490533806-1.jpg","2"
"chanel sandale","chanel sandale","all blakl","36","CHSACH-ALBL-36-2","2","70.00","https://res.cloudinary.com/dxqypizph/image/upload/v1777060124/products/121/1777060123858-image.jpg","2"
"chanel sandale","chanel sandale","all blakl","37","CHSACH-ALBL-37-2","1","70.00","https://res.cloudinary.com/dxqypizph/image/upload/v1777060124/products/121/1777060123858-image.jpg","2"
"chanel sandale","chanel sandale","all blakl","38","CHSACH-ALBL-38-2","1","70.00","https://res.cloudinary.com/dxqypizph/image/upload/v1777060124/products/121/1777060123858-image.jpg","2"
"chanel sandale","chanel sandale","all white","36","CHSACH-ALWH-36","2","70.00","https://res.cloudinary.com/dxqypizph/image/upload/v1775490467/products/121/1775490466978-chan.jpg","2"
"chanel sandale","chanel sandale","all white","37","CHSACH-ALWH-37","1","70.00","https://res.cloudinary.com/dxqypizph/image/upload/v1775490467/products/121/1775490466978-chan.jpg","2"
"chanel sandale","chanel sandale","all white","38","CHSACH-ALWH-38","2","70.00","https://res.cloudinary.com/dxqypizph/image/upload/v1775490467/products/121/1775490466978-chan.jpg","2"
"chanel sandale","chanel sandale","all white","40","CHSACH-ALWH-40","2","70.00","https://res.cloudinary.com/dxqypizph/image/upload/v1775490467/products/121/1775490466978-chan.jpg","2"
"chanel sandale","chanel sandale","all white","41","CHSACH-ALWH-41","1","70.00","https://res.cloudinary.com/dxqypizph/image/upload/v1775490467/products/121/1775490466978-chan.jpg","2"
"chanel sandale","chanel sandale","black gold","36","CHSACH-BLGO-36","3","70.00","https://res.cloudinary.com/dxqypizph/image/upload/v1775490006/products/121/1775490006264-c.webp","2"
"chanel sandale","chanel sandale","black gold","37","CHSACH-BLGO-37","3","70.00","https://res.cloudinary.com/dxqypizph/image/upload/v1775490006/products/121/1775490006264-c.webp","2"
"chanel sandale","chanel sandale","black white","37","CHSACH-BLWH-37","2","70.00","https://res.cloudinary.com/dxqypizph/image/upload/v1775490314/products/121/1775490313401-cha.jpg","2"
"chanel sandale","chanel sandale","black white","38","CHSACH-BLWH-38","1","70.00","https://res.cloudinary.com/dxqypizph/image/upload/v1775490314/products/121/1775490313401-cha.jpg","2"
"chanel sandale","chanel sandale","black white","39","CHSACH-BLWH-39","2","70.00","https://res.cloudinary.com/dxqypizph/image/upload/v1775490314/products/121/1775490313401-cha.jpg","2"
"chanel sandale","chanel sandale","black white","40","CHSACH-BLWH-40","1","70.00","https://res.cloudinary.com/dxqypizph/image/upload/v1775490314/products/121/1775490313401-cha.jpg","2"
"chanel sandale","chanel sandale","black white","41","CHSACH-BLWH-41","2","70.00","https://res.cloudinary.com/dxqypizph/image/upload/v1775490314/products/121/1775490313401-cha.jpg","2"
"chanel sandale","chanel sandale","e bardhee","36","CHSACH-EBA-36","2","70.00","https://res.cloudinary.com/dxqypizph/image/upload/v1777059664/products/121/1777059664298-image.jpg","2"
"chanel sandale","chanel sandale","e bardhee","37","CHSACH-EBA-37","3","70.00","https://res.cloudinary.com/dxqypizph/image/upload/v1777059664/products/121/1777059664298-image.jpg","2"
"chanel sandale","chanel sandale","e bardhee","38","CHSACH-EBA-38","3","70.00","https://res.cloudinary.com/dxqypizph/image/upload/v1777059664/products/121/1777059664298-image.jpg","2"
"chanel sandale","chanel sandale","e bardhee","39","CHSACH-EBA-39","1","70.00","https://res.cloudinary.com/dxqypizph/image/upload/v1777059664/products/121/1777059664298-image.jpg","2"
"chanel sandale","chanel sandale","krem black","36","CHSACH-KRBL-36","1","70.00","https://res.cloudinary.com/dxqypizph/image/upload/v1775490642/products/121/1775490641488-2.jpg","2"
"chanel sandale","chanel sandale","krem black","38","CHSACH-KRBL-38","1","70.00","https://res.cloudinary.com/dxqypizph/image/upload/v1775490642/products/121/1775490641488-2.jpg","2"
"chanel sandale","chanel sandale","miletary grejj","36","CHSACH-MIGR-36","2","70.00","https://res.cloudinary.com/dxqypizph/image/upload/v1777060034/products/121/1777060034006-454.jpg","2"
"chanel sandale","chanel sandale","miletary grejj","37","CHSACH-MIGR-37-2","1","70.00","https://res.cloudinary.com/dxqypizph/image/upload/v1777060034/products/121/1777060034006-454.jpg","2"
"chanel sandale","chanel sandale","miletary grejj","38","CHSACH-MIGR-38-2","1","70.00","https://res.cloudinary.com/dxqypizph/image/upload/v1777060034/products/121/1777060034006-454.jpg","2"
"chanel sandale","chanel sandale","miletary grejj","40","CHSACH-MIGR-40-2","1","70.00","https://res.cloudinary.com/dxqypizph/image/upload/v1777060034/products/121/1777060034006-454.jpg","2"
"chanel sandale","chanel sandale","military gray","36","CHSACH-MIGR-36-2","3","70.00","https://res.cloudinary.com/dxqypizph/image/upload/v1775490749/products/121/1775490749147-3.jpg","2"
"chanel sandale","chanel sandale","military gray","37","CHSACH-MIGR-37","1","70.00","https://res.cloudinary.com/dxqypizph/image/upload/v1775490749/products/121/1775490749147-3.jpg","2"
"chanel sandale","chanel sandale","military gray","38","CHSACH-MIGR-38","1","70.00","https://res.cloudinary.com/dxqypizph/image/upload/v1775490749/products/121/1775490749147-3.jpg","2"
"chanel sandale","chanel sandale","military gray","40","CHSACH-MIGR-40","2","70.00","https://res.cloudinary.com/dxqypizph/image/upload/v1775490749/products/121/1775490749147-3.jpg","2"
"chanel sandale","chanel sandale","pink","36","CHSACH-PIN-36","2","50.00","https://res.cloudinary.com/dxqypizph/image/upload/v1775346302/products/121/1775346301803-s-l1200-1.jpg","2"
"chanel sandale","chanel sandale","pink","37","CHSACH-PIN-37","3","50.00","https://res.cloudinary.com/dxqypizph/image/upload/v1775346302/products/121/1775346301803-s-l1200-1.jpg","2"
"chanel sandale","chanel sandale","pink","38","CHSACH-PIN-38","3","50.00","https://res.cloudinary.com/dxqypizph/image/upload/v1775346302/products/121/1775346301803-s-l1200-1.jpg","2"
"chanel sandale","chanel sandale","white","36","CHSACH-WHI-36","1","50.00","https://res.cloudinary.com/dxqypizph/image/upload/v1775346420/products/121/1775346420124-g35927-b20276-u0451-chanel-25s-strap-sandals-women-s-ivory-white-1.jpg","2"
"chanel sandale","chanel sandale","white","37","CHSACH-WHI-37","2","50.00","https://res.cloudinary.com/dxqypizph/image/upload/v1775346420/products/121/1775346420124-g35927-b20276-u0451-chanel-25s-strap-sandals-women-s-ivory-white-1.jpg","2"
"chanel sandale","chanel sandale","white","38","CHSACH-WHI-38","2","50.00","https://res.cloudinary.com/dxqypizph/image/upload/v1775346420/products/121/1775346420124-g35927-b20276-u0451-chanel-25s-strap-sandals-women-s-ivory-white-1.jpg","2"
"chanel sandale","chanel sandale","white","39","CHSACH-WHI-39","1","50.00","https://res.cloudinary.com/dxqypizph/image/upload/v1775346420/products/121/1775346420124-g35927-b20276-u0451-chanel-25s-strap-sandals-women-s-ivory-white-1.jpg","2"
"chanel sandale","chanel sandale","whiteee","36","CHSACH-WHI-36-3","1","70.00","https://res.cloudinary.com/dxqypizph/image/upload/v1777059010/products/121/1777059009714-672.jpg","2"
"chanel sandale","chanel sandale","whiteee","37","CHSACH-WHI-37-2","1","70.00","https://res.cloudinary.com/dxqypizph/image/upload/v1777059010/products/121/1777059009714-672.jpg","2"
"chanel sandale","chanel sandale","whiteee","38","CHSACH-WHI-38-2","1","70.00","https://res.cloudinary.com/dxqypizph/image/upload/v1777059010/products/121/1777059009714-672.jpg","2"
"coach","coach sendles","Brown/gold","36","COCOSE-BRO-36","1","65.00","https://res.cloudinary.com/dxqypizph/image/upload/v1784892376/products/134/1784892375506-image.jpg","2"
"coach","coach sendles","Brown/gold","38","COCOSE-BRO-38","1","65.00","https://res.cloudinary.com/dxqypizph/image/upload/v1784892376/products/134/1784892375506-image.jpg","2"
"coach","coach sendles","Brown/gold","39","COCOSE-BRO-39","1","65.00","https://res.cloudinary.com/dxqypizph/image/upload/v1784892376/products/134/1784892375506-image.jpg","2"
"coach","coach sendles","Brown/gold","40","COCOSE-BRO-40","1","65.00","https://res.cloudinary.com/dxqypizph/image/upload/v1784892376/products/134/1784892375506-image.jpg","2"
"coach","coach sendles","Kren","36","COCOSE-KRE-36","1","50.00","https://res.cloudinary.com/dxqypizph/image/upload/v1776624948/products/134/1776624947227-img_7330.jpg","2"
"coach","coach sendles","Kren","37","COCOSE-KRE-37","1","50.00","https://res.cloudinary.com/dxqypizph/image/upload/v1776624948/products/134/1776624947227-img_7330.jpg","2"
"coach","coach sendles","black","36","COCOSE-BLA-36","3","70.00","https://res.cloudinary.com/dxqypizph/image/upload/v1775491490/products/134/1775491490197-7.jpg","2"
"coach","coach sendles","black","37","COCOSE-BLA-37","2","70.00","https://res.cloudinary.com/dxqypizph/image/upload/v1775491490/products/134/1775491490197-7.jpg","2"
"coach","coach sendles","black","38","COCOSE-BLA-38","1","70.00","https://res.cloudinary.com/dxqypizph/image/upload/v1775491490/products/134/1775491490197-7.jpg","2"
"coach","coach sendles","light gray","36","COCOSE-LIGR-36","1","70.00","https://res.cloudinary.com/dxqypizph/image/upload/v1775491361/products/134/1775491360997-5.jpg","2"
"coach","coach sendles","light gray","37","COCOSE-LIGR-37","2","70.00","https://res.cloudinary.com/dxqypizph/image/upload/v1775491361/products/134/1775491360997-5.jpg","2"
"coach","coach sendles","light gray","38","COCOSE-LIGR-38","1","70.00","https://res.cloudinary.com/dxqypizph/image/upload/v1775491361/products/134/1775491360997-5.jpg","2"
"coach","coach sendles","light gray","39","COCOSE-LIGR-39","2","70.00","https://res.cloudinary.com/dxqypizph/image/upload/v1775491361/products/134/1775491360997-5.jpg","2"
"coach","coach sendles","light gray","40","COCOSE-LIGR-40","2","70.00","https://res.cloudinary.com/dxqypizph/image/upload/v1775491361/products/134/1775491360997-5.jpg","2"
"dior","b30 black","black","41","DIB30BL-BLA-41","2","80.00","https://res.cloudinary.com/dxqypizph/image/upload/v1774966948/products/14/1774966948550-638270144_122124359313027433_86987904993049362_n.jpg","2"
"dior","b30 black","white","43","DIB30BL-WHI-43","2","80.00","https://res.cloudinary.com/dxqypizph/image/upload/v1775405224/products/14/1775405224471-download-9.jpg","2"
"dior sandles","dior sandles","blue","36","DISADI-BLU-36","2","70.00","https://res.cloudinary.com/dxqypizph/image/upload/v1775572611/products/138/1775572610707-2222.jpg","2"
"dior sandles","dior sandles","blue","37","DISADI-BLU-37","2","70.00","https://res.cloudinary.com/dxqypizph/image/upload/v1775572611/products/138/1775572610707-2222.jpg","2"
"dior sandles","dior sandles","blue","38","DISADI-BLU-38","1","70.00","https://res.cloudinary.com/dxqypizph/image/upload/v1775572611/products/138/1775572610707-2222.jpg","2"
"dior sandles","dior sandles","blue","39","DISADI-BLU-39","1","70.00","https://res.cloudinary.com/dxqypizph/image/upload/v1775572611/products/138/1775572610707-2222.jpg","2"
"dior sandles","dior sandles","blue","40","DISADI-BLU-40","2","70.00","https://res.cloudinary.com/dxqypizph/image/upload/v1775572611/products/138/1775572610707-2222.jpg","2"
"dior sandles","dior sandles","cream","36","DISADI-CRE-36","2","70.00","https://res.cloudinary.com/dxqypizph/image/upload/v1775572746/products/138/1775572746075-67.jpg","2"
"dior sandles","dior sandles","cream","37","DISADI-CRE-37","1","70.00","https://res.cloudinary.com/dxqypizph/image/upload/v1775572746/products/138/1775572746075-67.jpg","2"
"dior sandles","dior sandles","cream","38","DISADI-CRE-38","2","70.00","https://res.cloudinary.com/dxqypizph/image/upload/v1775572746/products/138/1775572746075-67.jpg","2"
"dior sandles","dior sandles","cream","39","DISADI-CRE-39","1","70.00","https://res.cloudinary.com/dxqypizph/image/upload/v1775572746/products/138/1775572746075-67.jpg","2"
"dior sandles","dior sandles","cream","40","DISADI-CRE-40","1","70.00","https://res.cloudinary.com/dxqypizph/image/upload/v1775572746/products/138/1775572746075-67.jpg","2"
"dior sandles","dior sandles","ezez bardh","36","DISADI-EZBA-36","2","70.00","https://res.cloudinary.com/dxqypizph/image/upload/v1775573487/products/138/1775573486630-2012.jpg","2"
"dior sandles","dior sandles","ezez bardh","37","DISADI-EZBA-37","2","70.00","https://res.cloudinary.com/dxqypizph/image/upload/v1775573487/products/138/1775573486630-2012.jpg","2"
"dior sandles","dior sandles","ezez bardh","38","DISADI-EZBA-38","2","70.00","https://res.cloudinary.com/dxqypizph/image/upload/v1775573487/products/138/1775573486630-2012.jpg","2"
"dior sandles","dior sandles","ezez bardh","39","DISADI-EZBA-39","1","70.00","https://res.cloudinary.com/dxqypizph/image/upload/v1775573487/products/138/1775573486630-2012.jpg","2"
"dior sandles","dior sandles","ezez bardh","40","DISADI-EZBA-40","1","70.00","https://res.cloudinary.com/dxqypizph/image/upload/v1775573487/products/138/1775573486630-2012.jpg","2"
"dior sandles","dior sandles","krem brown","37","DISADI-KRBR-37","1","70.00","https://res.cloudinary.com/dxqypizph/image/upload/v1775573601/products/138/1775573600457-123.jpg","2"
"dior sandles","dior sandles","krem brown","38","DISADI-KRBR-38","2","70.00","https://res.cloudinary.com/dxqypizph/image/upload/v1775573601/products/138/1775573600457-123.jpg","2"
"dior sandles","dior sandles","krem brown","39","DISADI-KRBR-39","1","70.00","https://res.cloudinary.com/dxqypizph/image/upload/v1775573601/products/138/1775573600457-123.jpg","2"
"dior sandles","dior sandles","krem brown","40","DISADI-KRBR-40","2","70.00","https://res.cloudinary.com/dxqypizph/image/upload/v1775573601/products/138/1775573600457-123.jpg","2"
"dior sandles","dior sandles","kren zez","36","DISADI-KRZE-36","3","70.00","https://res.cloudinary.com/dxqypizph/image/upload/v1775573437/products/138/1775573436548-2025.jpg","2"
"dior sandles","dior sandles","kren zez","37","DISADI-KRZE-37","2","70.00","https://res.cloudinary.com/dxqypizph/image/upload/v1775573437/products/138/1775573436548-2025.jpg","2"
"dior sandles","dior sandles","kren zez","38","DISADI-KRZE-38","1","70.00","https://res.cloudinary.com/dxqypizph/image/upload/v1775573437/products/138/1775573436548-2025.jpg","2"
"dior sandles","dior sandles","kren zez","39","DISADI-KRZE-39","1","70.00","https://res.cloudinary.com/dxqypizph/image/upload/v1775573437/products/138/1775573436548-2025.jpg","2"
"dior sandles","dior sandles","kren zez","40","DISADI-KRZE-40","1","70.00","https://res.cloudinary.com/dxqypizph/image/upload/v1775573437/products/138/1775573436548-2025.jpg","2"
"dior sandles","dior sandles","light blue","36","DISADI-LIBL-36","2","70.00","https://res.cloudinary.com/dxqypizph/image/upload/v1775573682/products/138/1775573681923-d555.jpg","2"
"dior sandles","dior sandles","light blue","37","DISADI-LIBL-37","1","70.00","https://res.cloudinary.com/dxqypizph/image/upload/v1775573682/products/138/1775573681923-d555.jpg","2"
"dior sandles","dior sandles","light blue","38","DISADI-LIBL-38","1","70.00","https://res.cloudinary.com/dxqypizph/image/upload/v1775573682/products/138/1775573681923-d555.jpg","2"
"dior sandles","dior sandles","light blue","39","DISADI-LIBL-39","2","70.00","https://res.cloudinary.com/dxqypizph/image/upload/v1775573682/products/138/1775573681923-d555.jpg","2"
"dior sandles","dior sandles","light blue","40","DISADI-LIBL-40","2","70.00","https://res.cloudinary.com/dxqypizph/image/upload/v1775573682/products/138/1775573681923-d555.jpg","2"
"dior sandles","dior sandles","w bardh","36","DISADI-WBA-36","3","70.00","https://res.cloudinary.com/dxqypizph/image/upload/v1775573761/products/138/1775573760537-d66.jpg","2"
"dior sandles","dior sandles","w bardh","37","DISADI-WBA-37","2","70.00","https://res.cloudinary.com/dxqypizph/image/upload/v1775573761/products/138/1775573760537-d66.jpg","2"
"dior sandles","dior sandles","w bardh","38","DISADI-WBA-38","1","70.00","https://res.cloudinary.com/dxqypizph/image/upload/v1775573761/products/138/1775573760537-d66.jpg","2"
"dior sandles","dior sandles","w bardh","39","DISADI-WBA-39","1","70.00","https://res.cloudinary.com/dxqypizph/image/upload/v1775573761/products/138/1775573760537-d66.jpg","2"
"dior sandles","dior sandles","white","36","DISADI-WHI-36","1","70.00","https://res.cloudinary.com/dxqypizph/image/upload/v1775572958/products/138/1775572958198-88.jpg","2"
"dior sandles","dior sandles","white","37","DISADI-WHI-37","1","70.00","https://res.cloudinary.com/dxqypizph/image/upload/v1775572958/products/138/1775572958198-88.jpg","2"
"dior sandles","dior sandles","white","38","DISADI-WHI-38","2","70.00","https://res.cloudinary.com/dxqypizph/image/upload/v1775572958/products/138/1775572958198-88.jpg","2"
"dior sandles","dior sandles","white","39","DISADI-WHI-39","2","70.00","https://res.cloudinary.com/dxqypizph/image/upload/v1775572958/products/138/1775572958198-88.jpg","2"
"dior sandles","dior sandles","white","40","DISADI-WHI-40","1","70.00","https://res.cloudinary.com/dxqypizph/image/upload/v1775572958/products/138/1775572958198-88.jpg","2"
"dior sandles","dior sandles","white blue","36","DISADI-WHBL-36","2","69.98","https://res.cloudinary.com/dxqypizph/image/upload/v1775573382/products/138/1775573381483-2026.jpg","2"
"dior sandles","dior sandles","white blue","39","DISADI-WHBL-39","2","69.98","https://res.cloudinary.com/dxqypizph/image/upload/v1775573382/products/138/1775573381483-2026.jpg","2"
"dior sandles","dior sandles","white blue","40","DISADI-WHBL-40","1","69.98","https://res.cloudinary.com/dxqypizph/image/upload/v1775573382/products/138/1775573381483-2026.jpg","2"
"gucci","gucci","blue","43","GUGU-BLU-43","1","110.00","https://res.cloudinary.com/dxqypizph/image/upload/v1775430091/products/126/1775430089600-637158717_122124264459027433_2197705150312245127_n.jpg","2"
"gucci","gucci","brown","40","GUGU-BRO-40","2","110.00","https://res.cloudinary.com/dxqypizph/image/upload/v1775430851/products/126/1775430850997-635114438_122124264849027433_5746293862859095007_n.jpg","2"
"gucci","gucci","brown","41","GUGU-BRO-41","2","110.00","https://res.cloudinary.com/dxqypizph/image/upload/v1775430851/products/126/1775430850997-635114438_122124264849027433_5746293862859095007_n.jpg","2"
"gucci","gucci","brown","42","GUGU-BRO-42","1","110.00","https://res.cloudinary.com/dxqypizph/image/upload/v1775430851/products/126/1775430850997-635114438_122124264849027433_5746293862859095007_n.jpg","2"
"gucci","gucci","brown","43","GUGU-BRO-43","3","110.00","https://res.cloudinary.com/dxqypizph/image/upload/v1775430851/products/126/1775430850997-635114438_122124264849027433_5746293862859095007_n.jpg","2"
"gucci","gucci","brown","44","GUGU-BRO-44","2","110.00","https://res.cloudinary.com/dxqypizph/image/upload/v1775430851/products/126/1775430850997-635114438_122124264849027433_5746293862859095007_n.jpg","2"
"gucci","gucci","brown","45","GUGU-BRO-45","2","110.00","https://res.cloudinary.com/dxqypizph/image/upload/v1775430851/products/126/1775430850997-635114438_122124264849027433_5746293862859095007_n.jpg","2"
"gucci","gucci","white","40","GUGU-WHI-40","2","110.00","https://res.cloudinary.com/dxqypizph/image/upload/v1775431023/products/126/1775431022689-646893249_122126154129027433_8931261843621463175_n.jpg","2"
"gucci","gucci","white","41","GUGU-WHI-41","1","110.00","https://res.cloudinary.com/dxqypizph/image/upload/v1775431023/products/126/1775431022689-646893249_122126154129027433_8931261843621463175_n.jpg","2"
"gucci","gucci","white","42","GUGU-WHI-42","1","110.00","https://res.cloudinary.com/dxqypizph/image/upload/v1775431023/products/126/1775431022689-646893249_122126154129027433_8931261843621463175_n.jpg","2"
"gucci","gucci","white","43","GUGU-WHI-43","1","110.00","https://res.cloudinary.com/dxqypizph/image/upload/v1775431023/products/126/1775431022689-646893249_122126154129027433_8931261843621463175_n.jpg","2"
"gucci","gucci","white","44","GUGU-WHI-44","1","110.00","https://res.cloudinary.com/dxqypizph/image/upload/v1775431023/products/126/1775431022689-646893249_122126154129027433_8931261843621463175_n.jpg","2"
"gucci","gucci","white","45","GUGU-WHI-45","2","110.00","https://res.cloudinary.com/dxqypizph/image/upload/v1775431023/products/126/1775431022689-646893249_122126154129027433_8931261843621463175_n.jpg","2"
"gucci","gucci green shoe","apricot","36","GUGUGR-APR-36","1","110.00","https://res.cloudinary.com/dxqypizph/image/upload/v1785707411/products/114/1785707411218-55.jpg","2"
"gucci","gucci green shoe","apricot","37","GUGUGR-APR-37","2","110.00","https://res.cloudinary.com/dxqypizph/image/upload/v1785707411/products/114/1785707411218-55.jpg","2"
"gucci","gucci green shoe","apricot","38","GUGUGR-APR-38","3","110.00","https://res.cloudinary.com/dxqypizph/image/upload/v1785707411/products/114/1785707411218-55.jpg","2"
"gucci","gucci green shoe","apricot","39","GUGUGR-APR-39","2","110.00","https://res.cloudinary.com/dxqypizph/image/upload/v1785707411/products/114/1785707411218-55.jpg","2"
"gucci","gucci green shoe","apricot","40","GUGUGR-APR-40","2","110.00","https://res.cloudinary.com/dxqypizph/image/upload/v1785707411/products/114/1785707411218-55.jpg","2"
"gucci","gucci green shoe","apricot","41","GUGUGR-APR-41","1","110.00","https://res.cloudinary.com/dxqypizph/image/upload/v1785707411/products/114/1785707411218-55.jpg","2"
"gucci","gucci green shoe","green","36","NIGUGR-GRE-36","2","80.00","https://res.cloudinary.com/dxqypizph/image/upload/v1775337501/products/114/1775337501421-648843666_122126276391027433_327148369963326511_n.jpg","2"
"gucci","gucci green shoe","green","37","NIGUGR-GRE-37","1","80.00","https://res.cloudinary.com/dxqypizph/image/upload/v1775337501/products/114/1775337501421-648843666_122126276391027433_327148369963326511_n.jpg","2"
"gucci","gucci green shoe","green","39","NIGUGR-GRE-39","2","79.99","https://res.cloudinary.com/dxqypizph/image/upload/v1775337501/products/114/1775337501421-648843666_122126276391027433_327148369963326511_n.jpg","2"
"gucci","gucci sendeles","Coffe","36","GUGUSE-COF-36","1","65.00","https://res.cloudinary.com/dxqypizph/image/upload/v1785835248/products/136/1785835247621-img_3523.jpg","2"
"gucci","gucci sendeles","Coffe","37","GUGUSE-COF-37","1","65.00","https://res.cloudinary.com/dxqypizph/image/upload/v1785835248/products/136/1785835247621-img_3523.jpg","2"
"gucci","gucci sendeles","Coffe","38","GUGUSE-COF-38","2","65.00","https://res.cloudinary.com/dxqypizph/image/upload/v1785835248/products/136/1785835247621-img_3523.jpg","2"
"gucci","gucci sendeles","Coffe","39","GUGUSE-COF-39","2","65.00","https://res.cloudinary.com/dxqypizph/image/upload/v1785835248/products/136/1785835247621-img_3523.jpg","2"
"gucci","gucci sendeles","Coffe","40","GUGUSE-COF-40","1","65.00","https://res.cloudinary.com/dxqypizph/image/upload/v1785835248/products/136/1785835247621-img_3523.jpg","2"
"gucci","gucci sendeles","Coffe","41","GUGUSE-COF-41","2","65.00","https://res.cloudinary.com/dxqypizph/image/upload/v1785835248/products/136/1785835247621-img_3523.jpg","2"
"gucci","gucci sendeles","Kafe","36","GUGUSE-KAF-36","1","70.00","https://res.cloudinary.com/dxqypizph/image/upload/v1785836070/products/136/1785836070267-img_3528.jpg","2"
"gucci","gucci sendeles","Kafe","37","GUGUSE-KAF-37","1","70.00","https://res.cloudinary.com/dxqypizph/image/upload/v1785836070/products/136/1785836070267-img_3528.jpg","2"
"gucci","gucci sendeles","Kafe","38","GUGUSE-KAF-38","1","70.00","https://res.cloudinary.com/dxqypizph/image/upload/v1785836070/products/136/1785836070267-img_3528.jpg","2"
"gucci","gucci sendeles","Kafe","39","GUGUSE-KAF-39","1","70.00","https://res.cloudinary.com/dxqypizph/image/upload/v1785836070/products/136/1785836070267-img_3528.jpg","2"
"gucci","gucci sendeles","Kafe","40","GUGUSE-KAF-40","2","70.00","https://res.cloudinary.com/dxqypizph/image/upload/v1785836070/products/136/1785836070267-img_3528.jpg","2"
"gucci","gucci sendeles","Kafe","41","GUGUSE-KAF-41","1","70.00","https://res.cloudinary.com/dxqypizph/image/upload/v1785836070/products/136/1785836070267-img_3528.jpg","2"
"gucci","gucci sendeles","Kaft","36","GUGUSE-KAF-36-2","1","70.00","https://res.cloudinary.com/dxqypizph/image/upload/v1785836183/products/136/1785836182925-img_3529.jpg","2"
"gucci","gucci sendeles","Kaft","37","GUGUSE-KAF-37-2","1","70.00","https://res.cloudinary.com/dxqypizph/image/upload/v1785836183/products/136/1785836182925-img_3529.jpg","2"
"gucci","gucci sendeles","Kaft","38","GUGUSE-KAF-38-2","1","70.00","https://res.cloudinary.com/dxqypizph/image/upload/v1785836183/products/136/1785836182925-img_3529.jpg","2"
"gucci","gucci sendeles","Kaft","39","GUGUSE-KAF-39-2","1","70.00","https://res.cloudinary.com/dxqypizph/image/upload/v1785836183/products/136/1785836182925-img_3529.jpg","2"
"gucci","gucci sendeles","Kaft","41","GUGUSE-KAF-41-2","1","70.00","https://res.cloudinary.com/dxqypizph/image/upload/v1785836183/products/136/1785836182925-img_3529.jpg","2"
"gucci","gucci sendeles","apricot","36","GUGUSE-APR-36","2","70.00","https://res.cloudinary.com/dxqypizph/image/upload/v1775499086/products/136/1775499086062-api.jpg","2"
"gucci","gucci sendeles","apricot","37","GUGUSE-APR-37","2","70.00","https://res.cloudinary.com/dxqypizph/image/upload/v1775499585/products/136/1775499584527-api.jpg","2"
"gucci","gucci sendeles","apricot","38","GUGUSE-APR-38","4","70.00","https://res.cloudinary.com/dxqypizph/image/upload/v1775499086/products/136/1775499086062-api.jpg","2"
"gucci","gucci sendeles","apricot","39","GUGUSE-APR-39","2","70.00","https://res.cloudinary.com/dxqypizph/image/upload/v1775499086/products/136/1775499086062-api.jpg","2"
"gucci","gucci sendeles","apricot","40","GUGUSE-APR-40-2","1","70.00","https://res.cloudinary.com/dxqypizph/image/upload/v1775499086/products/136/1775499086062-api.jpg","2"
"gucci","gucci sendeles","apricot red","36","GUGUSE-APRE-36","1","70.00","https://res.cloudinary.com/dxqypizph/image/upload/v1775499437/products/136/1775499437445-images-13.jpg","2"
"gucci","gucci sendeles","apricot red","37","GUGUSE-APRE-37","1","70.00","https://res.cloudinary.com/dxqypizph/image/upload/v1775499437/products/136/1775499437445-images-13.jpg","2"
"gucci","gucci sendeles","apricot red","38","GUGUSE-APRE-38","1","70.00","https://res.cloudinary.com/dxqypizph/image/upload/v1775499437/products/136/1775499437445-images-13.jpg","2"
"gucci","gucci sendeles","apricot red","39","GUGUSE-APRE-39","1","70.00","https://res.cloudinary.com/dxqypizph/image/upload/v1775499437/products/136/1775499437445-images-13.jpg","2"
"gucci","gucci sendeles","apricot red","40","GUGUSE-APRE-40","1","70.00","https://res.cloudinary.com/dxqypizph/image/upload/v1775499437/products/136/1775499437445-images-13.jpg","2"
"gucci","gucci sendeles","black shine","36","GUGUSE-BLSH-36","1","70.00","https://res.cloudinary.com/dxqypizph/image/upload/v1775498762/products/136/1775498761872-w.jpg","2"
"gucci","gucci sendeles","black shine","37","GUGUSE-BLSH-37","2","70.00","https://res.cloudinary.com/dxqypizph/image/upload/v1775498762/products/136/1775498761872-w.jpg","2"
"gucci","gucci sendeles","black shine","38","GUGUSE-BLSH-38","2","70.00","https://res.cloudinary.com/dxqypizph/image/upload/v1775498762/products/136/1775498761872-w.jpg","2"
"gucci","gucci sendeles","black shine","39","GUGUSE-BLSH-39","2","70.00","https://res.cloudinary.com/dxqypizph/image/upload/v1775498762/products/136/1775498761872-w.jpg","2"
"gucci","gucci sendeles","black shine","40","GUGUSE-BLSH-40","2","70.00","https://res.cloudinary.com/dxqypizph/image/upload/v1775498762/products/136/1775498761872-w.jpg","2"
"gucci","gucci sendeles","blak","36","GUGUSE-BLA-36","2","65.00","https://res.cloudinary.com/dxqypizph/image/upload/v1785836548/products/136/1785836547990-download.jpg","2"
"gucci","gucci sendeles","blak","37","GUGUSE-BLA-37","1","65.00","https://res.cloudinary.com/dxqypizph/image/upload/v1785836548/products/136/1785836547990-download.jpg","2"
"gucci","gucci sendeles","blak","38","GUGUSE-BLA-38","2","65.00","https://res.cloudinary.com/dxqypizph/image/upload/v1785836548/products/136/1785836547990-download.jpg","2"
"gucci","gucci sendeles","blak","39","GUGUSE-BLA-39","2","65.00","https://res.cloudinary.com/dxqypizph/image/upload/v1785836548/products/136/1785836547990-download.jpg","2"
"gucci","gucci sendeles","blak","40","GUGUSE-BLA-40","2","65.00","https://res.cloudinary.com/dxqypizph/image/upload/v1785836548/products/136/1785836547990-download.jpg","2"
"gucci","gucci sendeles","blue","36","GUGUSE-BLU-36","1","70.00","https://res.cloudinary.com/dxqypizph/image/upload/v1775500331/products/136/1775500331051-gg.webp","2"
"gucci","gucci sendeles","blue","37","GUGUSE-BLU-37","1","70.00","https://res.cloudinary.com/dxqypizph/image/upload/v1775500331/products/136/1775500331051-gg.webp","2"
"gucci","gucci sendeles","blue","38","GUGUSE-BLU-38","2","70.00","https://res.cloudinary.com/dxqypizph/image/upload/v1775500331/products/136/1775500331051-gg.webp","2"
"gucci","gucci sendeles","blue","39","GUGUSE-BLU-39","1","70.00","https://res.cloudinary.com/dxqypizph/image/upload/v1775500331/products/136/1775500331051-gg.webp","2"
"gucci","gucci sendeles","blue","40","GUGUSE-BLU-40","2","70.00","https://res.cloudinary.com/dxqypizph/image/upload/v1775500331/products/136/1775500331051-gg.webp","2"
"gucci","gucci sendeles","cowboy black","36","GUGUSE-COBL-36","2","70.00","https://res.cloudinary.com/dxqypizph/image/upload/v1775498912/products/136/1775498911829-t.jpg","2"
"gucci","gucci sendeles","cowboy black","37","GUGUSE-COBL-37","1","70.00","https://res.cloudinary.com/dxqypizph/image/upload/v1775498912/products/136/1775498911829-t.jpg","2"
"gucci","gucci sendeles","cowboy black","38","GUGUSE-COBL-38","2","70.00","https://res.cloudinary.com/dxqypizph/image/upload/v1775498912/products/136/1775498911829-t.jpg","2"
"gucci","gucci sendeles","cowboy black","39","GUGUSE-COBL-39","2","70.00","https://res.cloudinary.com/dxqypizph/image/upload/v1775498912/products/136/1775498911829-t.jpg","2"
"gucci","gucci sendeles","cowboy black","40","GUGUSE-COBL-40","1","70.00","https://res.cloudinary.com/dxqypizph/image/upload/v1775498912/products/136/1775498911829-t.jpg","2"
"gucci","gucci sendeles","cowboy blue","36","GUGUSE-COBL-36-3","2","70.00","https://res.cloudinary.com/dxqypizph/image/upload/v1775499029/products/136/1775499028635-s-l400.jpg","2"
"gucci","gucci sendeles","cowboy blue","37","GUGUSE-COBL-37-2","4","70.00","https://res.cloudinary.com/dxqypizph/image/upload/v1775499029/products/136/1775499028635-s-l400.jpg","2"
"gucci","gucci sendeles","cowboy blue","38","GUGUSE-COBL-38-2","4","70.00","https://res.cloudinary.com/dxqypizph/image/upload/v1775499029/products/136/1775499028635-s-l400.jpg","2"
"gucci","gucci sendeles","cowboy blue","39","GUGUSE-COBL-39-2","4","70.00","https://res.cloudinary.com/dxqypizph/image/upload/v1775499029/products/136/1775499028635-s-l400.jpg","2"
"gucci","gucci sendeles","cowboy blue","40","GUGUSE-COBL-40-3","4","70.00","https://res.cloudinary.com/dxqypizph/image/upload/v1775499029/products/136/1775499028635-s-l400.jpg","2"
"gucci","gucci sendeles","e bardh","36","GUGUSE-EBA-36","2","65.00","https://res.cloudinary.com/dxqypizph/image/upload/v1785836659/products/136/1785836659045-download-1.jpg","2"
"gucci","gucci sendeles","e bardh","37","GUGUSE-EBA-37","2","65.00","https://res.cloudinary.com/dxqypizph/image/upload/v1785836659/products/136/1785836659045-download-1.jpg","2"
"gucci","gucci sendeles","e bardh","38","GUGUSE-EBA-38","2","65.00","https://res.cloudinary.com/dxqypizph/image/upload/v1785836659/products/136/1785836659045-download-1.jpg","2"
"gucci","gucci sendeles","e bardh","39","GUGUSE-EBA-39","2","65.00","https://res.cloudinary.com/dxqypizph/image/upload/v1785836659/products/136/1785836659045-download-1.jpg","2"
"gucci","gucci sendeles","e bardh","40","GUGUSE-EBA-40","2","65.00","https://res.cloudinary.com/dxqypizph/image/upload/v1785836659/products/136/1785836659045-download-1.jpg","2"
"gucci","gucci sendeles","green","36","GUGUSE-GRE-36","1","70.00","https://res.cloudinary.com/dxqypizph/image/upload/v1775499187/products/136/1775499187264-gre.jpg","2"
"gucci","gucci sendeles","green","37","GUGUSE-GRE-37","2","70.00","https://res.cloudinary.com/dxqypizph/image/upload/v1775499187/products/136/1775499187264-gre.jpg","2"
"gucci","gucci sendeles","green","38","GUGUSE-GRE-38","1","70.00","https://res.cloudinary.com/dxqypizph/image/upload/v1775499187/products/136/1775499187264-gre.jpg","2"
"gucci","gucci sendeles","green","39","GUGUSE-GRE-39","1","70.00","https://res.cloudinary.com/dxqypizph/image/upload/v1775499187/products/136/1775499187264-gre.jpg","2"
"gucci","gucci sendeles","green","40","GUGUSE-GRE-40","1","70.00","https://res.cloudinary.com/dxqypizph/image/upload/v1775499187/products/136/1775499187264-gre.jpg","2"
"gucci","gucci sendeles","khaki","37","GUGUSE-KHA-37","1","70.00","https://res.cloudinary.com/dxqypizph/image/upload/v1775498835/products/136/1775498834268-q.jpg","2"
"gucci","gucci sendeles","khaki","38","GUGUSE-KHA-38","2","70.00","https://res.cloudinary.com/dxqypizph/image/upload/v1775498835/products/136/1775498834268-q.jpg","2"
"gucci","gucci sendeles","khaki","39","GUGUSE-KHA-39","1","70.00","https://res.cloudinary.com/dxqypizph/image/upload/v1775498835/products/136/1775498834268-q.jpg","2"
"gucci","gucci sendeles","perpule","36","GUGUSE-PER-36","3","70.00","https://res.cloudinary.com/dxqypizph/image/upload/v1775500657/products/136/1775500656773-images-15.jpg","2"
"gucci","gucci sendeles","perpule","37","GUGUSE-PER-37","1","70.00","https://res.cloudinary.com/dxqypizph/image/upload/v1775500657/products/136/1775500656773-images-15.jpg","2"
"gucci","gucci sendeles","perpule","38","GUGUSE-PER-38","2","70.00","https://res.cloudinary.com/dxqypizph/image/upload/v1775500657/products/136/1775500656773-images-15.jpg","2"
"gucci","gucci sendeles","perpule","39","GUGUSE-PER-39","2","70.00","https://res.cloudinary.com/dxqypizph/image/upload/v1775500657/products/136/1775500656773-images-15.jpg","2"
"gucci","gucci sendeles","perpule","40","GUGUSE-PER-40","2","70.00","https://res.cloudinary.com/dxqypizph/image/upload/v1775500657/products/136/1775500656773-images-15.jpg","2"
"gucci","gucci sendeles","pink","36","GUGUSE-PIN-36-2","1","70.00","https://res.cloudinary.com/dxqypizph/image/upload/v1775499256/products/136/1775499256278-pink.jpg","2"
"gucci","gucci sendeles","pink","37","GUGUSE-PIN-37","3","70.00","https://res.cloudinary.com/dxqypizph/image/upload/v1775499256/products/136/1775499256278-pink.jpg","2"
"gucci","gucci sendeles","pink","38","GUGUSE-PIN-38","2","70.00","https://res.cloudinary.com/dxqypizph/image/upload/v1775499256/products/136/1775499256278-pink.jpg","2"
"gucci","gucci sendeles","pink","39","GUGUSE-PIN-39","2","70.00","https://res.cloudinary.com/dxqypizph/image/upload/v1775499256/products/136/1775499256278-pink.jpg","2"
"gucci","gucci sendeles","pink","40","GUGUSE-PIN-40-2","1","70.00","https://res.cloudinary.com/dxqypizph/image/upload/v1775499256/products/136/1775499256278-pink.jpg","2"
"gucci","gucci sendeles","pink green","36","GUGUSE-PIGR-36","1","70.00","https://res.cloudinary.com/dxqypizph/image/upload/v1775499707/products/136/1775499706645-images-14.jpg","2"
"gucci","gucci sendeles","pink green","37","GUGUSE-PIGR-37","2","70.00","https://res.cloudinary.com/dxqypizph/image/upload/v1775499707/products/136/1775499706645-images-14.jpg","2"
"gucci","gucci sendeles","pink green","38","GUGUSE-PIGR-38","1","70.00","https://res.cloudinary.com/dxqypizph/image/upload/v1775499707/products/136/1775499706645-images-14.jpg","2"
"gucci","gucci sendeles","pink green","39","GUGUSE-PIGR-39","2","70.00","https://res.cloudinary.com/dxqypizph/image/upload/v1775499707/products/136/1775499706645-images-14.jpg","2"
"gucci","gucci sendeles","pink green","40","GUGUSE-PIGR-40","1","70.00","https://res.cloudinary.com/dxqypizph/image/upload/v1775499707/products/136/1775499706645-images-14.jpg","2"
"hermes sandale","hermes sandale","AllBalck","36","HESAHE-ALL-36","3","70.00","https://res.cloudinary.com/dxqypizph/image/upload/v1777991902/products/120/1777991901492-img_3501.webp","2"
"hermes sandale","hermes sandale","AllBalck","37","HESAHE-ALL-37","2","70.00","https://res.cloudinary.com/dxqypizph/image/upload/v1777991902/products/120/1777991901492-img_3501.webp","2"
"hermes sandale","hermes sandale","AllBalck","38","HESAHE-ALL-38","3","70.00","https://res.cloudinary.com/dxqypizph/image/upload/v1777991902/products/120/1777991901492-img_3501.webp","2"
"hermes sandale","hermes sandale","AllBalck","40","HESAHE-ALL-40","2","70.00","https://res.cloudinary.com/dxqypizph/image/upload/v1777991902/products/120/1777991901492-img_3501.webp","2"
"hermes sandale","hermes sandale","AllBalck","41","HESAHE-ALL-41","3","70.00","https://res.cloudinary.com/dxqypizph/image/upload/v1777991902/products/120/1777991901492-img_3501.webp","2"
"hermes sandale","hermes sandale","AllBalck","42","HESAHE-ALL-42","2","70.00","https://res.cloudinary.com/dxqypizph/image/upload/v1777991902/products/120/1777991901492-img_3501.webp","2"
"hermes sandale","hermes sandale","AllBalck","43","HESAHE-ALL-43","2","70.00","https://res.cloudinary.com/dxqypizph/image/upload/v1777991902/products/120/1777991901492-img_3501.webp","2"
"hermes sandale","hermes sandale","AllBalck","44","HESAHE-ALL-44","1","70.00","https://res.cloudinary.com/dxqypizph/image/upload/v1777991902/products/120/1777991901492-img_3501.webp","2"
"hermes sandale","hermes sandale","Apricot","36","HESAHE-APR-36","4","60.00","https://res.cloudinary.com/dxqypizph/image/upload/v1777987207/products/120/1777987207091-img_2542.jpg","2"
"hermes sandale","hermes sandale","Apricot","37","HESAHE-APR-37","2","60.00","https://res.cloudinary.com/dxqypizph/image/upload/v1777987207/products/120/1777987207091-img_2542.jpg","2"
"hermes sandale","hermes sandale","Apricot","38","HESAHE-APR-38","3","60.00","https://res.cloudinary.com/dxqypizph/image/upload/v1777987207/products/120/1777987207091-img_2542.jpg","2"
"hermes sandale","hermes sandale","BABY PINK","36","HESAHE-BAPI-36","3","65.00","https://res.cloudinary.com/dxqypizph/image/upload/v1775487016/products/120/1775487016307-download-28.jpg","2"
"hermes sandale","hermes sandale","BABY PINK","37","HESAHE-BAPI-37","4","65.00","https://res.cloudinary.com/dxqypizph/image/upload/v1775487016/products/120/1775487016307-download-28.jpg","2"
"hermes sandale","hermes sandale","BABY PINK","38","HESAHE-BAPI-38","1","65.00","https://res.cloudinary.com/dxqypizph/image/upload/v1775487016/products/120/1775487016307-download-28.jpg","2"
"hermes sandale","hermes sandale","BABY PINK","40","HESAHE-BAPI-40","1","65.00","https://res.cloudinary.com/dxqypizph/image/upload/v1775487016/products/120/1775487016307-download-28.jpg","2"
"hermes sandale","hermes sandale","BROWN HOT PINK","36","HESAHE-BRHO-36","3","65.00","https://res.cloudinary.com/dxqypizph/image/upload/v1775486834/products/120/1775486833531-647139259_122126140233027433_5217497237508552598_n.jpg","2"
"hermes sandale","hermes sandale","BROWN HOT PINK","37","HESAHE-BRHO-37","4","65.00","https://res.cloudinary.com/dxqypizph/image/upload/v1775486834/products/120/1775486833531-647139259_122126140233027433_5217497237508552598_n.jpg","2"
"hermes sandale","hermes sandale","BROWN HOT PINK","38","HESAHE-BRHO-38","3","65.00","https://res.cloudinary.com/dxqypizph/image/upload/v1775486834/products/120/1775486833531-647139259_122126140233027433_5217497237508552598_n.jpg","2"
"hermes sandale","hermes sandale","BROWN HOT PINK","39","HESAHE-BRHO-39","1","65.00","https://res.cloudinary.com/dxqypizph/image/upload/v1775486834/products/120/1775486833531-647139259_122126140233027433_5217497237508552598_n.jpg","2"
"hermes sandale","hermes sandale","Brown croco","37","HESAHE-BRCR-37","1","60.00","https://res.cloudinary.com/dxqypizph/image/upload/v1777987514/products/120/1777987513797-img_3496.jpg","2"
"hermes sandale","hermes sandale","Brown croco","38","HESAHE-BRCR-38","3","60.00","https://res.cloudinary.com/dxqypizph/image/upload/v1777987514/products/120/1777987513797-img_3496.jpg","2"
"hermes sandale","hermes sandale","Brown croco","39","HESAHE-BRCR-39","3","60.00","https://res.cloudinary.com/dxqypizph/image/upload/v1777987514/products/120/1777987513797-img_3496.jpg","2"
"hermes sandale","hermes sandale","EBalckwhite","37","HESAHE-EBA-37","1","60.00","https://res.cloudinary.com/dxqypizph/image/upload/v1777990643/products/120/1777990643096-img_3498.jpg","2"
"hermes sandale","hermes sandale","EBalckwhite","39","HESAHE-EBA-39","1","60.00","https://res.cloudinary.com/dxqypizph/image/upload/v1777990643/products/120/1777990643096-img_3498.jpg","2"
"hermes sandale","hermes sandale","Pink green","36","HESAHE-PIGR-36","2","70.00","https://res.cloudinary.com/dxqypizph/image/upload/v1785841272/products/120/1785841271815-img_3533.jpg","2"
"hermes sandale","hermes sandale","Pink green","37","HESAHE-PIGR-37","1","70.00","https://res.cloudinary.com/dxqypizph/image/upload/v1785841272/products/120/1785841271815-img_3533.jpg","2"
"hermes sandale","hermes sandale","Pink green","38","HESAHE-PIGR-38","1","70.00","https://res.cloudinary.com/dxqypizph/image/upload/v1785841272/products/120/1785841271815-img_3533.jpg","2"
"hermes sandale","hermes sandale","Pink green","39","HESAHE-PIGR-39","1","70.00","https://res.cloudinary.com/dxqypizph/image/upload/v1785841272/products/120/1785841271815-img_3533.jpg","2"
"hermes sandale","hermes sandale","Pink green","40","HESAHE-PIGR-40","1","70.00","https://res.cloudinary.com/dxqypizph/image/upload/v1785841272/products/120/1785841271815-img_3533.jpg","2"
"hermes sandale","hermes sandale","Pink green","41","HESAHE-PIGR-41","1","70.00","https://res.cloudinary.com/dxqypizph/image/upload/v1785841272/products/120/1785841271815-img_3533.jpg","2"
"hermes sandale","hermes sandale","beby blue","36","HESAHE-BEBL-36","2","50.00","https://res.cloudinary.com/dxqypizph/image/upload/v1775343692/products/120/1775343692180-images-3.jpg","2"
"hermes sandale","hermes sandale","beby blue","38","HESAHE-BEBL-38","1","50.00","https://res.cloudinary.com/dxqypizph/image/upload/v1775343692/products/120/1775343692180-images-3.jpg","2"
"hermes sandale","hermes sandale","beby blue","39","HESAHE-BEBL-39","1","50.00","https://res.cloudinary.com/dxqypizph/image/upload/v1775343692/products/120/1775343692180-images-3.jpg","2"
"hermes sandale","hermes sandale","beby blue","40","HESAHE-BEBL-40","1","50.00","https://res.cloudinary.com/dxqypizph/image/upload/v1775343692/products/120/1775343692180-images-3.jpg","2"
"hermes sandale","hermes sandale","black blue","36","HESAHE-BLBL-36","2","70.00","https://res.cloudinary.com/dxqypizph/image/upload/v1775492865/products/120/1775492864933-11.jpg","2"
"hermes sandale","hermes sandale","black blue","37","HESAHE-BLBL-37","3","70.00","https://res.cloudinary.com/dxqypizph/image/upload/v1775492865/products/120/1775492864933-11.jpg","2"
"hermes sandale","hermes sandale","black blue","38","HESAHE-BLBL-38","3","70.00","https://res.cloudinary.com/dxqypizph/image/upload/v1775492865/products/120/1775492864933-11.jpg","2"
"hermes sandale","hermes sandale","black blue","39","HESAHE-BLBL-39","3","70.00","https://res.cloudinary.com/dxqypizph/image/upload/v1775492865/products/120/1775492864933-11.jpg","2"
"hermes sandale","hermes sandale","black cream","36","HESAHE-BLCR-36-2","2","70.00","https://res.cloudinary.com/dxqypizph/image/upload/v1775493342/products/120/1775493342056-arben.webp","2"
"hermes sandale","hermes sandale","black cream","37","HESAHE-BLCR-37","1","70.00","https://res.cloudinary.com/dxqypizph/image/upload/v1775493342/products/120/1775493342056-arben.webp","2"
"hermes sandale","hermes sandale","black cream","38","HESAHE-BLCR-38-2","2","70.00","https://res.cloudinary.com/dxqypizph/image/upload/v1775493342/products/120/1775493342056-arben.webp","2"
"hermes sandale","hermes sandale","black cream","39","HESAHE-BLCR-39-2","1","70.00","https://res.cloudinary.com/dxqypizph/image/upload/v1775493342/products/120/1775493342056-arben.webp","2"
"hermes sandale","hermes sandale","black croco","36","HESAHE-BLCR-36","1","50.00","https://res.cloudinary.com/dxqypizph/image/upload/v1775345424/products/120/1775345424380-hermes-oran-black-alligator-flat-slides.webp","2"
"hermes sandale","hermes sandale","black croco","37","HESAHE-BLCR-37-2","2","50.00","https://res.cloudinary.com/dxqypizph/image/upload/v1775345424/products/120/1775345424380-hermes-oran-black-alligator-flat-slides.webp","2"
"hermes sandale","hermes sandale","black glosy","36","HESAHE-BLGL-36","1","50.00","https://res.cloudinary.com/dxqypizph/image/upload/v1775344549/products/120/1775344548555-img_9283-2_1.jpg","2"
"hermes sandale","hermes sandale","black glosy","37","HESAHE-BLGL-37","3","50.00","https://res.cloudinary.com/dxqypizph/image/upload/v1775344549/products/120/1775344548555-img_9283-2_1.jpg","2"
"hermes sandale","hermes sandale","black glosy","40","HESAHE-BLGL-40","1","50.00","https://res.cloudinary.com/dxqypizph/image/upload/v1775344549/products/120/1775344548555-img_9283-2_1.jpg","2"
"hermes sandale","hermes sandale","black gray cream","36","HESAHE-BLGR-36","2","70.00","https://res.cloudinary.com/dxqypizph/image/upload/v1775492767/products/120/1775492767046-22.jpg","2"
"hermes sandale","hermes sandale","black gray cream","37","HESAHE-BLGR-37","1","70.00","https://res.cloudinary.com/dxqypizph/image/upload/v1775492767/products/120/1775492767046-22.jpg","2"
"hermes sandale","hermes sandale","black gray cream","38","HESAHE-BLGR-38-2","2","70.00","https://res.cloudinary.com/dxqypizph/image/upload/v1775492767/products/120/1775492767046-22.jpg","2"
"hermes sandale","hermes sandale","black gray cream","39","HESAHE-BLGR-39-2","2","70.00","https://res.cloudinary.com/dxqypizph/image/upload/v1775492767/products/120/1775492767046-22.jpg","2"
"hermes sandale","hermes sandale","black gray cream","40","HESAHE-BLGR-40","2","70.00","https://res.cloudinary.com/dxqypizph/image/upload/v1775492767/products/120/1775492767046-22.jpg","2"
"hermes sandale","hermes sandale","black gray cream","41","HESAHE-BLGR-41","1","70.00","https://res.cloudinary.com/dxqypizph/image/upload/v1775492767/products/120/1775492767046-22.jpg","2"
"hermes sandale","hermes sandale","black pink","39","HESAHE-BLPI-39","1","70.00","https://res.cloudinary.com/dxqypizph/image/upload/v1775492053/products/120/1775492053205-k.webp","2"
"hermes sandale","hermes sandale","black white","36","HESAHE-BLWH-36","2","70.00","https://res.cloudinary.com/dxqypizph/image/upload/v1775491909/products/120/1775491908214-h.webp","2"
"hermes sandale","hermes sandale","black white","37","HESAHE-BLWH-37","3","70.00","https://res.cloudinary.com/dxqypizph/image/upload/v1775491909/products/120/1775491908214-h.webp","2"
"hermes sandale","hermes sandale","black white","40","HESAHE-BLWH-40","2","70.00","https://res.cloudinary.com/dxqypizph/image/upload/v1775491909/products/120/1775491908214-h.webp","2"
"hermes sandale","hermes sandale","black white","41","HESAHE-BLWH-41","1","70.00","https://res.cloudinary.com/dxqypizph/image/upload/v1775491909/products/120/1775491908214-h.webp","2"
"hermes sandale","hermes sandale","brown","36","HESAHE-BRO-36","1","50.00","https://res.cloudinary.com/dxqypizph/image/upload/v1775345345/products/120/1775345344791-whatsappimage2024-11-03at06.55-photoroom_0b9cc0bc-8cd1-4825-9cd2-34e3c9f2d063.webp","2"
"hermes sandale","hermes sandale","brown","37","HESAHE-BRO-37","2","50.00","https://res.cloudinary.com/dxqypizph/image/upload/v1775345345/products/120/1775345344791-whatsappimage2024-11-03at06.55-photoroom_0b9cc0bc-8cd1-4825-9cd2-34e3c9f2d063.webp","2"
"hermes sandale","hermes sandale","brown white","37","HESAHE-BRWH-37","1","70.00","https://res.cloudinary.com/dxqypizph/image/upload/v1775493621/products/120/1775493621177-er.jpg","2"
"hermes sandale","hermes sandale","brown white","38","HESAHE-BRWH-38","1","70.00","https://res.cloudinary.com/dxqypizph/image/upload/v1775493621/products/120/1775493621177-er.jpg","2"
"hermes sandale","hermes sandale","brown white","39","HESAHE-BRWH-39","1","70.00","https://res.cloudinary.com/dxqypizph/image/upload/v1775493621/products/120/1775493621177-er.jpg","2"
"hermes sandale","hermes sandale","grey","36","HESAHE-GRE-36","1","50.00","https://res.cloudinary.com/dxqypizph/image/upload/v1775343618/products/120/1775343618101-grey-leather-oran-hermes-sandals-35420002-1_5.webp","2"
"hermes sandale","hermes sandale","grey","37","HESAHE-GRE-37","1","50.00","https://res.cloudinary.com/dxqypizph/image/upload/v1775343618/products/120/1775343618101-grey-leather-oran-hermes-sandals-35420002-1_5.webp","2"
"hermes sandale","hermes sandale","grey","38","HESAHE-GRE-38","1","50.00","https://res.cloudinary.com/dxqypizph/image/upload/v1775343618/products/120/1775343618101-grey-leather-oran-hermes-sandals-35420002-1_5.webp","2"
"hermes sandale","hermes sandale","grey","39","HESAHE-GRE-39","3","50.00","https://res.cloudinary.com/dxqypizph/image/upload/v1775343618/products/120/1775343618101-grey-leather-oran-hermes-sandals-35420002-1_5.webp","2"
"hermes sandale","hermes sandale","grey","40","HESAHE-GRE-40","1","50.00","https://res.cloudinary.com/dxqypizph/image/upload/v1775343618/products/120/1775343618101-grey-leather-oran-hermes-sandals-35420002-1_5.webp","2"
"hermes sandale","hermes sandale","kaft","36","HESAHE-KAF-36","3","70.00","https://res.cloudinary.com/dxqypizph/image/upload/v1775494259/products/120/1775494258517-555.jpg","2"
"hermes sandale","hermes sandale","kaft","37","HESAHE-KAF-37","1","70.00","https://res.cloudinary.com/dxqypizph/image/upload/v1775494259/products/120/1775494258517-555.jpg","2"
"hermes sandale","hermes sandale","kaft","39","HESAHE-KAF-39","2","70.00","https://res.cloudinary.com/dxqypizph/image/upload/v1775494259/products/120/1775494258517-555.jpg","2"
"hermes sandale","hermes sandale","light taupe croko","36","HESAHE-LITA-36","2","50.00","https://res.cloudinary.com/dxqypizph/image/upload/v1775344357/products/120/1775344356628-beige-alligator-oran-hermes-sandals-43212949-1_2.webp","2"
"hermes sandale","hermes sandale","light taupe croko","38","HESAHE-LITA-38","2","50.00","https://res.cloudinary.com/dxqypizph/image/upload/v1775344357/products/120/1775344356628-beige-alligator-oran-hermes-sandals-43212949-1_2.webp","2"
"hermes sandale","hermes sandale","light taupe croko","39","HESAHE-LITA-39","1","50.00","https://res.cloudinary.com/dxqypizph/image/upload/v1775344357/products/120/1775344356628-beige-alligator-oran-hermes-sandals-43212949-1_2.webp","2"
"hermes sandale","hermes sandale","light taupe croko","40","HESAHE-LITA-40","1","50.00","https://res.cloudinary.com/dxqypizph/image/upload/v1775344357/products/120/1775344356628-beige-alligator-oran-hermes-sandals-43212949-1_2.webp","2"
"hermes sandale","hermes sandale","orange","36","HESAHE-ORA-36","1","50.00","https://res.cloudinary.com/dxqypizph/image/upload/v1775345052/products/120/1775345051788-whatsapp-image-2024-11-11-at-2.13.46-pm-3.jpg","2"
"hermes sandale","hermes sandale","zez hint","36","HESAHE-ZEHI-36","2","70.00","https://res.cloudinary.com/dxqypizph/image/upload/v1775493085/products/120/1775493084906-kopa-gobana.jpg","2"
"hermes sandale","hermes sandale","zez hint","37","HESAHE-ZEHI-37","3","70.00","https://res.cloudinary.com/dxqypizph/image/upload/v1775493085/products/120/1775493084906-kopa-gobana.jpg","2"
"hermes sandale","hermes sandale","zez hint","38","HESAHE-ZEHI-38","3","70.00","https://res.cloudinary.com/dxqypizph/image/upload/v1775493085/products/120/1775493084906-kopa-gobana.jpg","2"
"hermes sandale","hermes sandale","zez hint","39","HESAHE-ZEHI-39","3","70.00","https://res.cloudinary.com/dxqypizph/image/upload/v1775493085/products/120/1775493084906-kopa-gobana.jpg","2"
"hermes sandale","hermes sandale","zez hint","40","HESAHE-ZEHI-40","1","70.00","https://res.cloudinary.com/dxqypizph/image/upload/v1775493085/products/120/1775493084906-kopa-gobana.jpg","2"
"hermes shoe","hermes shoes","BROWN","40","HESHHE-BRO-40","2","120.00","https://res.cloudinary.com/dxqypizph/image/upload/v1775437264/products/124/1775437263756-634388512_122124264537027433_7199994650306166658_n.jpg","2"
"hermes shoe","hermes shoes","BROWN","41","HESHHE-BRO-41","1","120.00","https://res.cloudinary.com/dxqypizph/image/upload/v1775437264/products/124/1775437263756-634388512_122124264537027433_7199994650306166658_n.jpg","2"
"hermes shoe","hermes shoes","BROWN","42","HESHHE-BRO-42","1","120.00","https://res.cloudinary.com/dxqypizph/image/upload/v1775437264/products/124/1775437263756-634388512_122124264537027433_7199994650306166658_n.jpg","2"
"hermes shoe","hermes shoes","BROWN","43","HESHHE-BRO-43","1","120.00","https://res.cloudinary.com/dxqypizph/image/upload/v1775437264/products/124/1775437263756-634388512_122124264537027433_7199994650306166658_n.jpg","2"
"hermes shoe","hermes shoes","BROWN","44","HESHHE-BRO-44","1","120.00","https://res.cloudinary.com/dxqypizph/image/upload/v1775437264/products/124/1775437263756-634388512_122124264537027433_7199994650306166658_n.jpg","2"
"hermes shoe","hermes shoes","BROWN","45","HESHHE-BRO-45","1","120.00","https://res.cloudinary.com/dxqypizph/image/upload/v1775437264/products/124/1775437263756-634388512_122124264537027433_7199994650306166658_n.jpg","2"
"hermes shoe","hermes shoes","E BARDH","40","HESHHE-EBA-40","2","120.00","https://res.cloudinary.com/dxqypizph/image/upload/v1775437174/products/124/1775437174309-636744263_122124273243027433_5291589119223108964_n.jpg","2"
"hermes shoe","hermes shoes","E BARDH","41","HESHHE-EBA-41","1","120.00","https://res.cloudinary.com/dxqypizph/image/upload/v1775437174/products/124/1775437174309-636744263_122124273243027433_5291589119223108964_n.jpg","2"
"hermes shoe","hermes shoes","E BARDH","42","HESHHE-EBA-42","1","120.00","https://res.cloudinary.com/dxqypizph/image/upload/v1775437174/products/124/1775437174309-636744263_122124273243027433_5291589119223108964_n.jpg","2"
"hermes shoe","hermes shoes","E BARDH","45","HESHHE-EBA-45","1","120.00","https://res.cloudinary.com/dxqypizph/image/upload/v1775437174/products/124/1775437174309-636744263_122124273243027433_5291589119223108964_n.jpg","2"
"hermes shoe","hermes shoes","WHITE HONEY","40","HESHHE-WHHO-40","1","80.00","https://res.cloudinary.com/dxqypizph/image/upload/v1775437009/products/124/1775437008279-628505847_122123656719027433_8076559915018718389_n.jpg","2"
"hermes shoe","hermes shoes","WHITE HONEY","42","HESHHE-WHHO-42","1","80.00","https://res.cloudinary.com/dxqypizph/image/upload/v1775437009/products/124/1775437008279-628505847_122123656719027433_8076559915018718389_n.jpg","2"
"hermes shoe","hermes shoes","all black","42","HESHHE-EZE-42","2","80.00","https://res.cloudinary.com/dxqypizph/image/upload/v1775438594/products/124/1775438594537-633021039_122123657145027433_6079311272471463418_n.jpg","2"
"hermes shoe","hermes shoes","all black","43","HESHHE-EZE-43","1","80.00","https://res.cloudinary.com/dxqypizph/image/upload/v1775438594/products/124/1775438594537-633021039_122123657145027433_6079311272471463418_n.jpg","2"
"hermes shoe","hermes shoes","all black","44","HESHHE-EZE-44","1","80.00","https://res.cloudinary.com/dxqypizph/image/upload/v1775438594/products/124/1775438594537-633021039_122123657145027433_6079311272471463418_n.jpg","2"
"jimmy choo","shtikell","e zez","37","JICHSH-EZE-37","1","70.00","https://res.cloudinary.com/dxqypizph/image/upload/v1785837025/products/148/1785837024682-download-2.jpg","2"
"jimmy choo","shtikell","e zez","38","JICHSH-EZE-38","1","70.00","https://res.cloudinary.com/dxqypizph/image/upload/v1785837025/products/148/1785837024682-download-2.jpg","2"
"jimmy choo","shtikell","e zez","39","JICHSH-EZE-39","1","70.00","https://res.cloudinary.com/dxqypizph/image/upload/v1785837025/products/148/1785837024682-download-2.jpg","2"
"jimmy choo","shtikell","e zez","40","JICHSH-EZE-40","1","70.00","https://res.cloudinary.com/dxqypizph/image/upload/v1785837025/products/148/1785837024682-download-2.jpg","2"
"jimmy choo","shtikell","e zez","41","JICHSH-EZE-41","1","70.00","https://res.cloudinary.com/dxqypizph/image/upload/v1785837025/products/148/1785837024682-download-2.jpg","2"
"loro piano","walk","black","40","LOPIWA-BLA-40","1","70.00","https://res.cloudinary.com/dxqypizph/image/upload/v1785838241/products/150/1785838241691-download-3.jpg","2"
"loro piano","walk","black","41","LOPIWA-BLA-41","1","70.00","https://res.cloudinary.com/dxqypizph/image/upload/v1785838241/products/150/1785838241691-download-3.jpg","2"
"loro piano","walk","black","42","LOPIWA-BLA-42","2","70.00","https://res.cloudinary.com/dxqypizph/image/upload/v1785838241/products/150/1785838241691-download-3.jpg","2"
"loro piano","walk","black","43","LOPIWA-BLA-43","2","70.00","https://res.cloudinary.com/dxqypizph/image/upload/v1785838241/products/150/1785838241691-download-3.jpg","2"
"loro piano","walk","black","44","LOPIWA-BLA-44","2","70.00","https://res.cloudinary.com/dxqypizph/image/upload/v1785838241/products/150/1785838241691-download-3.jpg","2"
"loro piano","walk","black","45","LOPIWA-BLA-45","1","70.00","https://res.cloudinary.com/dxqypizph/image/upload/v1785838241/products/150/1785838241691-download-3.jpg","2"
"loro piano","walk","black","46","LOPIWA-BLA-46","2","70.00","https://res.cloudinary.com/dxqypizph/image/upload/v1785838241/products/150/1785838241691-download-3.jpg","2"
"loro piano","walk","blue","40","LOPIWA-BLU-40","1","70.00","https://res.cloudinary.com/dxqypizph/image/upload/v1785838190/products/150/1785838190672-download-4.jpg","2"
"loro piano","walk","blue","41","LOPIWA-BLU-41","2","70.00","https://res.cloudinary.com/dxqypizph/image/upload/v1785838190/products/150/1785838190672-download-4.jpg","2"
"loro piano","walk","blue","42","LOPIWA-BLU-42","2","70.00","https://res.cloudinary.com/dxqypizph/image/upload/v1785838190/products/150/1785838190672-download-4.jpg","2"
"loro piano","walk","blue","43","LOPIWA-BLU-43","2","70.00","https://res.cloudinary.com/dxqypizph/image/upload/v1785838190/products/150/1785838190672-download-4.jpg","2"
"loro piano","walk","blue","46","LOPIWA-BLU-46","2","70.00","https://res.cloudinary.com/dxqypizph/image/upload/v1785838190/products/150/1785838190672-download-4.jpg","2"
"loro piano","walk","creanm","40","LOPIWA-CRE-40","2","70.00","https://res.cloudinary.com/dxqypizph/image/upload/v1785838271/products/150/1785838271091-download-5.jpg","2"
"loro piano","walk","creanm","41","LOPIWA-CRE-41","2","70.00","https://res.cloudinary.com/dxqypizph/image/upload/v1785838271/products/150/1785838271091-download-5.jpg","2"
"loro piano","walk","creanm","42","LOPIWA-CRE-42","1","70.00","https://res.cloudinary.com/dxqypizph/image/upload/v1785838271/products/150/1785838271091-download-5.jpg","2"
"loro piano","walk","creanm","43","LOPIWA-CRE-43","2","70.00","https://res.cloudinary.com/dxqypizph/image/upload/v1785838271/products/150/1785838271091-download-5.jpg","2"
"loro piano","walk","creanm","44","LOPIWA-CRE-44","1","70.00","https://res.cloudinary.com/dxqypizph/image/upload/v1785838271/products/150/1785838271091-download-5.jpg","2"
"loro piano","walk","creanm","45","LOPIWA-CRE-45","1","70.00","https://res.cloudinary.com/dxqypizph/image/upload/v1785838271/products/150/1785838271091-download-5.jpg","2"
"loro piano","walk","creanm","46","LOPIWA-CRE-46","2","70.00","https://res.cloudinary.com/dxqypizph/image/upload/v1785838271/products/150/1785838271091-download-5.jpg","2"
"lubotini","shtikell","black","36","LUSH-BLA-36","1","80.00","https://res.cloudinary.com/dxqypizph/image/upload/v1785707213/products/146/1785707213220-images.jpg","2"
"lubotini","shtikell","black","37","LUSH-BLA-37","3","80.00","https://res.cloudinary.com/dxqypizph/image/upload/v1785707213/products/146/1785707213220-images.jpg","2"
"lubotini","shtikell","black","39","LUSH-BLA-39","1","80.00","https://res.cloudinary.com/dxqypizph/image/upload/v1785707213/products/146/1785707213220-images.jpg","2"
"lubotini","shtikell","black","40","LUSH-BLA-40","3","80.00","https://res.cloudinary.com/dxqypizph/image/upload/v1785707213/products/146/1785707213220-images.jpg","2"
"lubotini","shtikell","black","41","LUSH-BLA-41","3","80.00","https://res.cloudinary.com/dxqypizph/image/upload/v1785707213/products/146/1785707213220-images.jpg","2"
"luis viton","Sandale me rryp","BLUE","36","LUVILU-BLU-36","3","50.00","https://res.cloudinary.com/dxqypizph/image/upload/v1775340487/products/117/1775340486489-louis-vuitton-lv-sunset-flat-comfort-sandal-ar6s4adn20_pm2_front-view.webp","2"
"luis viton","Sandale me rryp","BLUE","37","LUVILU-BLU-37","2","50.00","https://res.cloudinary.com/dxqypizph/image/upload/v1775340487/products/117/1775340486489-louis-vuitton-lv-sunset-flat-comfort-sandal-ar6s4adn20_pm2_front-view.webp","2"
"luis viton","Sandale me rryp","BLUE","38","LUVILU-BLU-38","3","50.00","https://res.cloudinary.com/dxqypizph/image/upload/v1775340487/products/117/1775340486489-louis-vuitton-lv-sunset-flat-comfort-sandal-ar6s4adn20_pm2_front-view.webp","2"
"luis viton","Sandale me rryp","BLUE","39","LUVILU-BLU-39","2","50.00","https://res.cloudinary.com/dxqypizph/image/upload/v1775340487/products/117/1775340486489-louis-vuitton-lv-sunset-flat-comfort-sandal-ar6s4adn20_pm2_front-view.webp","2"
"luis viton","Sandale me rryp","BLUE","40","LUVILU-BLU-40","2","50.00","https://res.cloudinary.com/dxqypizph/image/upload/v1775340487/products/117/1775340486489-louis-vuitton-lv-sunset-flat-comfort-sandal-ar6s4adn20_pm2_front-view.webp","2"
"luis viton","Sandale me rryp","BROWN","36","LUVILU-BRO-36","1","50.00","https://res.cloudinary.com/dxqypizph/image/upload/v1775340374/products/117/1775340373416-633526224_122123825025027433_1933078231086828883_n.jpg","2"
"luis viton","Sandale me rryp","BROWN","37","LUVILU-BRO-37","4","50.00","https://res.cloudinary.com/dxqypizph/image/upload/v1775340374/products/117/1775340373416-633526224_122123825025027433_1933078231086828883_n.jpg","2"
"luis viton","Sandale me rryp","BROWN","38","LUVILU-BRO-38","2","50.00","https://res.cloudinary.com/dxqypizph/image/upload/v1775340374/products/117/1775340373416-633526224_122123825025027433_1933078231086828883_n.jpg","2"
"luis viton","Sandale me rryp","BROWN","39","LUVILU-BRO-39","2","50.00","https://res.cloudinary.com/dxqypizph/image/upload/v1775340374/products/117/1775340373416-633526224_122123825025027433_1933078231086828883_n.jpg","2"
"luis viton","Sandale me rryp","CROME","36","LUVISA-CRO-36","1","70.00","https://res.cloudinary.com/dxqypizph/image/upload/v1775487381/products/117/1775487381561-download-29.jpg","2"
"luis viton","Sandale me rryp","CROME","37","LUVISA-CRO-37","2","70.00","https://res.cloudinary.com/dxqypizph/image/upload/v1775487381/products/117/1775487381561-download-29.jpg","2"
"luis viton","Sandale me rryp","CROME","38","LUVISA-CRO-38","1","70.00","https://res.cloudinary.com/dxqypizph/image/upload/v1775487381/products/117/1775487381561-download-29.jpg","2"
"luis viton","Sandale me rryp","CROME","39","LUVISA-CRO-39","2","70.00","https://res.cloudinary.com/dxqypizph/image/upload/v1775487381/products/117/1775487381561-download-29.jpg","2"
"luis viton","Sandale me rryp","CROME","40","LUVISA-CRO-40","1","70.00","https://res.cloudinary.com/dxqypizph/image/upload/v1775487381/products/117/1775487381561-download-29.jpg","2"
"luis viton","Sandale me rryp","WHITE","36","LUVILU-WHI-36","2","50.00","https://res.cloudinary.com/dxqypizph/image/upload/v1775340023/products/117/1775340022966-s-l1200.jpg","2"
"luis viton","Sandale me rryp","WHITE","37","LUVILU-WHI-37","1","50.00","https://res.cloudinary.com/dxqypizph/image/upload/v1775340023/products/117/1775340022966-s-l1200.jpg","2"
"luis viton","Sandale me rryp","WHITE","38","LUVILU-WHI-38","3","50.00","https://res.cloudinary.com/dxqypizph/image/upload/v1775340023/products/117/1775340022966-s-l1200.jpg","2"
"luis viton","Sandale me rryp","WHITE","39","LUVILU-WHI-39","1","50.00","https://res.cloudinary.com/dxqypizph/image/upload/v1775340023/products/117/1775340022966-s-l1200.jpg","2"
"luis viton","Sandale me rryp","WHITE","40","LUVILU-WHI-40","2","50.00","https://res.cloudinary.com/dxqypizph/image/upload/v1775340023/products/117/1775340022966-s-l1200.jpg","2"
"luis viton","Sandale me rryp","all white","36","LUVISA-ALWH-36","2","70.00","https://res.cloudinary.com/dxqypizph/image/upload/v1775677017/products/117/1775677016799-lv00.jpg","2"
"luis viton","Sandale me rryp","all white","37","LUVISA-ALWH-37","1","70.00","https://res.cloudinary.com/dxqypizph/image/upload/v1775677017/products/117/1775677016799-lv00.jpg","2"
"luis viton","Sandale me rryp","all white","40","LUVISA-ALWH-40","2","70.00","https://res.cloudinary.com/dxqypizph/image/upload/v1775677017/products/117/1775677016799-lv00.jpg","2"
"luis viton","Sandale me rryp","black with metalik","36","LUVISA-BLWI-36","3","60.00","https://res.cloudinary.com/dxqypizph/image/upload/v1775600433/products/117/1775600432886-kk.jpg","2"
"luis viton","Sandale me rryp","black with metalik","37","LUVISA-BLWI-37","2","60.00","https://res.cloudinary.com/dxqypizph/image/upload/v1775600433/products/117/1775600432886-kk.jpg","2"
"luis viton","Sandale me rryp","black with metalik","38","LUVISA-BLWI-38","1","60.00","https://res.cloudinary.com/dxqypizph/image/upload/v1775600433/products/117/1775600432886-kk.jpg","2"
"luis viton","Sandale me rryp","black with metalik","39","LUVISA-BLWI-39","2","60.00","https://res.cloudinary.com/dxqypizph/image/upload/v1775600433/products/117/1775600432886-kk.jpg","2"
"luis viton","Sandale me rryp","blu","36","LUVISA-BLU-36","2","70.00","https://res.cloudinary.com/dxqypizph/image/upload/v1777585681/products/117/1777585681290-9.jpg","2"
"luis viton","Sandale me rryp","blu","37","LUVISA-BLU-37","2","70.00","https://res.cloudinary.com/dxqypizph/image/upload/v1777585681/products/117/1777585681290-9.jpg","2"
"luis viton","Sandale me rryp","blu","38","LUVISA-BLU-38","2","70.00","https://res.cloudinary.com/dxqypizph/image/upload/v1777585681/products/117/1777585681290-9.jpg","2"
"luis viton","Sandale me rryp","blu","39","LUVISA-BLU-39","1","70.00","https://res.cloudinary.com/dxqypizph/image/upload/v1777585681/products/117/1777585681290-9.jpg","2"
"luis viton","Sandale me rryp","blu","40","LUVISA-BLU-40","1","70.00","https://res.cloudinary.com/dxqypizph/image/upload/v1777585681/products/117/1777585681290-9.jpg","2"
"luis viton","Sandale me rryp","brown full","36","LUVISA-BRFU-36","3","50.00","https://res.cloudinary.com/dxqypizph/image/upload/v1775598631/products/117/1775598630826-lvv.jpg","2"
"luis viton","Sandale me rryp","brown full","37","LUVISA-BRFU-37","1","50.00","https://res.cloudinary.com/dxqypizph/image/upload/v1775598631/products/117/1775598630826-lvv.jpg","2"
"luis viton","Sandale me rryp","brown full","38","LUVISA-BRFU-38","1","50.00","https://res.cloudinary.com/dxqypizph/image/upload/v1775598631/products/117/1775598630826-lvv.jpg","2"
"luis viton","Sandale me rryp","brown full","39","LUVISA-BRFU-39","1","50.00","https://res.cloudinary.com/dxqypizph/image/upload/v1775598631/products/117/1775598630826-lvv.jpg","2"
"luis viton","Sandale me rryp","brown full","40","LUVISA-BRFU-40","3","50.00","https://res.cloudinary.com/dxqypizph/image/upload/v1775598631/products/117/1775598630826-lvv.jpg","2"
"luis viton","Sandale me rryp","browni","36","LUVISA-BRO-36","1","70.00","https://res.cloudinary.com/dxqypizph/image/upload/v1777584875/products/117/1777584875338-67.jpg","2"
"luis viton","Sandale me rryp","browni","37","LUVISA-BRO-37","1","70.00","https://res.cloudinary.com/dxqypizph/image/upload/v1777584875/products/117/1777584875338-67.jpg","2"
"luis viton","Sandale me rryp","browni","38","LUVISA-BRO-38","1","70.00","https://res.cloudinary.com/dxqypizph/image/upload/v1777584875/products/117/1777584875338-67.jpg","2"
"luis viton","Sandale me rryp","browni","39","LUVISA-BRO-39","1","70.00","https://res.cloudinary.com/dxqypizph/image/upload/v1777584875/products/117/1777584875338-67.jpg","2"
"luis viton","Sandale me rryp","browni","40","LUVISA-BRO-40","1","70.00","https://res.cloudinary.com/dxqypizph/image/upload/v1777584875/products/117/1777584875338-67.jpg","2"
"luis viton","Sandale me rryp","brwn","36","LUVISA-BRW-36","1","70.00","https://res.cloudinary.com/dxqypizph/image/upload/v1777585444/products/117/1777585443671-six-svn.jpg","2"
"luis viton","Sandale me rryp","brwn","37","LUVISA-BRW-37","2","70.00","https://res.cloudinary.com/dxqypizph/image/upload/v1777585444/products/117/1777585443671-six-svn.jpg","2"
"luis viton","Sandale me rryp","brwn","38","LUVISA-BRW-38","2","70.00","https://res.cloudinary.com/dxqypizph/image/upload/v1777585444/products/117/1777585443671-six-svn.jpg","2"
"luis viton","Sandale me rryp","brwn","39","LUVISA-BRW-39","2","70.00","https://res.cloudinary.com/dxqypizph/image/upload/v1777585444/products/117/1777585443671-six-svn.jpg","2"
"luis viton","Sandale me rryp","brwn","40","LUVISA-BRW-40","1","70.00","https://res.cloudinary.com/dxqypizph/image/upload/v1777585444/products/117/1777585443671-six-svn.jpg","2"
"luis viton","Sandale me rryp","crem","36","LUVISA-CRE-36","1","55.00","https://res.cloudinary.com/dxqypizph/image/upload/v1775598905/products/117/1775598905351-l.jpg","2"
"luis viton","Sandale me rryp","crem","37","LUVISA-CRE-37","1","55.00","https://res.cloudinary.com/dxqypizph/image/upload/v1775598905/products/117/1775598905351-l.jpg","2"
"luis viton","Sandale me rryp","crem","39","LUVISA-CRE-39","2","55.00","https://res.cloudinary.com/dxqypizph/image/upload/v1775598905/products/117/1775598905351-l.jpg","2"
"luis viton","Sandale me rryp","crem","40","LUVISA-CRE-40","1","55.00","https://res.cloudinary.com/dxqypizph/image/upload/v1775598905/products/117/1775598905351-l.jpg","2"
"luis viton","Sandale me rryp","dark blue","36","LUVISA-DABL-36","1","70.00","https://res.cloudinary.com/dxqypizph/image/upload/v1775489450/products/117/1775489449811-en.jpg","2"
"luis viton","Sandale me rryp","dark blue","37","LUVISA-DABL-37","2","70.00","https://res.cloudinary.com/dxqypizph/image/upload/v1775489450/products/117/1775489449811-en.jpg","2"
"luis viton","Sandale me rryp","dark blue","38","LUVISA-DABL-38","2","70.00","https://res.cloudinary.com/dxqypizph/image/upload/v1775489450/products/117/1775489449811-en.jpg","2"
"luis viton","Sandale me rryp","dark blue","39","LUVISA-DABL-39","2","70.00","https://res.cloudinary.com/dxqypizph/image/upload/v1775489450/products/117/1775489449811-en.jpg","2"
"luis viton","Sandale me rryp","dark blue","40","LUVISA-DABL-40","2","70.00","https://res.cloudinary.com/dxqypizph/image/upload/v1775489450/products/117/1775489449811-en.jpg","2"
"luis viton","Sandale me rryp","krem","36","LUVISA-KRE-36","2","70.00","https://res.cloudinary.com/dxqypizph/image/upload/v1775488694/products/117/1775488694581-download-31.jpg","2"
"luis viton","Sandale me rryp","krem","37","LUVISA-KRE-37","2","70.00","https://res.cloudinary.com/dxqypizph/image/upload/v1775488694/products/117/1775488694581-download-31.jpg","2"
"luis viton","Sandale me rryp","krem","38","LUVISA-KRE-38","1","70.00","https://res.cloudinary.com/dxqypizph/image/upload/v1775488694/products/117/1775488694581-download-31.jpg","2"
"luis viton","Sandale me rryp","krem","39","LUVISA-KRE-39","1","70.00","https://res.cloudinary.com/dxqypizph/image/upload/v1775488694/products/117/1775488694581-download-31.jpg","2"
"luis viton","Sandale me rryp","krem","40","LUVISA-KRE-40","1","70.00","https://res.cloudinary.com/dxqypizph/image/upload/v1775488694/products/117/1775488694581-download-31.jpg","2"
"miu miu","miu miu sendeles","black black","36","MIMIMI-BLBL-36","1","70.00","https://res.cloudinary.com/dxqypizph/image/upload/v1775494773/products/135/1775494772659-73.webp","2"
"miu miu","miu miu sendeles","black black","38","MIMIMI-BLBL-38","1","70.00","https://res.cloudinary.com/dxqypizph/image/upload/v1775494773/products/135/1775494772659-73.webp","2"
"miu miu","miu miu sendeles","brown cream","37","MIMIMI-BRCR-37","2","70.00","https://res.cloudinary.com/dxqypizph/image/upload/v1775494588/products/135/1775494587894-ima.jpg","2"
"miu miu","miu miu sendeles","brown cream","38","MIMIMI-BRCR-38","2","70.00","https://res.cloudinary.com/dxqypizph/image/upload/v1775494588/products/135/1775494587894-ima.jpg","2"
"miu miu","miu miu sendeles","brown cream","39","MIMIMI-BRCR-39","1","70.00","https://res.cloudinary.com/dxqypizph/image/upload/v1775494588/products/135/1775494587894-ima.jpg","2"
"miu miu","miu miu sendeles","pink pink","36","MIMIMI-PIPI-36","2","70.00","https://res.cloudinary.com/dxqypizph/image/upload/v1775494932/products/135/1775494932044-barqa.webp","2"
"miu miu","miu miu sendeles","pink pink","37","MIMIMI-PIPI-37","1","70.00","https://res.cloudinary.com/dxqypizph/image/upload/v1775494932/products/135/1775494932044-barqa.webp","2"
"miu miu","miu miu sendeles","pink pink","38","MIMIMI-PIPI-38","1","70.00","https://res.cloudinary.com/dxqypizph/image/upload/v1775494932/products/135/1775494932044-barqa.webp","2"
"miu miu","miu miu sendeles","pink pink","39","MIMIMI-PIPI-39","2","70.00","https://res.cloudinary.com/dxqypizph/image/upload/v1775494932/products/135/1775494932044-barqa.webp","2"
"miu miu","miu miu sendeles","pink pink","40","MIMIMI-PIPI-40","2","70.00","https://res.cloudinary.com/dxqypizph/image/upload/v1775494932/products/135/1775494932044-barqa.webp","2"
"miu miu","miu miu sendeles","white brown","36","MIMIMI-WHBR-36","1","70.00","https://res.cloudinary.com/dxqypizph/image/upload/v1775597890/products/135/1775597890279-miu.jpg","2"
"miu miu","miu miu sendeles","white brown","37","MIMIMI-WHBR-37","2","70.00","https://res.cloudinary.com/dxqypizph/image/upload/v1775597890/products/135/1775597890279-miu.jpg","2"
"miu miu","miu miu sendeles","white brown","38","MIMIMI-WHBR-38","1","70.00","https://res.cloudinary.com/dxqypizph/image/upload/v1775597890/products/135/1775597890279-miu.jpg","2"
"miu miu","miu miu sendeles","white brown","39","MIMIMI-WHBR-39","1","70.00","https://res.cloudinary.com/dxqypizph/image/upload/v1775597890/products/135/1775597890279-miu.jpg","2"
"miu miu","miu miu sendeles","white brown","40","MIMIMI-WHBR-40","1","70.00","https://res.cloudinary.com/dxqypizph/image/upload/v1775597890/products/135/1775597890279-miu.jpg","2"
"miu miu","miu miu sendeles","white white","37","MIMIMI-WHWH-37","1","70.00","https://res.cloudinary.com/dxqypizph/image/upload/v1775494685/products/135/1775494685464-im.jpg","2"
"miu miu","miu miu sendeles","white white","38","MIMIMI-WHWH-38","1","70.00","https://res.cloudinary.com/dxqypizph/image/upload/v1775494685/products/135/1775494685464-im.jpg","2"
"miu miu","miu miu sendeles","white white","39","MIMIMI-WHWH-39","1","70.00","https://res.cloudinary.com/dxqypizph/image/upload/v1775494685/products/135/1775494685464-im.jpg","2"
"moschino sandale","moschino sandale","black","37","MOSAMO-BLA-37","2","50.00","https://res.cloudinary.com/dxqypizph/image/upload/v1775343419/products/119/1775343418126-646766493_122126140833027433_3353523693785330886_n-1.jpg","2"
"moschino sandale","moschino sandale","black","38","MOSAMO-BLA-38","2","50.00","https://res.cloudinary.com/dxqypizph/image/upload/v1775343419/products/119/1775343418126-646766493_122126140833027433_3353523693785330886_n-1.jpg","2"
"moschino sandale","moschino sandale","black","39","MOSAMO-BLA-39","2","50.00","https://res.cloudinary.com/dxqypizph/image/upload/v1775343419/products/119/1775343418126-646766493_122126140833027433_3353523693785330886_n-1.jpg","2"
"moschino sandale","moschino sandale","black","40","MOSAMO-BLA-40","1","50.00","https://res.cloudinary.com/dxqypizph/image/upload/v1775343419/products/119/1775343418126-646766493_122126140833027433_3353523693785330886_n-1.jpg","2"
"new balance","black","e kaft","36","NEBABL-EKA-36","2","55.00","https://res.cloudinary.com/dxqypizph/image/upload/v1777237466/products/45/1777237466325-erdit.jpg","2"
"new balance","black","e kaft","37","NEBABL-EKA-37","2","55.00","https://res.cloudinary.com/dxqypizph/image/upload/v1777237466/products/45/1777237466325-erdit.jpg","2"
"new balance","black","e kaft","38","NEBABL-EKA-38","1","55.00","https://res.cloudinary.com/dxqypizph/image/upload/v1777237466/products/45/1777237466325-erdit.jpg","2"
"new balance","black","e kaft","40","NEBABL-EKA-40","1","55.00","https://res.cloudinary.com/dxqypizph/image/upload/v1777237466/products/45/1777237466325-erdit.jpg","2"
"new balance","black","e zeze","41","NEBABL-EZE-41","1","55.00","https://res.cloudinary.com/dxqypizph/image/upload/v1777237039/products/45/1777237038709-641282717_122124937395027433_2855866482549883616_n.jpg","2"
"new balance","black","e zeze","43","NEBABL-EZE-43","1","55.00","https://res.cloudinary.com/dxqypizph/image/upload/v1777237039/products/45/1777237038709-641282717_122124937395027433_2855866482549883616_n.jpg","2"
"new balance","black","e zeze","44","NEBABL-EZE-44","1","55.00","https://res.cloudinary.com/dxqypizph/image/upload/v1777237039/products/45/1777237038709-641282717_122124937395027433_2855866482549883616_n.jpg","2"
"new balance","black","e zeze","45","NEBABL-EZE-45","2","55.00","https://res.cloudinary.com/dxqypizph/image/upload/v1777237039/products/45/1777237038709-641282717_122124937395027433_2855866482549883616_n.jpg","2"
"new balance","black","ezez me te hirit","40","NEBABL-EZME-40","1","55.00","https://res.cloudinary.com/dxqypizph/image/upload/v1777237823/products/45/1777237823230-eraa.jpg","2"
"new balance","black","ezez me te hirit","41","NEBABL-EZME-41","2","55.00","https://res.cloudinary.com/dxqypizph/image/upload/v1777237823/products/45/1777237823230-eraa.jpg","2"
"new balance","black","ezez me te hirit","42","NEBABL-EZME-42","2","55.00","https://res.cloudinary.com/dxqypizph/image/upload/v1777237823/products/45/1777237823230-eraa.jpg","2"
"new balance","black","ezez me te hirit","43","NEBABL-EZME-43","2","55.00","https://res.cloudinary.com/dxqypizph/image/upload/v1777237823/products/45/1777237823230-eraa.jpg","2"
"new balance","black","ezez me te hirit","44","NEBABL-EZME-44","1","55.00","https://res.cloudinary.com/dxqypizph/image/upload/v1777237823/products/45/1777237823230-eraa.jpg","2"
"new balance","black","ezez me te hirit","45","NEBABL-EZME-45","1","55.00","https://res.cloudinary.com/dxqypizph/image/upload/v1777237823/products/45/1777237823230-eraa.jpg","2"
"new balance","black","green","41","NEBABL-GRE-41","2","55.00","https://res.cloudinary.com/dxqypizph/image/upload/v1777237216/products/45/1777237215875-enis.jpg","2"
"new balance","black","green","42","NEBABL-GRE-42","2","55.00","https://res.cloudinary.com/dxqypizph/image/upload/v1777237216/products/45/1777237215875-enis.jpg","2"
"new balance","black","green","43","NEBABL-GRE-43","2","55.00","https://res.cloudinary.com/dxqypizph/image/upload/v1777237216/products/45/1777237215875-enis.jpg","2"
"new balance","black","green","44","NEBABL-GRE-44","1","55.00","https://res.cloudinary.com/dxqypizph/image/upload/v1777237216/products/45/1777237215875-enis.jpg","2"
"new balance","black","green","45","NEBABL-GRE-45","2","55.00","https://res.cloudinary.com/dxqypizph/image/upload/v1777237216/products/45/1777237215875-enis.jpg","2"
"new balance","black","hint me kaleter","40","NEBABL-HIME-40","1","55.00","https://res.cloudinary.com/dxqypizph/image/upload/v1777237691/products/45/1777237690582-tabi.jpg","2"
"new balance","black","hint me kaleter","41","NEBABL-HIME-41","1","55.00","https://res.cloudinary.com/dxqypizph/image/upload/v1777237691/products/45/1777237690582-tabi.jpg","2"
"new balance","black","hint me kaleter","42","NEBABL-HIME-42","2","55.00","https://res.cloudinary.com/dxqypizph/image/upload/v1777237691/products/45/1777237690582-tabi.jpg","2"
"new balance","black","hint me kaleter","43","NEBABL-HIME-43","2","55.00","https://res.cloudinary.com/dxqypizph/image/upload/v1777237691/products/45/1777237690582-tabi.jpg","2"
"new balance","black","hint me kaleter","44","NEBABL-HIME-44","2","55.00","https://res.cloudinary.com/dxqypizph/image/upload/v1777237691/products/45/1777237690582-tabi.jpg","2"
"new balance","black","hint me kaleter","45","NEBABL-HIME-45","2","55.00","https://res.cloudinary.com/dxqypizph/image/upload/v1777237691/products/45/1777237690582-tabi.jpg","2"
"new balance","black","hint me te zez","40","NEBABL-HIME-40-2","1","55.00","https://res.cloudinary.com/dxqypizph/image/upload/v1777237748/products/45/1777237747849-nani.jpg","2"
"new balance","black","hint me te zez","41","NEBABL-HIME-41-2","2","55.00","https://res.cloudinary.com/dxqypizph/image/upload/v1777237748/products/45/1777237747849-nani.jpg","2"
"new balance","black","hint me te zez","42","NEBABL-HIME-42-2","2","55.00","https://res.cloudinary.com/dxqypizph/image/upload/v1777237748/products/45/1777237747849-nani.jpg","2"
"new balance","black","hint me te zez","43","NEBABL-HIME-43-2","2","55.00","https://res.cloudinary.com/dxqypizph/image/upload/v1777237748/products/45/1777237747849-nani.jpg","2"
"new balance","black","hint me te zez","44","NEBABL-HIME-44-2","2","55.00","https://res.cloudinary.com/dxqypizph/image/upload/v1777237748/products/45/1777237747849-nani.jpg","2"
"new balance","black","hint me te zez","45","NEBABL-HIME-45-2","2","55.00","https://res.cloudinary.com/dxqypizph/image/upload/v1777237748/products/45/1777237747849-nani.jpg","2"
"new balance","black","hirit","36","NEBABL-HIR-36","2","55.00","https://res.cloudinary.com/dxqypizph/image/upload/v1777237408/products/45/1777237408311-era.jpg","2"
"new balance","black","hirit","37","NEBABL-HIR-37","2","55.00","https://res.cloudinary.com/dxqypizph/image/upload/v1777237408/products/45/1777237408311-era.jpg","2"
"new balance","black","hirit","38","NEBABL-HIR-38","2","55.00","https://res.cloudinary.com/dxqypizph/image/upload/v1777237408/products/45/1777237408311-era.jpg","2"
"new balance","black","hirit","39","NEBABL-HIR-39","1","55.00","https://res.cloudinary.com/dxqypizph/image/upload/v1777237408/products/45/1777237408311-era.jpg","2"
"new balance","black","hirit","40","NEBABL-HIR-40","1","55.00","https://res.cloudinary.com/dxqypizph/image/upload/v1777237408/products/45/1777237408311-era.jpg","2"
"new balance","black","krem","36","NEBABL-KRE-36","2","55.00","https://res.cloudinary.com/dxqypizph/image/upload/v1777237619/products/45/1777237618399-nan.jpg","2"
"new balance","black","krem","40","NEBABL-KRE-40","2","55.00","https://res.cloudinary.com/dxqypizph/image/upload/v1777237619/products/45/1777237618399-nan.jpg","2"
"off white","off white black/white","black/white","40","OFWHOF-BLA-40","1","53.00","https://res.cloudinary.com/dxqypizph/image/upload/v1775335291/products/105/1775335290693-644507345_122125505919027433_6807278517259361561_n.jpg","2"
"off white","off white black/white","black/white","44","OFWHOF-BLA-44","2","53.00","https://res.cloudinary.com/dxqypizph/image/upload/v1775335291/products/105/1775335290693-644507345_122125505919027433_6807278517259361561_n.jpg","2"
"off white","off white black/white","black/white","45","OFWHOF-BLA-45","1","53.00","https://res.cloudinary.com/dxqypizph/image/upload/v1775335291/products/105/1775335290693-644507345_122125505919027433_6807278517259361561_n.jpg","2"
"off white","off white grey","BLACK  WHITE","42","OFWHOF-BLWH-42","2","80.00","https://res.cloudinary.com/dxqypizph/image/upload/v1775437784/products/78/1775437783658-n2dusuqdxvc7mipb3e0ptol2mrjitbaihttfwfjl.webp","2"
"off white","off white shoes","blue","42","OFWHOF-BLU-42","1","110.00","https://res.cloudinary.com/dxqypizph/image/upload/v1775430655/products/128/1775430654605-634976362_122124273015027433_7672691473990800092_n.jpg","2"
"off white","off white shoes","blue","44","OFWHOF-BLU-44","1","110.00","https://res.cloudinary.com/dxqypizph/image/upload/v1775430655/products/128/1775430654605-634976362_122124273015027433_7672691473990800092_n.jpg","2"
"off white","off white shoes","blue","45","OFWHOF-BLU-45","1","110.00","https://res.cloudinary.com/dxqypizph/image/upload/v1775430655/products/128/1775430654605-634976362_122124273015027433_7672691473990800092_n.jpg","2"
"prada","prada cops","beby blue","41","PRPRCO-BEBL-41","1","120.00","https://res.cloudinary.com/dxqypizph/image/upload/v1775431391/products/129/1775431390527-647080260_122126154039027433_3708636522007278922_n-1.jpg","2"
"prada","prada cops","beby blue","42","PRPRCO-BEBL-42","2","120.00","https://res.cloudinary.com/dxqypizph/image/upload/v1775431391/products/129/1775431390527-647080260_122126154039027433_3708636522007278922_n-1.jpg","2"
"prada","prada cops","beby blue","43","PRPRCO-BEBL-43","2","120.00","https://res.cloudinary.com/dxqypizph/image/upload/v1775431391/products/129/1775431390527-647080260_122126154039027433_3708636522007278922_n-1.jpg","2"
"prada","prada cops","beby blue","45","PRPRCO-BEBL-45","1","120.00","https://res.cloudinary.com/dxqypizph/image/upload/v1775431391/products/129/1775431390527-647080260_122126154039027433_3708636522007278922_n-1.jpg","2"
"prada","prada cops","blak white","40","PRPRCO-BLWH-40","1","120.00","https://res.cloudinary.com/dxqypizph/image/upload/v1775431509/products/129/1775431509472-648875218_122126153283027433_8381737998789851519_n.jpg","2"
"prada","prada cops","blak white","41","PRPRCO-BLWH-41","1","120.00","https://res.cloudinary.com/dxqypizph/image/upload/v1775431509/products/129/1775431509472-648875218_122126153283027433_8381737998789851519_n.jpg","2"
"prada","prada cops","blak white","42","PRPRCO-BLWH-42","3","120.00","https://res.cloudinary.com/dxqypizph/image/upload/v1775431509/products/129/1775431509472-648875218_122126153283027433_8381737998789851519_n.jpg","2"
"prada","prada cops","blak white","43","PRPRCO-BLWH-43","2","120.00","https://res.cloudinary.com/dxqypizph/image/upload/v1775431509/products/129/1775431509472-648875218_122126153283027433_8381737998789851519_n.jpg","2"
"prada","prada cops","blue","41","PRPRCO-BLU-41","1","120.00","https://res.cloudinary.com/dxqypizph/image/upload/v1775431860/products/129/1775431860589-download-17.jpg","2"
"prada","prada cops","blue","42","PRPRCO-BLU-42","1","120.00","https://res.cloudinary.com/dxqypizph/image/upload/v1775431860/products/129/1775431860589-download-17.jpg","2"
"prada","prada cops","blue","43","PRPRCO-BLU-43","1","120.00","https://res.cloudinary.com/dxqypizph/image/upload/v1775431860/products/129/1775431860589-download-17.jpg","2"
"prada","prada cops","blue","44","PRPRCO-BLU-44","1","120.00","https://res.cloudinary.com/dxqypizph/image/upload/v1775431860/products/129/1775431860589-download-17.jpg","2"
"prada","prada cops","cherry white","40","PRPRCO-CHWH-40","1","120.00","https://res.cloudinary.com/dxqypizph/image/upload/v1775431798/products/129/1775431797697-648840272_122126154315027433_1080133660076128069_n.jpg","2"
"prada","prada cops","cherry white","41","PRPRCO-CHWH-41","1","120.00","https://res.cloudinary.com/dxqypizph/image/upload/v1775431798/products/129/1775431797697-648840272_122126154315027433_1080133660076128069_n.jpg","2"
"prada","prada cops","cherry white","42","PRPRCO-CHWH-42","1","120.00","https://res.cloudinary.com/dxqypizph/image/upload/v1775431798/products/129/1775431797697-648840272_122126154315027433_1080133660076128069_n.jpg","2"
"prada","prada cops","cherry white","43","PRPRCO-CHWH-43","2","120.00","https://res.cloudinary.com/dxqypizph/image/upload/v1775431798/products/129/1775431797697-648840272_122126154315027433_1080133660076128069_n.jpg","2"
"prada","prada cops","cherry white","44","PRPRCO-CHWH-44","2","120.00","https://res.cloudinary.com/dxqypizph/image/upload/v1775431798/products/129/1775431797697-648840272_122126154315027433_1080133660076128069_n.jpg","2"
"prada","prada cops","gray","41","PRPRCO-GRA-41","1","120.00","https://res.cloudinary.com/dxqypizph/image/upload/v1776711938/products/129/1776711937776-erdd.avif","2"
"prada","prada cops","gray","43","PRPRCO-GRA-43","2","120.00","https://res.cloudinary.com/dxqypizph/image/upload/v1776711938/products/129/1776711937776-erdd.avif","2"
"prada","prada cops","green","40","PRPRCO-GRE-40","1","120.00","https://res.cloudinary.com/dxqypizph/image/upload/v1775431895/products/129/1775431894823-download-19.jpg","2"
"prada","prada cops","green","41","PRPRCO-GRE-41","1","120.00","https://res.cloudinary.com/dxqypizph/image/upload/v1775431895/products/129/1775431894823-download-19.jpg","2"
"prada","prada cops","green","42","PRPRCO-GRE-42","1","120.00","https://res.cloudinary.com/dxqypizph/image/upload/v1775431895/products/129/1775431894823-download-19.jpg","2"
"prada","prada cops","green","43","PRPRCO-GRE-43","1","120.00","https://res.cloudinary.com/dxqypizph/image/upload/v1775431895/products/129/1775431894823-download-19.jpg","2"
"prada","prada cops","green","45","PRPRCO-GRE-45","1","120.00","https://res.cloudinary.com/dxqypizph/image/upload/v1775431895/products/129/1775431894823-download-19.jpg","2"
"prada","prada cops","zez","42","PRPRCO-ZEZ-42","2","120.00","https://res.cloudinary.com/dxqypizph/image/upload/v1776712288/products/129/1776712287759-download-20.jpg","2"
"prada","prada cops","zez","43","PRPRCO-ZEZ-43","2","120.00","https://res.cloudinary.com/dxqypizph/image/upload/v1776712288/products/129/1776712287759-download-20.jpg","2"
"prada","prada panda","black","40","PRPRPA-BLA-40","1","110.00","https://res.cloudinary.com/dxqypizph/image/upload/v1775430449/products/127/1775430448746-634866482_122124269919027433_6234232617337344904_n.jpg","2"
"prada","prada panda","black","41","PRPRPA-BLA-41","1","110.00","https://res.cloudinary.com/dxqypizph/image/upload/v1775430449/products/127/1775430448746-634866482_122124269919027433_6234232617337344904_n.jpg","2"
"prada","prada panda","black","42","PRPRPA-BLA-42","1","110.00","https://res.cloudinary.com/dxqypizph/image/upload/v1775430449/products/127/1775430448746-634866482_122124269919027433_6234232617337344904_n.jpg","2"
"prada","prada panda","black","43","PRPRPA-BLA-43","2","110.00","https://res.cloudinary.com/dxqypizph/image/upload/v1775430449/products/127/1775430448746-634866482_122124269919027433_6234232617337344904_n.jpg","2"
"prada","prada panda","black","44","PRPRPA-BLA-44","1","110.00","https://res.cloudinary.com/dxqypizph/image/upload/v1775430449/products/127/1775430448746-634866482_122124269919027433_6234232617337344904_n.jpg","2"
"prada","prada panda","black white","41","PRPRPA-BLWH-41","1","110.00","https://res.cloudinary.com/dxqypizph/image/upload/v1775430391/products/127/1775430390449-634991953_122124280593027433_8898641043568358050_n.jpg","2"
"prada","prada panda","black white","42","PRPRPA-BLWH-42","1","110.00","https://res.cloudinary.com/dxqypizph/image/upload/v1775430391/products/127/1775430390449-634991953_122124280593027433_8898641043568358050_n.jpg","2"
"prada","prada panda","white","40","PRPRPA-WHI-40","2","110.00","https://res.cloudinary.com/dxqypizph/image/upload/v1775430544/products/127/1775430543646-537632d8-cc02-494f-9b2f-791394250fec.webp","2"
"prada","prada panda","white","41","PRPRPA-WHI-41","1","110.00","https://res.cloudinary.com/dxqypizph/image/upload/v1775430544/products/127/1775430543646-537632d8-cc02-494f-9b2f-791394250fec.webp","2"
"prada","prada panda","white","42","PRPRPA-WHI-42","2","110.00","https://res.cloudinary.com/dxqypizph/image/upload/v1775430544/products/127/1775430543646-537632d8-cc02-494f-9b2f-791394250fec.webp","2"
"prada","prada panda","white","43","PRPRPA-WHI-43","2","110.00","https://res.cloudinary.com/dxqypizph/image/upload/v1775430544/products/127/1775430543646-537632d8-cc02-494f-9b2f-791394250fec.webp","2"
"prada","prada panda","white","44","PRPRPA-WHI-44","2","110.00","https://res.cloudinary.com/dxqypizph/image/upload/v1775430544/products/127/1775430543646-537632d8-cc02-494f-9b2f-791394250fec.webp","2"
"prada","prada panda","white","45","PRPRPA-WHI-45","1","110.00","https://res.cloudinary.com/dxqypizph/image/upload/v1775430544/products/127/1775430543646-537632d8-cc02-494f-9b2f-791394250fec.webp","2"